# Blender 4.3.2
# www.blender.org
mtllib three_in_origin.mtl
o Icosphere
v -0.000000 -1.000000 0.000000
v -0.723608 -0.447220 -0.525725
v 0.276387 -0.447220 -0.850649
v 0.894426 -0.447216 0.000000
v 0.276387 -0.447220 0.850649
v -0.723608 -0.447220 0.525725
v -0.276388 0.447220 -0.850649
v 0.723607 0.447220 -0.525725
v 0.723607 0.447220 0.525725
v -0.276388 0.447220 0.850649
v -0.894426 0.447216 0.000000
v -0.000000 1.000000 0.000000
v 0.162456 -0.850654 -0.499995
v -0.425323 -0.850654 -0.309011
v -0.262869 -0.525738 -0.809012
v -0.850648 -0.525736 0.000000
v -0.425323 -0.850654 0.309011
v 0.525730 -0.850652 0.000000
v 0.688189 -0.525736 -0.499997
v 0.162456 -0.850654 0.499995
v 0.688189 -0.525736 0.499997
v -0.262869 -0.525738 0.809012
v -0.951058 0.000000 -0.309013
v -0.951058 0.000000 0.309013
v -0.000000 0.000000 -1.000000
v -0.587786 0.000000 -0.809017
v 0.951057 0.000000 -0.309013
v 0.587786 0.000000 -0.809017
v 0.587786 0.000000 0.809017
v 0.951057 0.000000 0.309013
v -0.587786 0.000000 0.809017
v -0.000000 0.000000 1.000000
v -0.688189 0.525736 -0.499997
v 0.262868 0.525738 -0.809012
v 0.850647 0.525736 0.000000
v 0.262868 0.525738 0.809012
v -0.688189 0.525736 0.499997
v -0.162456 0.850654 -0.499995
v -0.525732 0.850652 0.000000
v 0.425323 0.850654 -0.309011
v 0.425323 0.850654 0.309011
v -0.162456 0.850654 0.499995
vn -0.1024 -0.9435 -0.3151
vn -0.7002 -0.6617 -0.2680
vn 0.2680 -0.9435 -0.1947
vn 0.2680 -0.9435 0.1947
vn -0.1024 -0.9435 0.3151
vn -0.9050 -0.3304 -0.2680
vn -0.0247 -0.3304 -0.9435
vn 0.8897 -0.3304 -0.3151
vn 0.5746 -0.3304 0.7488
vn -0.5346 -0.3304 0.7779
vn -0.8026 -0.1256 -0.5831
vn 0.3066 -0.1256 -0.9435
vn 0.9921 -0.1256 -0.0000
vn 0.3066 -0.1256 0.9435
vn -0.8026 -0.1256 0.5831
vn -0.4089 0.6617 -0.6284
vn 0.4713 0.6617 -0.5831
vn 0.7002 0.6617 0.2680
vn -0.0385 0.6617 0.7488
vn -0.7240 0.6617 0.1947
vn -0.2680 0.9435 0.1947
vn -0.4911 0.7947 0.3568
vn -0.4089 0.6617 0.6284
vn 0.1024 0.9435 0.3151
vn 0.1876 0.7947 0.5773
vn 0.4713 0.6617 0.5831
vn 0.3313 0.9435 -0.0000
vn 0.6071 0.7947 -0.0000
vn 0.7002 0.6617 -0.2680
vn 0.1024 0.9435 -0.3151
vn 0.1876 0.7947 -0.5773
vn -0.0385 0.6617 -0.7488
vn -0.2680 0.9435 -0.1947
vn -0.4911 0.7947 -0.3568
vn -0.7240 0.6617 -0.1947
vn -0.8897 0.3304 0.3151
vn -0.7947 0.1876 0.5773
vn -0.5746 0.3304 0.7488
vn 0.0247 0.3304 0.9435
vn 0.3035 0.1876 0.9342
vn 0.5346 0.3304 0.7779
vn 0.9050 0.3304 0.2680
vn 0.9822 0.1876 -0.0000
vn 0.9050 0.3304 -0.2680
vn 0.5346 0.3304 -0.7779
vn 0.3035 0.1876 -0.9342
vn 0.0247 0.3304 -0.9435
vn -0.5746 0.3304 -0.7488
vn -0.7947 0.1876 -0.5773
vn -0.8897 0.3304 -0.3151
vn -0.3066 0.1256 0.9435
vn -0.3035 -0.1876 0.9342
vn -0.0247 -0.3304 0.9435
vn 0.8026 0.1256 0.5831
vn 0.7947 -0.1876 0.5773
vn 0.8897 -0.3304 0.3151
vn 0.8026 0.1256 -0.5831
vn 0.7947 -0.1876 -0.5773
vn 0.5746 -0.3304 -0.7488
vn -0.3066 0.1256 -0.9435
vn -0.3035 -0.1876 -0.9342
vn -0.5346 -0.3304 -0.7779
vn -0.9921 0.1256 -0.0000
vn -0.9822 -0.1876 -0.0000
vn -0.9050 -0.3304 0.2680
vn -0.4713 -0.6617 0.5831
vn -0.1876 -0.7947 0.5773
vn 0.0385 -0.6617 0.7488
vn 0.4089 -0.6617 0.6284
vn 0.4911 -0.7947 0.3568
vn 0.7240 -0.6617 0.1947
vn 0.7240 -0.6617 -0.1947
vn 0.4911 -0.7947 -0.3568
vn 0.4089 -0.6617 -0.6284
vn -0.7002 -0.6617 0.2680
vn -0.6071 -0.7947 -0.0000
vn -0.3313 -0.9435 -0.0000
vn 0.0385 -0.6617 -0.7488
vn -0.1876 -0.7947 -0.5773
vn -0.4713 -0.6617 -0.5831
vt 0.181819 0.000000
vt 0.227273 0.078731
vt 0.136365 0.078731
vt 0.272728 0.157461
vt 0.318182 0.078731
vt 0.363637 0.157461
vt 0.909091 0.000000
vt 0.954545 0.078731
vt 0.863636 0.078731
vt 0.727273 0.000000
vt 0.772727 0.078731
vt 0.681818 0.078731
vt 0.545455 0.000000
vt 0.590909 0.078731
vt 0.500000 0.078731
vt 0.318182 0.236191
vt 0.090910 0.157461
vt 0.181819 0.157461
vt 0.136365 0.236191
vt 0.818182 0.157461
vt 0.909091 0.157461
vt 0.863636 0.236191
vt 0.636364 0.157461
vt 0.727273 0.157461
vt 0.681818 0.236191
vt 0.454546 0.157461
vt 0.545455 0.157461
vt 0.500000 0.236191
vt 0.227273 0.236191
vt 0.045455 0.236191
vt 0.772727 0.236191
vt 0.590909 0.236191
vt 0.409092 0.236191
vt 0.181819 0.314921
vt 0.272728 0.314921
vt 0.227273 0.393651
vt 0.000000 0.314921
vt 0.090910 0.314921
vt 0.045455 0.393651
vt 0.727273 0.314921
vt 0.818182 0.314921
vt 0.772727 0.393651
vt 0.545455 0.314921
vt 0.636364 0.314921
vt 0.590909 0.393651
vt 0.363637 0.314921
vt 0.454546 0.314921
vt 0.409092 0.393651
vt 0.500000 0.393651
vt 0.454546 0.472382
vt 0.681818 0.393651
vt 0.636364 0.472382
vt 0.863636 0.393651
vt 0.818182 0.472382
vt 0.909091 0.314921
vt 0.136365 0.393651
vt 0.090910 0.472382
vt 0.318182 0.393651
vt 0.272728 0.472382
vt 0.954545 0.236191
vt 1.000000 0.157461
vt 0.409092 0.078731
vt 0.363637 0.000000
s 1
usemtl sphere
f 1/1/1 14/2/1 13/3/1
f 2/4/2 14/5/2 16/6/2
f 1/7/3 13/8/3 18/9/3
f 1/10/4 18/11/4 20/12/4
f 1/13/5 20/14/5 17/15/5
f 2/4/6 16/6/6 23/16/6
f 3/17/7 15/18/7 25/19/7
f 4/20/8 19/21/8 27/22/8
f 5/23/9 21/24/9 29/25/9
f 6/26/10 22/27/10 31/28/10
f 2/4/11 23/16/11 26/29/11
f 3/17/12 25/19/12 28/30/12
f 4/20/13 27/22/13 30/31/13
f 5/23/14 29/25/14 32/32/14
f 6/26/15 31/28/15 24/33/15
f 7/34/16 33/35/16 38/36/16
f 8/37/17 34/38/17 40/39/17
f 9/40/18 35/41/18 41/42/18
f 10/43/19 36/44/19 42/45/19
f 11/46/20 37/47/20 39/48/20
f 39/48/21 42/49/21 12/50/21
f 39/48/22 37/47/22 42/49/22
f 37/47/23 10/43/23 42/49/23
f 42/45/24 41/51/24 12/52/24
f 42/45/25 36/44/25 41/51/25
f 36/44/26 9/40/26 41/51/26
f 41/42/27 40/53/27 12/54/27
f 41/42/28 35/41/28 40/53/28
f 35/41/29 8/55/29 40/53/29
f 40/39/30 38/56/30 12/57/30
f 40/39/31 34/38/31 38/56/31
f 34/38/32 7/34/32 38/56/32
f 38/36/33 39/58/33 12/59/33
f 38/36/34 33/35/34 39/58/34
f 33/35/35 11/46/35 39/58/35
f 24/33/36 37/47/36 11/46/36
f 24/33/37 31/28/37 37/47/37
f 31/28/38 10/43/38 37/47/38
f 32/32/39 36/44/39 10/43/39
f 32/32/40 29/25/40 36/44/40
f 29/25/41 9/40/41 36/44/41
f 30/31/42 35/41/42 9/40/42
f 30/31/43 27/22/43 35/41/43
f 27/22/44 8/55/44 35/41/44
f 28/30/45 34/38/45 8/37/45
f 28/30/46 25/19/46 34/38/46
f 25/19/47 7/34/47 34/38/47
f 26/29/48 33/35/48 7/34/48
f 26/29/49 23/16/49 33/35/49
f 23/16/50 11/46/50 33/35/50
f 31/28/51 32/32/51 10/43/51
f 31/28/52 22/27/52 32/32/52
f 22/27/53 5/23/53 32/32/53
f 29/25/54 30/31/54 9/40/54
f 29/25/55 21/24/55 30/31/55
f 21/24/56 4/20/56 30/31/56
f 27/22/57 28/60/57 8/55/57
f 27/22/58 19/21/58 28/60/58
f 19/21/59 3/61/59 28/60/59
f 25/19/60 26/29/60 7/34/60
f 25/19/61 15/18/61 26/29/61
f 15/18/62 2/4/62 26/29/62
f 23/16/63 24/33/63 11/46/63
f 23/16/64 16/6/64 24/33/64
f 16/6/65 6/26/65 24/33/65
f 17/15/66 22/27/66 6/26/66
f 17/15/67 20/14/67 22/27/67
f 20/14/68 5/23/68 22/27/68
f 20/12/69 21/24/69 5/23/69
f 20/12/70 18/11/70 21/24/70
f 18/11/71 4/20/71 21/24/71
f 18/9/72 19/21/72 4/20/72
f 18/9/73 13/8/73 19/21/73
f 13/8/74 3/61/74 19/21/74
f 16/6/75 17/62/75 6/26/75
f 16/6/76 14/5/76 17/62/76
f 14/5/77 1/63/77 17/62/77
f 13/3/78 15/18/78 3/17/78
f 13/3/79 14/2/79 15/18/79
f 14/2/80 2/4/80 15/18/80
o Object33148
v 0.000000 3.548767 -0.975398
v 0.000000 3.774116 -1.276071
v 0.000000 3.823161 -1.332834
v 0.000000 3.548767 -1.193690
v 0.000000 3.774116 -0.893017
v 0.000000 3.823161 -0.836253
v 0.000000 3.620013 -1.225031
v 0.000000 3.620013 -0.944057
v 0.000000 3.698545 -1.262232
v 0.000000 3.891580 -1.335893
v 0.000000 3.698546 -0.906856
v 0.000000 3.891580 -0.833194
v 0.000000 3.548767 1.186647
v 0.000000 3.620013 1.217988
v 0.000000 3.620013 0.937015
v 0.000000 3.548767 0.968356
v 0.000000 3.698545 1.255189
v 0.000000 3.774116 1.269029
v 0.000000 3.823161 1.325792
v 0.000000 3.891580 1.328851
v 0.000000 3.698545 0.899814
v 0.000000 3.774116 0.885974
v 0.000000 3.823161 0.829211
v 0.000000 3.891580 0.826152
v 0.503386 0.080521 -0.948356
v 0.322504 0.080521 -0.635058
v 0.342680 0.001079 -0.670005
v 0.527335 0.168088 -0.989837
v 0.536243 0.252353 -1.005268
v 0.572787 0.307041 -1.068562
v 0.253101 0.307041 -0.514853
v 0.574756 0.383331 -1.071973
v 0.251132 0.383332 -0.511442
v 0.298555 0.168088 -0.593578
v 0.289644 0.252353 -0.578146
v 0.483211 0.001079 -0.913409
v -0.000003 0.001079 -0.670005
v -0.000003 0.252353 -1.005268
v -0.000003 0.307041 -1.068562
v -0.000003 0.001079 -0.913409
v -0.000003 0.252353 -0.578146
v -0.000003 0.307041 -0.514853
v -0.483217 0.001079 -0.913409
v -0.000003 0.080521 -0.948356
v -0.503393 0.080521 -0.948356
v -0.322511 0.080521 -0.635058
v -0.000003 0.080521 -0.635058
v -0.342686 0.001079 -0.670005
v -0.527341 0.168088 -0.989837
v -0.000003 0.168088 -0.989837
v -0.536252 0.252353 -1.005268
v -0.572793 0.307041 -1.068562
v -0.000003 0.383331 -1.071973
v -0.574765 0.383331 -1.071973
v -0.289654 0.252353 -0.578146
v -0.298562 0.168088 -0.593578
v -0.253110 0.307041 -0.514853
v -0.251141 0.383332 -0.511442
v -0.000003 0.168088 -0.593578
v -0.000003 0.383332 -0.511442
v 0.305157 -0.194648 -0.719702
v 0.186944 -0.194648 -0.514953
v 0.200130 -0.246566 -0.537792
v 0.320808 -0.137421 -0.746811
v 0.326631 -0.082352 -0.756896
v 0.350512 -0.046611 -0.798260
v 0.141588 -0.046611 -0.436395
v 0.351799 0.003247 -0.800489
v 0.140302 0.003247 -0.434166
v 0.617485 -0.246612 -0.133057
v 0.652695 -0.194695 -0.117748
v 0.171292 -0.137421 -0.487845
v 0.165469 -0.082352 -0.477760
v 0.683580 -0.137467 -0.118473
v 0.696925 -0.082398 -0.115528
v 0.751660 -0.046658 -0.103450
v 0.754611 0.003200 -0.102799
v 0.291970 -0.246566 -0.696864
v -0.000016 -0.246566 -0.537792
v -0.000016 -0.082352 -0.756896
v -0.000016 -0.046611 -0.798260
v -0.000016 -0.246566 -0.696864
v -0.000016 -0.082352 -0.477760
v -0.000016 -0.046611 -0.436395
v -0.292004 -0.246566 -0.696864
v -0.000016 -0.194648 -0.719702
v -0.305188 -0.194648 -0.719702
v -0.186978 -0.194648 -0.514953
v -0.000016 -0.194648 -0.514953
v -0.200161 -0.246566 -0.537792
v -0.320839 -0.137421 -0.746811
v -0.000016 -0.137421 -0.746811
v -0.326662 -0.082352 -0.756896
v -0.350543 -0.046611 -0.798260
v -0.000016 0.003247 -0.800489
v -0.351833 0.003247 -0.800489
v -0.617516 -0.246613 -0.133057
v -0.652726 -0.194695 -0.117748
v -0.165503 -0.082352 -0.477760
v -0.171326 -0.137421 -0.487845
v -0.683611 -0.137468 -0.118473
v -0.696956 -0.082399 -0.115528
v -0.141622 -0.046611 -0.436395
v -0.751694 -0.046658 -0.103450
v -0.140336 0.003247 -0.434166
v -0.754642 0.003199 -0.102799
v -0.000016 -0.137421 -0.487845
v -0.000016 0.003247 -0.434166
v 0.591139 0.168088 -0.086804
v 0.573320 0.252353 -0.086804
v 0.500236 0.307041 -0.086804
v 0.496298 0.383332 -0.086804
v 0.639037 0.080521 -0.086804
v 1.000804 0.080521 -0.086804
v 1.048702 0.168088 -0.086804
v 1.066521 0.252353 -0.086804
v -0.573329 0.252353 -0.086804
v -0.591148 0.168088 -0.086804
v -0.500242 0.307041 -0.086804
v -0.639046 0.080521 -0.086804
v -1.066527 0.252353 -0.086804
v -1.048708 0.168088 -0.086804
v 0.537372 -0.246613 -0.086805
v 0.599098 -0.194695 -0.086805
v 0.402834 -0.137458 -0.086805
v 0.726908 0.003200 -0.086805
v 0.434135 -0.194688 -0.086805
v -0.537403 -0.246613 -0.086805
v -0.391219 -0.082388 -0.086805
v -0.402865 -0.137459 -0.086805
v -0.340885 0.003215 -0.086805
v -0.434169 -0.194688 -0.086805
v 0.483211 0.001079 0.739801
v -0.000003 0.001079 0.739801
v -0.000003 0.080521 0.774748
v 0.503386 0.080521 0.774748
v 0.322504 0.080521 0.461450
v -0.000003 0.080521 0.461450
v -0.000003 0.001079 0.496396
v 0.342680 0.001079 0.496396
v 0.527335 0.168088 0.816228
v -0.000003 0.168088 0.816228
v -0.000003 0.252353 0.831660
v 0.536243 0.252353 0.831660
v -0.000003 0.307040 0.894954
v 0.572787 0.307040 0.894954
v -0.000003 0.383331 0.898365
v 0.574756 0.383331 0.898365
v 0.960450 0.001079 -0.086804
v 0.679391 0.001079 -0.086804
v 1.139605 0.307041 -0.086804
v 1.143543 0.383331 -0.086804
v -0.000003 0.168088 0.419969
v 0.298555 0.168088 0.419969
v 0.289644 0.252353 0.404538
v -0.000003 0.252353 0.404538
v 0.253101 0.307041 0.341244
v -0.000003 0.307041 0.341244
v 0.251132 0.383332 0.337833
v -0.000003 0.383332 0.337833
v -0.483217 0.001079 0.739801
v -0.503393 0.080521 0.774748
v -0.322511 0.080521 0.461450
v -0.342686 0.001079 0.496396
v -0.527341 0.168088 0.816228
v -0.536252 0.252353 0.831660
v -0.572793 0.307040 0.894954
v -0.574765 0.383331 0.898365
v -0.960456 0.001079 -0.086804
v -1.000810 0.080521 -0.086804
v -0.679397 0.001079 -0.086804
v -1.139611 0.307041 -0.086804
v -1.143552 0.383331 -0.086804
v -0.289654 0.252353 0.404538
v -0.298562 0.168088 0.419969
v -0.253110 0.307041 0.341244
v -0.251141 0.383332 0.337833
v 0.291970 -0.246566 0.523255
v -0.000016 -0.246566 0.523255
v -0.000016 -0.194648 0.546093
v 0.305157 -0.194648 0.546093
v 0.186944 -0.194648 0.341344
v -0.000016 -0.194648 0.341344
v -0.000016 -0.246566 0.364182
v 0.200130 -0.246566 0.364182
v 0.320808 -0.137420 0.573202
v -0.000016 -0.137421 0.573202
v -0.000016 -0.082352 0.583287
v 0.326631 -0.082352 0.583287
v -0.000016 -0.046611 0.624650
v 0.350512 -0.046611 0.624650
v -0.000016 0.003247 0.626880
v 0.351799 0.003247 0.626880
v 0.617485 -0.246612 -0.040552
v 0.652695 -0.194695 -0.055862
v 0.683580 -0.137467 -0.055137
v 0.696925 -0.082398 -0.058082
v 0.647173 -0.082398 -0.086805
v 0.628727 -0.137467 -0.086805
v 0.751660 -0.046658 -0.070160
v 0.722830 -0.046658 -0.086805
v 0.754611 0.003200 -0.070811
v 0.140302 0.003247 0.260557
v 0.340851 0.003215 -0.086805
v 0.460508 -0.246609 -0.086805
v -0.000016 -0.137420 0.314235
v 0.171292 -0.137420 0.314235
v 0.165469 -0.082352 0.304150
v -0.000016 -0.082352 0.304150
v 0.141588 -0.046611 0.262786
v -0.000016 -0.046611 0.262786
v -0.000016 0.003247 0.260557
v -0.292004 -0.246566 0.523255
v -0.305188 -0.194648 0.546093
v -0.186978 -0.194648 0.341344
v -0.200161 -0.246566 0.364182
v -0.320839 -0.137421 0.573202
v -0.326662 -0.082352 0.583287
v -0.350543 -0.046611 0.624651
v -0.351833 0.003247 0.626880
v -0.617516 -0.246613 -0.040552
v -0.599132 -0.194695 -0.086805
v -0.652726 -0.194695 -0.055862
v -0.683611 -0.137468 -0.055137
v -0.628762 -0.137468 -0.086805
v -0.647207 -0.082399 -0.086805
v -0.696956 -0.082399 -0.058082
v -0.722861 -0.046658 -0.086805
v -0.751694 -0.046658 -0.070160
v -0.726939 0.003199 -0.086805
v -0.754642 0.003199 -0.070811
v -0.140336 0.003247 0.260557
v -0.460539 -0.246609 -0.086805
v -0.165503 -0.082352 0.304150
v -0.171326 -0.137421 0.314235
v -0.141622 -0.046611 0.262786
v -0.496305 0.383332 -0.086804
v 0.391189 -0.082388 -0.086805
v 0.343424 -0.046643 -0.086805
v -0.343458 -0.046643 -0.086805
v 0.725001 3.623855 -1.210175
v 0.696292 3.624084 -1.226890
v 0.679168 3.548767 -1.193690
v 0.704872 3.548767 -1.178851
v 0.578839 3.548767 -0.960560
v 0.553138 3.548767 -0.975398
v 0.534011 3.616171 -0.945812
v 0.562840 3.615942 -0.929306
v 0.753269 3.774723 -1.260479
v 0.725661 3.774723 -1.276419
v 0.717463 3.700606 -1.262896
v 0.745657 3.700606 -1.246617
v 0.785905 3.823161 -1.316784
v 0.758106 3.823161 -1.332834
v 0.532113 3.773509 -0.877424
v 0.504506 3.773509 -0.893364
v 0.471404 3.823161 -0.836253
v 0.499204 3.823161 -0.820203
v 0.787859 3.891580 -1.319521
v 0.759498 3.891580 -1.335893
v 0.469264 3.891580 -0.833194
v 0.497625 3.891580 -0.816822
v 0.540482 3.696485 -0.891241
v 0.512285 3.696485 -0.907520
v -0.704872 3.548767 -1.178851
v -0.679171 3.548767 -1.193690
v -0.696230 3.623855 -1.226785
v -0.725063 3.624084 -1.210280
v -0.562781 3.616171 -0.929201
v -0.534073 3.615942 -0.945916
v -0.553138 3.548767 -0.975398
v -0.578839 3.548767 -0.960560
v -0.745660 3.700606 -1.246617
v -0.717463 3.700606 -1.262896
v -0.725661 3.774723 -1.276419
v -0.753269 3.774723 -1.260479
v -0.758106 3.823161 -1.332834
v -0.785905 3.823161 -1.316784
v -0.759501 3.891580 -1.335893
v -0.787859 3.891580 -1.319521
v -0.512288 3.696485 -0.907520
v -0.540482 3.696485 -0.891241
v -0.532113 3.773509 -0.877424
v -0.504506 3.773509 -0.893364
v -0.499204 3.823161 -0.820203
v -0.471404 3.823161 -0.836253
v -0.497625 3.891580 -0.816822
v -0.469267 3.891580 -0.833194
v 1.043608 3.696485 0.012758
v 1.043608 3.696485 -0.019800
v 1.027457 3.773509 -0.019461
v 1.027457 3.773509 0.012419
v 0.961448 3.823161 -0.019572
v 0.961448 3.823161 0.012530
v 0.957731 3.891580 -0.019894
v 0.957731 3.891580 0.012852
v 1.087754 3.615942 0.013089
v 1.087633 3.616171 -0.020131
v 1.538198 3.891580 -0.019894
v 1.538198 3.891580 0.012852
v 1.412072 3.623855 0.013089
v 1.412193 3.624084 -0.020131
v 1.374880 3.548767 -0.018359
v 1.374880 3.548767 0.011317
v 1.122818 3.548767 0.011317
v 1.122818 3.548767 -0.018359
v 1.469771 3.774723 0.012419
v 1.469771 3.774723 -0.019461
v 1.453961 3.700606 -0.019800
v 1.453961 3.700606 0.012758
v 1.534852 3.823161 0.012530
v 1.534852 3.823161 -0.019572
v -1.027460 3.773509 0.012419
v -1.027460 3.773509 -0.019461
v -1.043611 3.696485 -0.019800
v -1.043611 3.696485 0.012758
v -0.961448 3.823161 0.012530
v -0.961448 3.823161 -0.019572
v -1.087754 3.615942 -0.020131
v -1.087633 3.616171 0.013089
v -1.122818 3.548767 -0.018359
v -1.122818 3.548767 0.011317
v -1.453961 3.700606 0.012758
v -1.453961 3.700606 -0.019800
v -1.469774 3.774723 -0.019461
v -1.469774 3.774723 0.012419
v -1.412196 3.624084 0.013089
v -1.412072 3.623855 -0.020131
v 0.704872 3.548767 1.171808
v 0.679168 3.548767 1.186647
v 0.696230 3.623855 1.219743
v 0.725063 3.624084 1.203238
v 0.562781 3.616171 0.922159
v 0.534070 3.615942 0.938874
v 0.553138 3.548767 0.968356
v 0.578839 3.548767 0.953517
v 0.745657 3.700606 1.239575
v 0.717463 3.700606 1.255854
v 0.725661 3.774723 1.269377
v 0.753269 3.774723 1.253437
v 0.758106 3.823161 1.325792
v 0.785905 3.823161 1.309741
v 0.759498 3.891580 1.328851
v 0.787856 3.891580 1.312478
v 0.512285 3.696485 0.900478
v 0.540482 3.696485 0.884200
v 0.532113 3.773509 0.870382
v 0.504506 3.773509 0.886322
v 0.499204 3.823161 0.813161
v 0.471404 3.823161 0.829211
v 0.497625 3.891580 0.809779
v 0.469264 3.891580 0.826152
v -0.725001 3.623855 1.203133
v -0.696292 3.624084 1.219848
v -0.679171 3.548767 1.186647
v -0.704872 3.548767 1.171808
v -0.578839 3.548767 0.953518
v -0.553138 3.548767 0.968356
v -0.534011 3.616171 0.938769
v -0.562843 3.615942 0.922264
v -0.753269 3.774723 1.253437
v -0.725661 3.774723 1.269377
v -0.717463 3.700606 1.255854
v -0.745660 3.700606 1.239575
v -0.785905 3.823161 1.309741
v -0.758106 3.823161 1.325792
v -0.787859 3.891580 1.312478
v -0.759501 3.891580 1.328851
v -1.374880 3.548767 0.011317
v -1.374880 3.548767 -0.018359
v -1.534852 3.823161 -0.019572
v -1.534852 3.823161 0.012530
v -1.538198 3.891580 -0.019894
v -1.538198 3.891580 0.012852
v -0.504506 3.773509 0.886322
v -0.532113 3.773509 0.870382
v -0.540482 3.696485 0.884200
v -0.512288 3.696485 0.900478
v -0.471404 3.823161 0.829211
v -0.499204 3.823161 0.813161
v -0.469267 3.891580 0.826152
v -0.497625 3.891580 0.809779
v -0.957731 3.891580 0.012852
v -0.957731 3.891580 -0.019894
v -0.242565 6.073456 0.079860
v -0.208818 6.073456 0.205805
v -0.116622 6.073456 0.298003
v 0.009323 6.073456 0.331749
v 0.135269 6.073456 0.298003
v 0.227465 6.073456 0.205805
v 0.261212 6.073456 0.079860
v 0.227465 6.073456 -0.046084
v 0.135269 6.073456 -0.138282
v 0.009323 6.073456 -0.172029
v -0.116622 6.073456 -0.138282
v -0.208818 6.073456 -0.046085
v -0.092239 6.523195 0.079860
v -0.078634 6.523195 0.130642
v -0.041458 6.523195 0.167816
v 0.009323 6.523195 0.181423
v 0.060105 6.523195 0.167816
v 0.097281 6.523195 0.130642
v 0.110886 6.523195 0.079860
v 0.097281 6.523195 0.029079
v 0.060105 6.523195 -0.008096
v 0.009323 6.523195 -0.021702
v -0.041458 6.523195 -0.008096
v -0.078634 6.523195 0.029079
v -0.111575 6.542997 0.079860
v -0.095377 6.542997 0.140309
v -0.051126 6.542997 0.184561
v 0.009323 6.542997 0.200758
v 0.069772 6.542997 0.184561
v 0.114024 6.542997 0.140309
v 0.130222 6.542997 0.079860
v 0.114024 6.542997 0.019411
v 0.069772 6.542997 -0.024840
v 0.009323 6.542997 -0.041038
v -0.051126 6.542997 -0.024840
v -0.095377 6.542997 0.019411
v -0.101891 6.590965 0.079860
v -0.086990 6.590965 0.135467
v -0.046282 6.590965 0.176174
v 0.009323 6.590965 0.191074
v 0.064929 6.590965 0.176174
v 0.105637 6.590965 0.135467
v 0.120538 6.590965 0.079860
v 0.105637 6.590965 0.024253
v 0.064929 6.590965 -0.016454
v 0.009323 6.590965 -0.031354
v -0.046282 6.590965 -0.016454
v -0.086990 6.590965 0.024253
v -0.276684 6.061069 0.079860
v -0.238367 6.061069 0.222864
v -0.133682 6.061069 0.327550
v 0.009323 6.061069 0.365868
v 0.152329 6.061069 0.327550
v 0.257014 6.061069 0.222864
v 0.295331 6.061069 0.079860
v 0.257014 6.061069 -0.063143
v 0.152329 6.061069 -0.167829
v 0.009323 6.061069 -0.206147
v -0.133682 6.061069 -0.167830
v -0.238367 6.061069 -0.063144
v -0.276684 6.007566 0.079860
v -0.238367 6.007566 0.222864
v -0.133682 6.007566 0.327550
v 0.009323 6.007566 0.365868
v 0.152329 6.007566 0.327550
v 0.257014 6.007566 0.222864
v 0.295331 6.007566 0.079860
v 0.257014 6.007566 -0.063143
v 0.152329 6.007566 -0.167829
v 0.009323 6.007566 -0.206147
v -0.133682 6.007566 -0.167830
v -0.238367 6.007566 -0.063144
v -0.214021 5.989744 0.079860
v -0.184097 5.989744 0.191532
v -0.102347 5.989744 0.273281
v 0.009323 5.989744 0.303203
v 0.120994 5.989744 0.273281
v 0.202744 5.989744 0.191532
v 0.232668 5.989744 0.079860
v 0.202744 5.989744 -0.031811
v 0.120994 5.989744 -0.113560
v 0.009323 5.989744 -0.143483
v -0.102347 5.989744 -0.113561
v -0.184097 5.989744 -0.031811
v 0.120743 6.586148 -0.032712
v -0.101231 6.586148 -0.032712
v 0.124879 6.672490 -0.036748
v -0.105364 6.672490 -0.036748
v 0.120743 6.586148 0.183925
v -0.101231 6.586148 0.183925
v 0.124879 6.672490 0.187961
v -0.105364 6.672490 0.187961
v 0.112902 6.685796 -0.025060
v -0.093390 6.685796 -0.025060
v -0.093390 6.685796 0.176274
v 0.112902 6.685796 0.176274
v 0.009345 7.045428 0.152709
v 0.043523 7.045428 0.144908
v 0.070932 7.045428 0.123050
v 0.086144 7.045428 0.091464
v 0.086144 7.045428 0.056406
v 0.070932 7.045428 0.024820
v 0.043523 7.045428 0.002962
v 0.009345 7.045428 -0.004839
v -0.024836 7.045428 0.002962
v -0.052245 7.045428 0.024820
v -0.067456 7.045428 0.056406
v -0.067456 7.045428 0.091464
v -0.052245 7.045428 0.123050
v -0.024836 7.045428 0.144908
v 0.009345 7.008809 0.189132
v 0.059327 7.008809 0.177724
v 0.099408 7.008809 0.145759
v 0.121651 7.008809 0.099569
v 0.121651 7.008809 0.048301
v 0.099408 7.008809 0.002111
v 0.059327 7.008809 -0.029853
v 0.009345 7.008809 -0.041262
v -0.040639 7.008809 -0.029853
v -0.080721 7.008809 0.002111
v -0.102964 7.008809 0.048301
v -0.102964 7.008809 0.099569
v -0.080721 7.008809 0.145759
v -0.040639 7.008809 0.177724
v 0.009345 6.949729 0.217583
v 0.071670 6.949729 0.203357
v 0.121651 6.949729 0.163498
v 0.149389 6.949729 0.105900
v 0.149389 6.949729 0.041970
v 0.121651 6.949729 -0.015628
v 0.071670 6.949729 -0.055487
v 0.009345 6.949729 -0.069713
v -0.052983 6.949729 -0.055487
v -0.102964 6.949729 -0.015628
v -0.130702 6.949729 0.041970
v -0.130702 6.949729 0.105900
v -0.102964 6.949729 0.163498
v -0.052983 6.949729 0.203357
v 0.009345 6.884156 0.217583
v 0.071670 6.884156 0.203357
v 0.121651 6.884156 0.163498
v 0.149389 6.884156 0.105900
v 0.149389 6.884156 0.041970
v 0.121651 6.884156 -0.015628
v 0.071670 6.884156 -0.055487
v 0.009345 6.884156 -0.069713
v -0.052983 6.884156 -0.055487
v -0.102964 6.884156 -0.015628
v -0.130702 6.884156 0.041970
v -0.130702 6.884156 0.105900
v -0.102964 6.884156 0.163498
v -0.052983 6.884156 0.203357
v 0.009345 6.825076 0.189132
v 0.059327 6.825076 0.177724
v 0.099408 6.825076 0.145759
v 0.121651 6.825076 0.099569
v 0.121651 6.825076 0.048301
v 0.099408 6.825076 0.002111
v 0.059327 6.825076 -0.029853
v 0.009345 6.825076 -0.041262
v -0.040639 6.825076 -0.029853
v -0.080721 6.825076 0.002111
v -0.102964 6.825076 0.048301
v -0.102964 6.825076 0.099569
v -0.080721 6.825076 0.145759
v -0.040639 6.825076 0.177724
v 0.009345 6.784192 0.137864
v 0.037083 6.784192 0.131533
v 0.059327 6.784192 0.113795
v 0.071670 6.784192 0.088161
v 0.071670 6.784192 0.059709
v 0.059327 6.784192 0.034076
v 0.037083 6.784192 0.016337
v 0.009345 6.784192 0.010006
v -0.018393 6.784192 0.016337
v -0.040639 6.784192 0.034076
v -0.052983 6.784192 0.059709
v -0.052983 6.784192 0.088161
v -0.040639 6.784192 0.113795
v -0.018393 6.784192 0.131533
v 0.009345 6.686297 0.137864
v 0.037083 6.686297 0.131533
v 0.059327 6.686297 0.113794
v 0.071670 6.686297 0.088161
v 0.071670 6.686297 0.059709
v 0.059327 6.686297 0.034076
v 0.037083 6.686297 0.016337
v 0.009345 6.686297 0.010006
v -0.018393 6.686297 0.016337
v -0.040639 6.686297 0.034076
v -0.052983 6.686297 0.059709
v -0.052983 6.686297 0.088161
v -0.040639 6.686297 0.113794
v -0.018393 6.686297 0.131533
v 0.009345 7.084579 0.152709
v 0.043523 7.084579 0.144908
v 0.070932 7.084579 0.123050
v 0.086144 7.084579 0.091464
v 0.086144 7.084579 0.056406
v 0.070932 7.084579 0.024820
v 0.043523 7.084579 0.002962
v 0.009345 7.084579 -0.004839
v -0.024836 7.084579 0.002962
v -0.052245 7.084579 0.024820
v -0.067456 7.084579 0.056406
v -0.067456 7.084579 0.091464
v -0.052245 7.084579 0.123050
v -0.024836 7.084579 0.144908
v 0.009345 7.110184 0.190422
v 0.059885 7.110184 0.178886
v 0.100416 7.110184 0.146563
v 0.122910 7.110184 0.099856
v 0.122910 7.110184 0.048014
v 0.100416 7.110184 0.001307
v 0.059885 7.110184 -0.031016
v 0.009345 7.110184 -0.042551
v -0.041197 7.110184 -0.031016
v -0.081728 7.110184 0.001307
v -0.104223 7.110184 0.048014
v -0.104223 7.110184 0.099856
v -0.081728 7.110184 0.146563
v -0.041197 7.110184 0.178886
v 0.009345 7.160584 0.193802
v 0.061351 7.160584 0.181932
v 0.103060 7.160584 0.148671
v 0.126206 7.160584 0.100608
v 0.126206 7.160584 0.047262
v 0.103060 7.160584 -0.000801
v 0.061351 7.160584 -0.034062
v 0.009345 7.160584 -0.045933
v -0.042664 7.160584 -0.034062
v -0.084373 7.160584 -0.000801
v -0.107519 7.160584 0.047262
v -0.107519 7.160584 0.100608
v -0.084373 7.160584 0.148671
v -0.042664 7.160584 0.181932
v 0.009345 7.174858 0.154511
v 0.044304 7.174858 0.146531
v 0.072340 7.174858 0.124173
v 0.087899 7.174858 0.091865
v 0.087899 7.174858 0.056005
v 0.072340 7.174858 0.023697
v 0.044304 7.174858 0.001339
v 0.009345 7.174858 -0.006641
v -0.025617 7.174858 0.001339
v -0.053653 7.174858 0.023697
v -0.069211 7.174858 0.056005
v -0.069211 7.174858 0.091865
v -0.053653 7.174858 0.124173
v -0.025617 7.174858 0.146531
v -0.004142 7.662381 0.073935
v 0.002763 7.662381 0.061976
v 0.016573 7.662381 0.061976
v 0.023478 7.662381 0.073935
v 0.016573 7.662381 0.085894
v 0.002763 7.662381 0.085894
v -0.004142 8.175588 0.073935
v 0.002763 8.175588 0.061976
v 0.016573 8.175588 0.061976
v 0.023478 8.175588 0.073935
v 0.016573 8.175588 0.085894
v 0.002763 8.175588 0.085894
v -0.019103 7.649140 0.073935
v -0.004716 7.649140 0.049020
v 0.024051 7.649140 0.049020
v 0.038438 7.649140 0.073935
v 0.024051 7.649140 0.098850
v -0.004716 7.649140 0.098850
v -0.054902 7.155130 0.073935
v -0.022616 7.155130 0.018017
v 0.041951 7.155130 0.018017
v 0.074237 7.155130 0.073935
v 0.041951 7.155130 0.129853
v -0.022616 7.155130 0.129853
v 0.009761 8.159084 0.073935
v 0.009761 8.172775 0.040882
v 0.033133 8.172775 0.050563
v 0.042813 8.172775 0.073935
v 0.033133 8.172775 0.097308
v 0.009761 8.172775 0.106988
v -0.013612 8.172775 0.097308
v -0.023295 8.172775 0.073935
v -0.013612 8.172775 0.050563
v 0.009761 8.205829 0.027190
v 0.042813 8.205829 0.040882
v 0.056505 8.205829 0.073935
v 0.042813 8.205829 0.106988
v 0.009761 8.205829 0.120680
v -0.023295 8.205829 0.106988
v -0.036984 8.205829 0.073935
v -0.023295 8.205829 0.040882
v 0.009761 8.238882 0.040882
v 0.033133 8.238882 0.050563
v 0.042813 8.238882 0.073935
v 0.033133 8.238882 0.097308
v 0.009761 8.238882 0.106988
v -0.013612 8.238882 0.097308
v -0.023295 8.238882 0.073935
v -0.013612 8.238882 0.050563
v 0.009761 8.252573 0.073935
v -0.393402 4.438193 0.784367
v -0.360620 4.435715 0.793667
v -0.418160 4.434414 0.761203
v -0.308973 4.833169 0.638116
v -0.333452 4.829735 0.614563
v -0.276175 4.830538 0.647264
v -0.633223 4.833169 0.076499
v -0.625066 4.829735 0.043523
v -0.624746 4.830538 0.109476
v -0.802094 4.438193 0.076508
v -0.793756 4.435715 0.109548
v -0.794410 4.434413 0.043485
v 0.423968 4.438193 0.784358
v 0.448413 4.435715 0.760618
v 0.391530 4.434414 0.794216
v 0.339527 4.833169 0.638115
v 0.306887 4.829735 0.647539
v 0.363844 4.830538 0.614286
v 0.832647 4.438193 0.076490
v 0.824309 4.435715 0.043450
v 0.824964 4.434413 0.109513
v 0.663773 4.833169 0.076499
v 0.655616 4.829735 0.109476
v 0.655299 4.830538 0.043523
v 0.423952 4.438193 -0.631368
v 0.391170 4.435716 -0.640668
v 0.448711 4.434414 -0.608203
v 0.339523 4.833169 -0.485117
v 0.364006 4.829735 -0.461564
v 0.306729 4.830538 -0.494265
v -0.393415 4.438193 -0.631359
v -0.417860 4.435715 -0.607619
v -0.360976 4.434413 -0.641217
v -0.308973 4.833169 -0.485117
v -0.276337 4.829735 -0.494540
v -0.333294 4.830538 -0.461288
v -0.157296 5.675336 0.375405
v -0.124616 5.672216 0.384636
v -0.181542 5.672703 0.351562
v -0.076640 6.090663 0.235706
v -0.100428 6.090663 0.210986
v -0.043340 6.090663 0.243946
v -0.168557 6.090662 0.076499
v -0.159045 6.090662 0.043540
v -0.159045 6.090662 0.109459
v -0.329868 5.675336 0.076499
v -0.321525 5.672216 0.109418
v -0.321345 5.672703 0.043582
v -0.230110 5.262951 0.501518
v -0.197362 5.260237 0.510588
v -0.254369 5.260048 0.477752
v -0.475493 5.262950 0.076499
v -0.466973 5.260237 0.109394
v -0.467041 5.260048 0.043605
v -1.171491 3.858225 0.076572
v -1.165935 3.853997 0.043362
v -1.164118 3.855754 0.109928
v -0.578045 3.858226 1.104307
v -0.604028 3.853997 1.082889
v -0.545471 3.855754 1.114599
v -0.975993 4.123079 0.076517
v -0.968149 4.120297 0.109797
v -0.969128 4.118828 0.043274
v -0.480343 4.123079 0.934972
v -0.505702 4.118828 0.912406
v -0.447601 4.120297 0.944818
v 0.187849 5.675334 0.375405
v 0.212182 5.672216 0.351718
v 0.155079 5.672702 0.384480
v 0.107193 6.090662 0.235706
v 0.073893 6.090662 0.243946
v 0.130981 6.090662 0.210987
v 0.260660 5.262951 0.501518
v 0.284888 5.260237 0.477693
v 0.227949 5.260048 0.510647
v 0.608723 3.858226 1.104234
v 0.577183 3.853997 1.116027
v 0.633924 3.855754 1.081171
v 0.510927 4.123079 0.934954
v 0.478703 4.118828 0.945632
v 0.535825 4.120297 0.911520
v 0.360421 5.675336 0.076499
v 0.352075 5.672216 0.043582
v 0.351895 5.672703 0.109418
v 0.199113 6.090662 0.076499
v 0.189598 6.090662 0.109459
v 0.189598 6.090662 0.043540
v 0.506047 5.262950 0.076499
v 0.497526 5.260237 0.043605
v 0.497594 5.260046 0.109394
v 1.202044 3.858226 0.076427
v 1.196488 3.853997 0.109637
v 1.194671 3.855754 0.043071
v 1.006543 4.123079 0.076481
v 0.999682 4.118828 0.109725
v 0.998699 4.120297 0.043201
v 0.187849 5.675334 -0.222406
v 0.155169 5.672216 -0.231637
v 0.212092 5.672702 -0.198563
v 0.107193 6.090662 -0.082707
v 0.130981 6.090662 -0.057987
v 0.073893 6.090662 -0.090947
v 0.260660 5.262951 -0.348519
v 0.227915 5.260237 -0.357589
v 0.284922 5.260048 -0.324753
v 0.608598 3.858226 -0.951308
v 0.634578 3.853997 -0.929890
v 0.576024 3.855754 -0.961601
v 0.510893 4.123079 -0.781973
v 0.536252 4.118829 -0.759407
v 0.478151 4.120298 -0.791819
v -0.157296 5.675334 -0.222406
v -0.181632 5.672216 -0.198719
v -0.124526 5.672702 -0.231481
v -0.076640 6.090664 -0.082707
v -0.043340 6.090664 -0.090947
v -0.100428 6.090664 -0.057987
v -0.230110 5.262950 -0.348520
v -0.254338 5.260237 -0.324695
v -0.197396 5.260048 -0.357648
v -0.578172 3.858225 -0.951236
v -0.546630 3.853996 -0.963028
v -0.603371 3.855753 -0.928173
v -0.480374 4.123079 -0.781955
v -0.448152 4.118828 -0.792633
v -0.505271 4.120297 -0.758522
v 0.570331 3.618439 -1.064309
v 0.539359 3.618439 -1.071973
v 0.592454 3.618439 -1.041318
v 0.568362 0.845903 -1.060898
v 0.590485 0.845903 -1.037907
v 0.537390 0.845903 -1.068562
v 1.130756 0.845903 -0.086805
v 1.121907 0.845903 -0.056150
v 1.121907 0.845903 -0.117460
v 1.134694 3.618440 -0.086805
v 1.125844 3.618440 -0.117460
v 1.125844 3.618440 -0.056150
v -0.568368 0.845903 -1.060898
v -0.537397 0.845903 -1.068562
v -0.590491 0.845903 -1.037907
v -0.570337 3.618439 -1.064309
v -0.592463 3.618439 -1.041318
v -0.539365 3.618439 -1.071973
v -1.134700 3.618440 -0.086805
v -1.125851 3.618440 -0.056150
v -1.125851 3.618440 -0.117460
v -1.130762 0.845903 -0.086805
v -1.121913 0.845903 -0.117460
v -1.121913 0.845903 -0.056150
v 0.568362 0.845903 0.887290
v 0.537390 0.845903 0.894953
v 0.590485 0.845903 0.864298
v 0.570331 3.618441 0.890700
v 0.592454 3.618441 0.867709
v 0.539359 3.618441 0.898364
v -0.570337 3.618441 0.890700
v -0.539365 3.618441 0.898364
v -0.592463 3.618441 0.867709
v -0.568368 0.845903 0.887290
v -0.590491 0.845903 0.864298
v -0.537397 0.845903 0.894953
v -0.014734 0.333992 -0.558667
v 0.024693 0.820483 -0.557402
v 0.000744 0.788595 -1.149780
v -0.060530 0.350055 -1.149243
v 0.026408 0.808144 -1.111879
v 0.026287 0.403346 -0.575948
v 0.026600 0.372186 -1.136222
v -0.001789 0.847864 -1.130028
v 0.004363 0.847505 -0.577710
v 0.010992 0.333558 -1.121262
v 0.015029 0.342445 -0.732765
v -0.882141 0.788595 -0.640046
v -0.851039 0.350055 -0.692844
v -0.587586 0.358388 -1.149329
v -0.587483 0.798850 -1.149156
v -0.862146 0.808144 -0.598872
v -0.381102 0.820483 -0.323116
v -0.397960 0.403346 -0.331008
v -0.883329 0.372186 -0.610876
v -0.863767 0.847864 -0.632364
v -0.577965 0.847484 -1.132668
v -0.259711 0.847540 -0.581434
v -0.388525 0.847505 -0.350876
v -0.362483 0.333992 -0.357894
v -0.528138 0.342445 -0.419170
v -0.585698 0.808110 -1.146060
v -0.253169 0.836762 -0.570100
v -0.245762 0.819679 -0.557271
v -0.246258 0.352939 -0.558133
v -0.249253 0.333937 -0.563319
v -0.862567 0.333558 -0.616913
v -0.405786 0.847420 -0.282891
v -0.384978 0.360928 -0.316404
v -0.909966 0.392816 -0.591853
v -0.940141 0.831356 -0.538518
v -0.864313 0.373267 -0.595126
v -0.400239 0.778065 -0.327058
v -0.885298 0.809225 -0.607466
v -0.894128 0.333547 -0.579782
v -0.412728 0.333906 -0.308952
v -0.880145 0.847853 -0.586468
v -0.541679 0.838966 -0.395715
v -0.574917 0.333605 -1.127389
v -0.577385 0.336178 -1.131662
v -0.529041 0.847475 -0.078888
v 0.000744 0.788595 0.992005
v -0.060530 0.350055 0.991468
v -0.587586 0.358388 0.991554
v -0.587483 0.798851 0.991381
v 0.026408 0.808144 0.954104
v 0.024693 0.820483 0.399627
v 0.026287 0.403346 0.418173
v 0.026600 0.372186 0.978447
v -0.001789 0.847864 0.972253
v -0.577968 0.847484 0.974892
v -0.259711 0.847540 0.423659
v 0.004363 0.847505 0.419935
v -0.014734 0.333992 0.400892
v 0.015029 0.342445 0.574990
v -0.585698 0.808111 0.988285
v -0.253169 0.836762 0.412325
v -0.245762 0.819679 0.399496
v -0.246258 0.352940 0.400358
v -0.249253 0.333937 0.405543
v 0.010992 0.333558 0.963488
v -0.574917 0.333606 0.969614
v -0.577385 0.336178 0.973887
v -0.882141 0.788595 0.482271
v -0.851039 0.350055 0.535068
v -0.862146 0.808145 0.441097
v -0.883329 0.372187 0.453101
v -0.397960 0.403346 0.173233
v -0.381102 0.820483 0.165341
v -0.863767 0.847864 0.474588
v -0.388525 0.847505 0.193101
v -0.528138 0.342445 0.261394
v -0.362483 0.333992 0.200119
v -0.862567 0.333559 0.459137
v -0.909966 0.392817 0.434078
v -1.205405 0.382496 -0.078888
v -1.205607 0.822964 -0.078888
v -0.940141 0.831357 0.380743
v -0.864313 0.373267 0.437350
v -0.885298 0.809225 0.449690
v -0.400239 0.778066 0.169283
v -0.384978 0.360929 0.158629
v -0.894128 0.333547 0.422006
v -0.412728 0.333906 0.151176
v -0.549932 0.333871 -0.078888
v -1.186393 0.333930 -0.078888
v -0.541679 0.838967 0.237939
v -0.405786 0.847420 0.125116
v -1.201954 0.373559 -0.078888
v -0.521968 0.361743 -0.078888
v -0.536656 0.344803 -0.078888
v -0.522954 0.828164 -0.078888
v -0.880145 0.847853 0.428693
v -1.180322 0.847806 -0.078888
v -1.185066 0.845332 -0.078888
v 0.051163 0.788595 -1.149780
v 0.112433 0.350056 -1.149243
v 0.639486 0.358388 -1.149328
v 0.639387 0.798851 -1.149156
v 0.025499 0.808146 -1.111879
v 0.027214 0.820483 -0.557402
v 0.025614 0.403346 -0.575947
v 0.025301 0.372187 -1.136222
v 0.053690 0.847865 -1.130028
v 0.629869 0.847485 -1.132668
v 0.311612 0.847541 -0.581433
v 0.047538 0.847505 -0.577710
v 0.066638 0.333992 -0.558667
v 0.036872 0.342445 -0.732765
v 0.637598 0.808111 -1.146060
v 0.305070 0.836763 -0.570100
v 0.297669 0.819680 -0.557271
v 0.298162 0.352940 -0.558133
v 0.301160 0.333938 -0.563319
v 0.040909 0.333559 -1.121262
v 0.626821 0.333606 -1.127388
v 0.629289 0.336178 -1.131662
v 0.934045 0.788595 -0.640046
v 0.902943 0.350056 -0.692844
v 0.914050 0.808145 -0.598872
v 0.935230 0.372187 -0.610875
v 0.449861 0.403346 -0.331008
v 0.433006 0.820483 -0.323116
v 0.915674 0.847864 -0.632364
v 0.440429 0.847505 -0.350876
v 0.580036 0.342446 -0.419169
v 0.414387 0.333992 -0.357893
v 0.914471 0.333559 -0.616913
v 0.961873 0.392817 -0.591853
v 1.257315 0.382496 -0.078887
v 1.257514 0.822965 -0.078887
v 0.992048 0.831356 -0.538518
v 0.916211 0.373267 -0.595125
v 0.937199 0.809225 -0.607465
v 0.452146 0.778066 -0.327058
v 0.436879 0.360928 -0.316404
v 0.946032 0.333547 -0.579782
v 0.464638 0.333907 -0.308951
v 0.601836 0.333871 -0.078887
v 1.238290 0.333930 -0.078887
v 0.593582 0.838967 -0.395715
v 0.457690 0.847420 -0.282891
v 1.253858 0.373560 -0.078887
v 0.573875 0.361744 -0.078887
v 0.588559 0.344803 -0.078887
v 0.580947 0.847475 -0.078887
v 0.574861 0.828165 -0.078887
v 0.932052 0.847853 -0.586468
v 1.232222 0.847806 -0.078887
v 1.236966 0.845332 -0.078887
v 0.051163 0.788596 0.992005
v 0.639387 0.798851 0.991381
v 0.639486 0.358388 0.991554
v 0.112433 0.350056 0.991468
v 0.025499 0.808146 0.954103
v 0.025301 0.372187 0.978447
v 0.025614 0.403346 0.418173
v 0.027214 0.820484 0.399627
v 0.053690 0.847864 0.972253
v 0.047538 0.847506 0.419935
v 0.311612 0.847541 0.423659
v 0.629869 0.847485 0.974892
v 0.036872 0.342445 0.574990
v 0.066638 0.333992 0.400892
v 0.637598 0.808111 0.988285
v 0.297669 0.819679 0.399496
v 0.305070 0.836762 0.412325
v 0.301160 0.333938 0.405543
v 0.298162 0.352940 0.400358
v 0.040909 0.333559 0.963488
v 0.626821 0.333606 0.969614
v 0.629289 0.336178 0.973887
v 0.934045 0.788596 0.482271
v 0.902943 0.350055 0.535069
v 0.914050 0.808146 0.441097
v 0.433006 0.820484 0.165341
v 0.449861 0.403346 0.173233
v 0.935230 0.372187 0.453101
v 0.915674 0.847864 0.474589
v 0.440429 0.847505 0.193101
v 0.414387 0.333992 0.200119
v 0.580036 0.342445 0.261395
v 0.914471 0.333558 0.459138
v 0.961873 0.392816 0.434079
v 0.992048 0.831357 0.380743
v 0.916211 0.373267 0.437351
v 0.436879 0.360929 0.158629
v 0.452146 0.778066 0.169283
v 0.937199 0.809225 0.449691
v 0.946032 0.333547 0.422007
v 0.464638 0.333906 0.151177
v 0.457690 0.847420 0.125116
v 0.593582 0.838967 0.237940
v 0.932052 0.847853 0.428694
v -0.014734 3.025578 -0.558667
v 0.024693 3.512069 -0.557402
v 0.000744 3.480181 -1.149780
v -0.060530 3.041641 -1.149244
v 0.026408 3.499731 -1.111879
v 0.026287 3.094932 -0.575948
v 0.026600 3.063773 -1.136222
v -0.001789 3.539451 -1.130028
v 0.004363 3.539091 -0.577710
v 0.010992 3.025145 -1.121263
v 0.015029 3.034031 -0.732765
v -0.882141 3.480181 -0.640046
v -0.851039 3.041641 -0.692844
v -0.587586 3.049974 -1.149329
v -0.587483 3.490437 -1.149156
v -0.862146 3.499731 -0.598872
v -0.381102 3.512069 -0.323116
v -0.397960 3.094932 -0.331008
v -0.883329 3.063773 -0.610876
v -0.863767 3.539451 -0.632364
v -0.577965 3.539070 -1.132668
v -0.259711 3.539126 -0.581434
v -0.388525 3.539091 -0.350876
v -0.362483 3.025578 -0.357894
v -0.528138 3.034031 -0.419170
v -0.585698 3.499697 -1.146060
v -0.253169 3.528348 -0.570100
v -0.245762 3.511265 -0.557271
v -0.246258 3.044526 -0.558133
v -0.249253 3.025524 -0.563319
v -0.862567 3.025145 -0.616913
v -0.405786 3.539006 -0.282891
v -0.384978 3.052515 -0.316404
v -0.909966 3.084403 -0.591853
v -0.940141 3.522943 -0.538518
v -0.864313 3.064853 -0.595126
v -0.400239 3.469651 -0.327059
v -0.885298 3.500811 -0.607466
v -0.894128 3.025133 -0.579782
v -0.412728 3.025492 -0.308952
v -0.880145 3.539439 -0.586468
v -0.541679 3.530553 -0.395715
v -0.574917 3.025191 -1.127389
v -0.577385 3.027764 -1.131662
v -0.529041 3.539062 -0.078888
v 0.000744 3.480181 0.992005
v -0.060530 3.041642 0.991468
v -0.587586 3.049974 0.991554
v -0.587483 3.490437 0.991381
v 0.026408 3.499731 0.954104
v 0.024693 3.512069 0.399627
v 0.026287 3.094932 0.418172
v 0.026600 3.063773 0.978447
v -0.001789 3.539451 0.972253
v -0.577968 3.539070 0.974893
v -0.259711 3.539127 0.423659
v 0.004363 3.539091 0.419935
v -0.014734 3.025578 0.400892
v 0.015029 3.034031 0.574990
v -0.585698 3.499697 0.988285
v -0.253169 3.528348 0.412325
v -0.245762 3.511266 0.399496
v -0.246258 3.044526 0.400357
v -0.249253 3.025524 0.405544
v 0.010992 3.025145 0.963488
v -0.574917 3.025191 0.969614
v -0.577385 3.027764 0.973887
v -0.882141 3.480181 0.482271
v -0.851039 3.041642 0.535069
v -0.862146 3.499731 0.441097
v -0.883329 3.063773 0.453100
v -0.397960 3.094932 0.173233
v -0.381102 3.512069 0.165341
v -0.863767 3.539451 0.474589
v -0.388525 3.539091 0.193101
v -0.528138 3.034032 0.261394
v -0.362483 3.025578 0.200119
v -0.862567 3.025145 0.459138
v -0.909966 3.084403 0.434078
v -1.205405 3.074082 -0.078888
v -1.205607 3.514551 -0.078888
v -0.940141 3.522943 0.380743
v -0.864313 3.064854 0.437350
v -0.885298 3.500812 0.449690
v -0.400239 3.469652 0.169284
v -0.384978 3.052515 0.158629
v -0.894128 3.025134 0.422007
v -0.412728 3.025492 0.151177
v -0.549932 3.025457 -0.078888
v -1.186393 3.025516 -0.078888
v -0.541679 3.530553 0.237939
v -0.405786 3.539006 0.125117
v -1.201954 3.065145 -0.078888
v -0.521968 3.053329 -0.078888
v -0.536656 3.036389 -0.078888
v -0.522954 3.519750 -0.078888
v -0.880145 3.539439 0.428693
v -1.180322 3.539392 -0.078888
v -1.185066 3.536918 -0.078888
v 0.051163 3.480181 -1.149780
v 0.112433 3.041642 -1.149244
v 0.639486 3.049974 -1.149328
v 0.639387 3.490437 -1.149156
v 0.025499 3.499732 -1.111879
v 0.027214 3.512069 -0.557402
v 0.025614 3.094932 -0.575948
v 0.025301 3.063774 -1.136222
v 0.053690 3.539451 -1.130028
v 0.629869 3.539071 -1.132668
v 0.311612 3.539128 -0.581433
v 0.047538 3.539091 -0.577710
v 0.066638 3.025578 -0.558667
v 0.036872 3.034031 -0.732765
v 0.637598 3.499697 -1.146060
v 0.305070 3.528350 -0.570100
v 0.297669 3.511266 -0.557271
v 0.298162 3.044527 -0.558133
v 0.301160 3.025524 -0.563319
v 0.040909 3.025145 -1.121263
v 0.626821 3.025192 -1.127388
v 0.629289 3.027764 -1.131662
v 0.934045 3.480181 -0.640046
v 0.902943 3.041642 -0.692844
v 0.914050 3.499732 -0.598872
v 0.935230 3.063773 -0.610876
v 0.449861 3.094932 -0.331008
v 0.433006 3.512069 -0.323116
v 0.915674 3.539451 -0.632364
v 0.440429 3.539091 -0.350876
v 0.580036 3.034032 -0.419169
v 0.414387 3.025578 -0.357894
v 0.914471 3.025145 -0.616913
v 0.961873 3.084403 -0.591853
v 1.257315 3.074083 -0.078887
v 1.257514 3.514551 -0.078887
v 0.992048 3.522942 -0.538518
v 0.916211 3.064853 -0.595126
v 0.937199 3.500811 -0.607465
v 0.452146 3.469652 -0.327059
v 0.436879 3.052515 -0.316404
v 0.946032 3.025134 -0.579782
v 0.464638 3.025493 -0.308952
v 0.601836 3.025457 -0.078887
v 1.238290 3.025516 -0.078887
v 0.593582 3.530553 -0.395715
v 0.457690 3.539006 -0.282891
v 1.253858 3.065146 -0.078887
v 0.573875 3.053330 -0.078887
v 0.588559 3.036390 -0.078887
v 0.580947 3.539062 -0.078887
v 0.574861 3.519751 -0.078887
v 0.932052 3.539439 -0.586468
v 1.232222 3.539392 -0.078887
v 1.236966 3.536918 -0.078887
v 0.051163 3.480181 0.992005
v 0.639387 3.490438 0.991381
v 0.639486 3.049974 0.991554
v 0.112433 3.041642 0.991468
v 0.025499 3.499732 0.954103
v 0.025301 3.063773 0.978447
v 0.025614 3.094933 0.418172
v 0.027214 3.512069 0.399627
v 0.053690 3.539451 0.972253
v 0.047538 3.539092 0.419935
v 0.311612 3.539127 0.423659
v 0.629869 3.539071 0.974893
v 0.036872 3.034032 0.574990
v 0.066638 3.025578 0.400892
v 0.637598 3.499697 0.988285
v 0.297669 3.511266 0.399495
v 0.305070 3.528349 0.412325
v 0.301160 3.025524 0.405544
v 0.298162 3.044526 0.400357
v 0.040909 3.025145 0.963488
v 0.626821 3.025192 0.969614
v 0.629289 3.027765 0.973887
v 0.934045 3.480181 0.482271
v 0.902943 3.041642 0.535069
v 0.914050 3.499732 0.441097
v 0.433006 3.512070 0.165341
v 0.449861 3.094932 0.173233
v 0.935230 3.063773 0.453101
v 0.915674 3.539451 0.474589
v 0.440429 3.539091 0.193101
v 0.414387 3.025578 0.200119
v 0.580036 3.034031 0.261394
v 0.914471 3.025145 0.459138
v 0.961873 3.084403 0.434078
v 0.992048 3.522943 0.380744
v 0.916211 3.064853 0.437351
v 0.436879 3.052516 0.158629
v 0.452146 3.469652 0.169284
v 0.937199 3.500812 0.449691
v 0.946032 3.025134 0.422007
v 0.464638 3.025492 0.151177
v 0.457690 3.539006 0.125117
v 0.593582 3.530553 0.237940
v 0.932052 3.539439 0.428693
v 0.051365 2.234795 -1.103108
v 0.046983 2.202325 -1.103108
v 0.021716 2.205269 -1.124818
v 0.026827 2.243134 -1.124818
v 0.051365 2.234795 -1.067910
v 0.046983 2.202325 -1.067910
v 0.002289 2.251474 -1.056128
v -0.003550 2.208212 -1.056128
v 0.002289 2.251474 -1.113470
v -0.003550 2.208212 -1.113470
v 0.062398 2.264465 -1.103108
v 0.040559 2.280065 -1.124818
v 0.062398 2.264465 -1.067910
v 0.018720 2.295663 -1.056128
v 0.018720 2.295663 -1.113470
v 0.079521 2.294584 -1.103108
v 0.060410 2.314983 -1.124818
v 0.079521 2.294584 -1.067910
v 0.041300 2.335380 -1.056128
v 0.041300 2.335380 -1.113470
v 0.100588 2.323258 -1.103108
v 0.083942 2.347012 -1.124818
v 0.100588 2.323258 -1.067910
v 0.067296 2.370764 -1.056128
v 0.067296 2.370764 -1.113470
v 0.123197 2.349029 -1.103108
v 0.108724 2.375258 -1.124818
v 0.123197 2.349029 -1.067910
v 0.094252 2.401488 -1.056128
v 0.094251 2.401488 -1.113470
v 0.144924 2.370716 -1.103108
v 0.132328 2.398819 -1.124818
v 0.144924 2.370716 -1.067910
v 0.119731 2.426920 -1.056128
v 0.119731 2.426920 -1.113470
v 0.163355 2.387275 -1.103108
v 0.152323 2.416781 -1.124818
v 0.163355 2.387275 -1.067910
v 0.141292 2.446289 -1.056128
v 0.141292 2.446289 -1.113470
v 0.172105 2.394792 -1.103108
v 0.172105 2.432515 -1.124818
v 0.172105 2.394792 -1.067910
v 0.172105 2.470240 -1.056128
v 0.172105 2.470240 -1.113470
v 0.180856 2.387275 -1.103108
v 0.191887 2.416781 -1.124818
v 0.180856 2.387275 -1.067910
v 0.202919 2.446289 -1.056128
v 0.202919 2.446289 -1.113470
v 0.199286 2.370716 -1.103108
v 0.211883 2.398819 -1.124818
v 0.199286 2.370716 -1.067910
v 0.224479 2.426920 -1.056128
v 0.224479 2.426920 -1.113470
v 0.221014 2.349029 -1.103108
v 0.235486 2.375258 -1.124818
v 0.221014 2.349029 -1.067910
v 0.249959 2.401488 -1.056128
v 0.249959 2.401488 -1.113470
v 0.243623 2.323258 -1.103108
v 0.260269 2.347012 -1.124818
v 0.243623 2.323258 -1.067910
v 0.276914 2.370764 -1.056128
v 0.276914 2.370764 -1.113470
v 0.264690 2.294585 -1.103108
v 0.283800 2.314983 -1.124818
v 0.264690 2.294584 -1.067910
v 0.302911 2.335380 -1.056128
v 0.302911 2.335380 -1.113470
v 0.281813 2.264465 -1.103108
v 0.303652 2.280065 -1.124818
v 0.281813 2.264465 -1.067910
v 0.325491 2.295663 -1.056128
v 0.325491 2.295663 -1.113470
v 0.292845 2.234795 -1.103108
v 0.317383 2.243134 -1.124818
v 0.292845 2.234795 -1.067910
v 0.341922 2.251474 -1.056128
v 0.341921 2.251474 -1.113470
v 0.297228 2.202325 -1.103108
v 0.322494 2.205269 -1.124818
v 0.297228 2.202325 -1.067910
v 0.347760 2.208212 -1.056128
v 0.347760 2.208212 -1.113470
v 0.046983 2.179731 -1.103108
v 0.021716 2.177485 -1.124818
v 0.046983 2.179731 -1.067910
v -0.003550 2.175239 -1.056128
v -0.003550 2.175239 -1.113470
v 0.347760 2.175239 -1.113470
v 0.322494 2.177485 -1.124818
v 0.297228 2.179731 -1.103108
v 0.297228 2.179731 -1.067910
v 0.347760 2.175239 -1.056128
v 0.046983 1.510183 -1.103108
v 0.021716 1.481408 -1.124818
v 0.046983 1.510183 -1.067910
v -0.003550 1.452634 -1.056128
v -0.003550 1.452634 -1.113470
v 0.347761 1.452634 -1.113470
v 0.322494 1.481408 -1.124818
v 0.297228 1.510183 -1.103108
v 0.297228 1.510183 -1.067910
v 0.347761 1.452634 -1.056128
v -0.436282 2.307110 -1.160413
v -0.407051 2.297171 -1.161095
v -0.421462 2.220119 -1.161095
v -0.451507 2.225658 -1.160413
v -0.353389 2.221274 -1.117494
v -0.341058 2.287186 -1.117494
v -0.341058 2.287186 -1.057541
v -0.353389 2.221274 -1.057541
v -0.473523 2.319784 -1.037481
v -0.489785 2.232716 -1.037481
v -0.473523 2.319784 -1.135155
v -0.489785 2.232716 -1.135155
v -0.394865 2.388090 -1.160413
v -0.369000 2.371477 -1.161095
v -0.309926 2.347888 -1.117494
v -0.309926 2.347888 -1.057541
v -0.427819 2.409296 -1.037481
v -0.427819 2.409296 -1.135155
v -0.335794 2.464262 -1.160413
v -0.312932 2.443623 -1.161095
v -0.261755 2.409679 -1.117494
v -0.261755 2.409679 -1.057541
v -0.364921 2.490634 -1.037481
v -0.364921 2.490634 -1.135155
v -0.266297 2.534247 -1.160413
v -0.245776 2.511054 -1.161095
v -0.202582 2.468812 -1.117494
v -0.202582 2.468812 -1.057541
v -0.292441 2.563904 -1.037481
v -0.292441 2.563904 -1.135155
v -0.193397 2.596300 -1.160413
v -0.174670 2.571367 -1.161095
v -0.139126 2.522295 -1.117494
v -0.139126 2.522295 -1.057541
v -0.217254 2.628207 -1.037481
v -0.217254 2.628207 -1.135155
v -0.124095 2.648423 -1.160413
v -0.106772 2.622226 -1.161095
v -0.078167 2.567601 -1.117494
v -0.078167 2.567601 -1.057541
v -0.146167 2.681963 -1.037481
v -0.146167 2.681963 -1.135155
v -0.065405 2.688456 -1.160413
v -0.049230 2.661301 -1.161095
v -0.026459 2.602396 -1.117494
v -0.026459 2.602396 -1.057541
v -0.086012 2.723242 -1.037481
v -0.086012 2.723242 -1.135155
v -0.000854 2.727416 -1.160413
v -0.000854 2.690935 -1.161095
v -0.000854 2.618842 -1.117494
v -0.000854 2.618842 -1.057541
v -0.000854 2.774251 -1.037481
v -0.000854 2.774251 -1.135155
v 0.063697 2.688456 -1.160413
v 0.047522 2.661301 -1.161095
v 0.024752 2.602396 -1.117494
v 0.024752 2.602396 -1.057541
v 0.084304 2.723242 -1.037481
v 0.084304 2.723242 -1.135155
v 0.122388 2.648421 -1.160413
v 0.105065 2.622226 -1.161095
v 0.076459 2.567600 -1.117494
v 0.076459 2.567600 -1.057541
v 0.144459 2.681963 -1.037481
v 0.144459 2.681963 -1.135155
v 0.191689 2.596300 -1.160413
v 0.172962 2.571367 -1.161095
v 0.137418 2.522297 -1.117494
v 0.137418 2.522297 -1.057541
v 0.215548 2.628207 -1.037481
v 0.215548 2.628207 -1.135155
v 0.264590 2.534245 -1.160413
v 0.244069 2.511054 -1.161095
v 0.200875 2.468812 -1.117494
v 0.200875 2.468812 -1.057541
v 0.290734 2.563904 -1.037481
v 0.290734 2.563904 -1.135155
v 0.334087 2.464262 -1.160413
v 0.311224 2.443623 -1.161095
v 0.260048 2.409679 -1.117494
v 0.260048 2.409679 -1.057541
v 0.363214 2.490634 -1.037481
v 0.363214 2.490634 -1.135155
v 0.393158 2.388090 -1.160413
v 0.367293 2.371477 -1.161095
v 0.308219 2.347888 -1.117494
v 0.308219 2.347888 -1.057541
v 0.426112 2.409296 -1.037481
v 0.426111 2.409296 -1.135155
v 0.434574 2.307110 -1.160413
v 0.405344 2.297171 -1.161095
v 0.339351 2.287185 -1.117494
v 0.339351 2.287186 -1.057541
v 0.471815 2.319784 -1.037481
v 0.471815 2.319784 -1.135155
v 0.449800 2.225658 -1.160413
v 0.419755 2.220119 -1.161095
v 0.351682 2.221273 -1.117494
v 0.351682 2.221274 -1.057541
v 0.488078 2.232716 -1.037481
v 0.488078 2.232716 -1.135155
v -0.421462 2.164610 -1.161095
v -0.451507 2.165555 -1.160413
v -0.353389 2.175462 -1.057541
v -0.353389 2.175462 -1.117494
v -0.489785 2.166758 -1.037481
v -0.489786 2.166758 -1.135155
v 0.449800 2.165555 -1.160413
v 0.419755 2.164610 -1.161095
v 0.351682 2.175462 -1.117494
v 0.351682 2.175462 -1.057541
v 0.488078 2.166758 -1.037481
v 0.488078 2.166758 -1.135155
v -0.421462 1.376676 -1.161095
v -0.451507 1.306688 -1.160413
v -0.353389 1.451421 -1.057541
v -0.353389 1.451421 -1.117494
v -0.489785 1.268010 -1.037481
v -0.489785 1.268010 -1.135155
v 0.449800 1.306688 -1.160413
v 0.419755 1.376676 -1.161095
v 0.351682 1.451421 -1.117494
v 0.351682 1.451421 -1.057541
v 0.488079 1.268010 -1.037481
v 0.488079 1.268010 -1.135155
v -0.398849 2.294384 -1.136885
v -0.413032 2.218565 -1.136885
v -0.468820 2.224737 -1.135825
v -0.453068 2.309025 -1.135825
v -0.361743 2.366821 -1.136885
v -0.409887 2.393483 -1.135825
v -0.306517 2.437842 -1.136885
v -0.348813 2.472286 -1.135825
v -0.240018 2.504560 -1.136885
v -0.277302 2.544359 -1.135825
v -0.169416 2.564389 -1.136885
v -0.202478 2.608115 -1.135825
v -0.101911 2.614896 -1.136885
v -0.131435 2.661609 -1.135825
v -0.044692 2.653704 -1.136885
v -0.071279 2.702697 -1.135825
v -0.000854 2.680742 -1.136885
v -0.000854 2.745099 -1.135825
v 0.042985 2.653704 -1.136885
v 0.069572 2.702695 -1.135825
v 0.100204 2.614896 -1.136885
v 0.129728 2.661609 -1.135825
v 0.167708 2.564389 -1.136885
v 0.200771 2.608115 -1.135825
v 0.238311 2.504560 -1.136885
v 0.275595 2.544358 -1.135825
v 0.304810 2.437842 -1.136885
v 0.347107 2.472286 -1.135825
v 0.360036 2.366821 -1.136885
v 0.408180 2.393483 -1.135825
v 0.397142 2.294384 -1.136885
v 0.451360 2.309026 -1.135825
v 0.411325 2.218565 -1.136885
v 0.467113 2.224737 -1.135825
v -0.413032 2.164346 -1.136885
v -0.468820 2.162157 -1.135825
v 0.467113 2.162157 -1.135825
v 0.411325 2.164346 -1.136885
v -0.413032 1.385110 -1.136885
v -0.468820 1.277743 -1.135825
v 0.467113 1.277743 -1.135825
v 0.411325 1.385110 -1.136885
v -0.299295 2.234795 -1.103108
v -0.303678 2.202325 -1.103108
v -0.328944 2.205269 -1.124818
v -0.323834 2.243134 -1.124818
v -0.299296 2.234795 -1.067910
v -0.303678 2.202325 -1.067910
v -0.348372 2.251474 -1.056128
v -0.354211 2.208212 -1.056128
v -0.348372 2.251474 -1.113470
v -0.354211 2.208212 -1.113470
v -0.288263 2.264465 -1.103108
v -0.310102 2.280065 -1.124818
v -0.288263 2.264465 -1.067910
v -0.331941 2.295663 -1.056128
v -0.331941 2.295663 -1.113470
v -0.271140 2.294584 -1.103108
v -0.290250 2.314983 -1.124818
v -0.271140 2.294584 -1.067910
v -0.309361 2.335380 -1.056128
v -0.309361 2.335380 -1.113470
v -0.250073 2.323258 -1.103108
v -0.266718 2.347012 -1.124818
v -0.250073 2.323258 -1.067910
v -0.283364 2.370764 -1.056128
v -0.283364 2.370764 -1.113470
v -0.227463 2.349029 -1.103108
v -0.241936 2.375258 -1.124818
v -0.227464 2.349029 -1.067910
v -0.256409 2.401488 -1.056128
v -0.256409 2.401488 -1.113470
v -0.205736 2.370716 -1.103108
v -0.218333 2.398819 -1.124818
v -0.205736 2.370716 -1.067910
v -0.230929 2.426920 -1.056128
v -0.230929 2.426920 -1.113470
v -0.187306 2.387275 -1.103108
v -0.198337 2.416781 -1.124818
v -0.187306 2.387275 -1.067910
v -0.209369 2.446289 -1.056128
v -0.209369 2.446289 -1.113470
v -0.178555 2.394792 -1.103108
v -0.178555 2.432515 -1.124818
v -0.178555 2.394790 -1.067910
v -0.178556 2.470240 -1.056128
v -0.178555 2.470240 -1.113470
v -0.169805 2.387275 -1.103108
v -0.158773 2.416781 -1.124818
v -0.169805 2.387275 -1.067910
v -0.147741 2.446291 -1.056128
v -0.147742 2.446291 -1.113470
v -0.151374 2.370716 -1.103108
v -0.138778 2.398819 -1.124818
v -0.151374 2.370716 -1.067910
v -0.126181 2.426920 -1.056128
v -0.126181 2.426920 -1.113470
v -0.129647 2.349029 -1.103108
v -0.115174 2.375258 -1.124818
v -0.129647 2.349029 -1.067910
v -0.100701 2.401488 -1.056128
v -0.100701 2.401488 -1.113470
v -0.107038 2.323258 -1.103108
v -0.090392 2.347012 -1.124818
v -0.107038 2.323258 -1.067910
v -0.073746 2.370764 -1.056128
v -0.073746 2.370764 -1.113470
v -0.085971 2.294584 -1.103108
v -0.066860 2.314983 -1.124818
v -0.085971 2.294584 -1.067910
v -0.047749 2.335380 -1.056128
v -0.047749 2.335380 -1.113470
v -0.068847 2.264465 -1.103108
v -0.047009 2.280065 -1.124818
v -0.068847 2.264465 -1.067910
v -0.025170 2.295663 -1.056128
v -0.025170 2.295663 -1.113470
v -0.057815 2.234795 -1.103108
v -0.033277 2.243134 -1.124818
v -0.057815 2.234795 -1.067910
v -0.008739 2.251474 -1.056128
v -0.008739 2.251474 -1.113470
v -0.053433 2.202325 -1.103108
v -0.028167 2.205269 -1.124818
v -0.053433 2.202325 -1.067910
v -0.002900 2.208212 -1.056128
v -0.002900 2.208212 -1.113470
v -0.303678 2.179731 -1.103108
v -0.328944 2.177485 -1.124818
v -0.303678 2.179731 -1.067910
v -0.354211 2.175239 -1.056128
v -0.354211 2.175239 -1.113470
v -0.002900 2.175239 -1.113470
v -0.028167 2.177485 -1.124818
v -0.053433 2.179731 -1.103108
v -0.053433 2.179731 -1.067910
v -0.002900 2.175239 -1.056128
v -0.303678 1.510183 -1.103108
v -0.328944 1.481408 -1.124818
v -0.303678 1.510183 -1.067910
v -0.354211 1.452634 -1.056128
v -0.354211 1.452634 -1.113470
v -0.002900 1.452634 -1.113470
v -0.028167 1.481408 -1.124818
v -0.053433 1.510183 -1.103108
v -0.053433 1.510182 -1.067910
v -0.002900 1.452634 -1.056128
v 0.425478 1.883268 -1.082576
v 0.425478 1.335817 -1.082576
v -0.415244 1.335817 -1.082576
v -0.415244 1.883268 -1.082576
v -0.415245 2.108022 -1.082576
v 0.425478 2.108022 -1.082576
v -0.374811 2.340518 -1.082576
v 0.385044 2.340518 -1.082576
v -0.235268 2.523667 -1.082576
v 0.245501 2.523667 -1.082576
v -0.039542 2.684881 -1.082576
v 0.049775 2.684881 -1.082576
vn -0.0001 -0.4033 -0.9151
vn -0.0000 -0.4027 -0.9153
vn -0.0000 -0.4154 -0.9096
vn 0.0002 -0.4164 -0.9092
vn -0.0000 -0.4139 0.9103
vn -0.0000 -0.4156 0.9095
vn -0.0000 -0.4026 0.9154
vn -0.0000 -0.4019 0.9157
vn -0.0000 -0.2903 -0.9569
vn -0.0000 -0.3069 -0.9517
vn -0.0000 -0.1801 -0.9837
vn -0.0003 -0.1795 -0.9838
vn 0.1338 -0.7886 -0.6002
vn -0.0000 -0.7567 -0.6538
vn -0.0000 -0.7568 -0.6536
vn 0.1740 -0.7944 -0.5820
vn -0.0000 -0.0447 -0.9990
vn -0.0000 -1.0000 -0.0000
vn 0.7875 -0.4161 -0.4547
vn 0.7875 -0.4162 -0.4546
vn 0.7925 -0.4033 -0.4575
vn -0.7930 -0.4019 0.4578
vn -0.7883 -0.4140 0.4551
vn -0.7884 -0.4139 0.4552
vn 0.8520 -0.1795 -0.4919
vn 0.8287 -0.2905 -0.4784
vn 0.4170 -0.7944 -0.4417
vn 0.5910 -0.7944 -0.1403
vn 0.5866 -0.7886 -0.1841
vn 0.4528 -0.7886 -0.4160
vn 0.8652 -0.0447 -0.4995
vn -0.0000 -0.3064 0.9519
vn 0.0002 -0.3214 0.9470
vn 0.0005 -0.1807 0.9835
vn -0.0000 -0.1801 0.9836
vn -0.0000 -0.7565 0.6540
vn -0.1757 -0.7911 0.5859
vn -0.1349 -0.7852 0.6043
vn -0.0000 -0.7567 0.6538
vn -0.0000 -0.0447 0.9990
vn -0.0000 1.0000 -0.0000
vn 0.0001 -0.4033 -0.9151
vn -0.0002 -0.4163 -0.9092
vn 0.0001 -0.4139 0.9103
vn 0.0003 -0.1795 -0.9838
vn -0.1338 -0.7886 -0.6002
vn -0.1740 -0.7944 -0.5820
vn -0.7925 -0.4033 -0.4575
vn -0.7875 -0.4161 -0.4546
vn -0.7875 -0.4162 -0.4546
vn -0.7925 -0.4034 -0.4575
vn 0.7884 -0.4139 0.4552
vn 0.7930 -0.4019 0.4578
vn 0.7883 -0.4140 0.4551
vn -0.8287 -0.2905 -0.4784
vn -0.8520 -0.1795 -0.4919
vn -0.5867 -0.7886 -0.1841
vn -0.5910 -0.7944 -0.1403
vn -0.4170 -0.7944 -0.4417
vn -0.4528 -0.7886 -0.4160
vn -0.8652 -0.0447 -0.4995
vn -0.0005 -0.1807 0.9835
vn -0.0001 -0.3213 0.9470
vn 0.1349 -0.7852 0.6043
vn 0.1757 -0.7911 0.5859
vn -0.8518 -0.1808 0.4918
vn -0.8201 -0.3212 0.4735
vn -0.4562 -0.7851 0.4189
vn -0.4198 -0.7910 0.4450
vn -0.5953 -0.7910 0.1411
vn -0.5909 -0.7851 0.1857
vn -0.8652 -0.0446 0.4995
vn -0.8652 -0.0447 0.4995
vn 0.8201 -0.3212 0.4735
vn 0.8518 -0.1808 0.4918
vn 0.8202 -0.3211 0.4735
vn 0.4198 -0.7910 0.4450
vn 0.4562 -0.7851 0.4189
vn 0.5909 -0.7851 0.1857
vn 0.5953 -0.7911 0.1411
vn 0.8652 -0.0446 0.4995
vn 0.8652 -0.0447 0.4995
vn -0.0001 -0.4033 0.9151
vn 0.0002 -0.4163 0.9092
vn -0.0000 -0.4154 0.9096
vn -0.0000 -0.4027 0.9153
vn -0.0001 -0.4139 -0.9103
vn -0.0000 -0.4019 -0.9157
vn -0.0000 -0.4026 -0.9154
vn -0.0000 -0.4156 -0.9095
vn -0.0000 -0.2903 0.9569
vn -0.0003 -0.1795 0.9838
vn -0.0000 -0.3069 0.9517
vn 0.1338 -0.7886 0.6002
vn 0.1740 -0.7944 0.5820
vn -0.0000 -0.7568 0.6536
vn 0.7925 -0.4033 0.4575
vn 0.7875 -0.4161 0.4547
vn 0.7875 -0.4162 0.4546
vn 0.7925 -0.4034 0.4575
vn -0.7884 -0.4139 -0.4552
vn -0.7930 -0.4019 -0.4578
vn -0.7883 -0.4140 -0.4551
vn 0.8287 -0.2905 0.4784
vn 0.8520 -0.1795 0.4919
vn 0.5866 -0.7886 0.1841
vn 0.5910 -0.7944 0.1403
vn 0.4170 -0.7944 0.4417
vn 0.4528 -0.7886 0.4160
vn -0.0000 -0.3064 -0.9519
vn -0.0000 -0.1801 -0.9836
vn 0.0005 -0.1807 -0.9835
vn 0.0001 -0.3213 -0.9470
vn -0.0000 -0.7565 -0.6540
vn -0.1349 -0.7852 -0.6043
vn -0.1757 -0.7911 -0.5859
vn 0.0001 -0.4033 0.9151
vn -0.0002 -0.4164 0.9092
vn 0.0001 -0.4139 -0.9103
vn 0.0003 -0.1795 0.9838
vn -0.1338 -0.7886 0.6002
vn -0.1740 -0.7944 0.5820
vn -0.7875 -0.4161 0.4546
vn -0.7875 -0.4162 0.4546
vn -0.7924 -0.4034 0.4575
vn -0.7925 -0.4033 0.4575
vn 0.7930 -0.4019 -0.4578
vn 0.7883 -0.4140 -0.4551
vn 0.7884 -0.4139 -0.4552
vn -0.8520 -0.1795 0.4919
vn -0.8287 -0.2905 0.4784
vn -0.4170 -0.7944 0.4417
vn -0.5910 -0.7944 0.1403
vn -0.5867 -0.7886 0.1841
vn -0.4528 -0.7886 0.4160
vn -0.0002 -0.3214 -0.9470
vn -0.0005 -0.1807 -0.9835
vn 0.1757 -0.7911 -0.5859
vn 0.1349 -0.7852 -0.6043
vn -0.8201 -0.3212 -0.4735
vn -0.8518 -0.1808 -0.4918
vn -0.5953 -0.7910 -0.1411
vn -0.4198 -0.7910 -0.4450
vn -0.4562 -0.7851 -0.4189
vn -0.5909 -0.7851 -0.1857
vn -0.8652 -0.0446 -0.4995
vn 0.8518 -0.1808 -0.4918
vn 0.8201 -0.3212 -0.4735
vn 0.5909 -0.7851 -0.1857
vn 0.4562 -0.7851 -0.4189
vn 0.4198 -0.7910 -0.4450
vn 0.5953 -0.7911 -0.1411
vn 0.8652 -0.0446 -0.4995
vn -0.0000 -0.4173 -0.9088
vn -0.0000 -0.4135 0.9105
vn -0.0000 -0.2923 -0.9563
vn -0.0000 -0.3067 -0.9518
vn 0.7870 -0.4173 -0.4544
vn 0.7927 -0.4027 -0.4577
vn -0.7927 -0.4027 0.4577
vn -0.7885 -0.4135 0.4552
vn 0.8519 -0.1801 -0.4918
vn 0.8282 -0.2923 -0.4782
vn 0.5662 -0.7567 -0.3269
vn -0.0000 -0.3067 0.9518
vn -0.0000 -0.3199 0.9475
vn -0.7927 -0.4027 -0.4577
vn -0.7870 -0.4173 -0.4544
vn 0.7885 -0.4135 0.4553
vn 0.7927 -0.4026 0.4577
vn 0.7927 -0.4027 0.4577
vn -0.8282 -0.2923 -0.4782
vn -0.8519 -0.1801 -0.4918
vn -0.8519 -0.1802 -0.4918
vn -0.5662 -0.7567 -0.3269
vn 0.4298 -0.5110 0.7444
vn 0.4680 -0.3520 0.8106
vn 0.4520 -0.4273 0.7830
vn 0.4900 -0.1991 0.8487
vn 0.4931 -0.1652 0.8541
vn 0.4881 -0.2171 0.8454
vn 0.3434 -0.7269 0.5948
vn 0.3434 -0.7269 0.5947
vn 0.4996 -0.0409 0.8653
vn -0.0000 1.0000 0.0001
vn 0.7927 -0.4026 -0.4577
vn 0.7865 -0.4186 -0.4541
vn -0.7927 -0.4027 0.4576
vn 0.8286 -0.2907 -0.4784
vn 0.5662 -0.7566 -0.3270
vn -0.0000 -1.0000 -0.0001
vn -0.4298 -0.5110 0.7444
vn -0.4521 -0.4273 0.7830
vn -0.4680 -0.3520 0.8106
vn -0.4900 -0.1991 0.8487
vn -0.4881 -0.2171 0.8454
vn -0.4931 -0.1652 0.8541
vn -0.3434 -0.7269 0.5948
vn -0.4996 -0.0408 0.8653
vn -0.4996 -0.0409 0.8653
vn -0.7927 -0.4026 -0.4577
vn -0.7865 -0.4186 -0.4541
vn 0.7885 -0.4135 0.4552
vn -0.8286 -0.2907 -0.4784
vn -0.8519 -0.1802 0.4918
vn -0.8205 -0.3199 0.4737
vn -0.8519 -0.1801 0.4918
vn -0.5662 -0.7567 0.3269
vn 0.8205 -0.3199 0.4737
vn 0.8519 -0.1801 0.4918
vn 0.5662 -0.7567 0.3269
vn -0.5663 -0.7566 0.3269
vn 0.5663 -0.7566 0.3269
vn -0.0000 -0.4173 0.9088
vn -0.0000 -0.4135 -0.9105
vn -0.0000 -0.4027 -0.9154
vn -0.0000 -0.2923 0.9563
vn 0.7870 -0.4173 0.4544
vn -0.7885 -0.4135 -0.4552
vn 0.8282 -0.2923 0.4782
vn -0.0000 -0.3199 -0.9475
vn -0.7870 -0.4173 0.4544
vn 0.7885 -0.4135 -0.4553
vn -0.8282 -0.2923 0.4782
vn -0.0000 -0.4027 0.9154
vn 0.4298 -0.5110 -0.7444
vn 0.4520 -0.4273 -0.7830
vn 0.4680 -0.3520 -0.8106
vn 0.4900 -0.1991 -0.8487
vn 0.4881 -0.2171 -0.8454
vn 0.4931 -0.1652 -0.8541
vn 0.3434 -0.7269 -0.5948
vn 0.4996 -0.0409 -0.8653
vn -0.0000 1.0000 -0.0001
vn 0.7865 -0.4186 0.4541
vn -0.7927 -0.4027 -0.4576
vn 0.8286 -0.2907 0.4784
vn 0.5662 -0.7566 0.3270
vn -0.0000 -1.0000 0.0001
vn -0.4298 -0.5110 -0.7444
vn -0.4680 -0.3520 -0.8106
vn -0.4521 -0.4273 -0.7830
vn -0.4900 -0.1991 -0.8487
vn -0.4931 -0.1652 -0.8541
vn -0.4881 -0.2171 -0.8454
vn -0.3434 -0.7269 -0.5948
vn -0.4996 -0.0408 -0.8653
vn -0.4995 -0.0409 -0.8653
vn -0.7927 -0.4026 0.4577
vn -0.7865 -0.4186 0.4541
vn 0.7885 -0.4135 -0.4552
vn -0.8286 -0.2907 0.4784
vn -0.8205 -0.3199 -0.4737
vn 0.8205 -0.3199 -0.4737
vn -0.5663 -0.7566 -0.3269
vn 0.5663 -0.7566 -0.3269
vn 0.4481 -0.4439 -0.7760
vn 0.4436 -0.4618 -0.7681
vn 0.4436 -0.4616 -0.7682
vn 0.4480 -0.4438 -0.7761
vn -0.4409 -0.4718 0.7635
vn -0.4432 -0.4628 0.7677
vn -0.4409 -0.4717 0.7636
vn 0.4688 -0.3479 -0.8119
vn 0.4890 -0.2086 -0.8470
vn 0.4688 -0.3478 -0.8119
vn 0.4994 -0.0489 -0.8650
vn 0.4994 -0.0488 -0.8650
vn 0.8961 -0.4439 -0.0000
vn 0.8870 -0.4618 0.0001
vn 0.8871 -0.4616 -0.0000
vn 0.8961 -0.4438 -0.0000
vn -0.8817 -0.4718 -0.0000
vn -0.8865 -0.4628 -0.0000
vn -0.8817 -0.4717 -0.0000
vn 0.9375 -0.3479 -0.0000
vn 0.9780 -0.2086 -0.0000
vn 0.9376 -0.3478 -0.0000
vn -0.4992 -0.0543 0.8648
vn -0.4993 -0.0543 0.8647
vn -0.4993 -0.0543 0.8648
vn -0.4992 -0.0542 0.8648
vn -0.4435 -0.4616 -0.7683
vn -0.4481 -0.4438 -0.7760
vn -0.4480 -0.4439 -0.7761
vn -0.4434 -0.4618 -0.7682
vn 0.4433 -0.4628 0.7677
vn 0.4409 -0.4717 0.7636
vn 0.4408 -0.4718 0.7636
vn 0.4432 -0.4628 0.7677
vn -0.4890 -0.2086 -0.8470
vn -0.4688 -0.3478 -0.8119
vn -0.4688 -0.3479 -0.8119
vn -0.4994 -0.0489 -0.8650
vn 0.8865 -0.4628 -0.0000
vn 0.8817 -0.4717 -0.0000
vn 0.8817 -0.4718 0.0001
vn -0.9780 -0.2087 -0.0000
vn -0.9375 -0.3479 -0.0000
vn -0.8871 -0.4616 -0.0001
vn -0.8870 -0.4618 -0.0001
vn 0.4993 -0.0543 0.8647
vn 0.4993 -0.0543 0.8648
vn 0.4993 -0.0542 0.8647
vn -0.4689 -0.3470 0.8122
vn -0.4894 -0.2052 0.8476
vn -0.9787 -0.2052 -0.0000
vn -0.9378 -0.3470 -0.0000
vn -0.9985 -0.0543 -0.0000
vn 0.4894 -0.2052 0.8476
vn 0.4689 -0.3470 0.8122
vn 0.9379 -0.3470 -0.0000
vn 0.9787 -0.2052 -0.0000
vn 0.4435 -0.4616 0.7683
vn 0.4480 -0.4439 0.7761
vn 0.4434 -0.4618 0.7682
vn -0.4433 -0.4628 -0.7677
vn -0.4408 -0.4717 -0.7636
vn -0.4408 -0.4718 -0.7636
vn 0.4890 -0.2086 0.8470
vn 0.4688 -0.3478 0.8119
vn 0.4688 -0.3479 0.8119
vn 0.4994 -0.0488 0.8650
vn 0.9988 -0.0488 -0.0000
vn -0.4993 -0.0543 -0.8648
vn -0.4992 -0.0543 -0.8648
vn -0.4993 -0.0543 -0.8647
vn -0.4481 -0.4439 0.7760
vn -0.4436 -0.4618 0.7681
vn -0.4436 -0.4616 0.7682
vn 0.4409 -0.4718 -0.7636
vn 0.4432 -0.4628 -0.7677
vn 0.4409 -0.4717 -0.7636
vn -0.4688 -0.3479 0.8119
vn -0.4890 -0.2086 0.8470
vn -0.4688 -0.3478 0.8120
vn -0.4994 -0.0489 0.8650
vn -0.8961 -0.4439 -0.0001
vn -0.8961 -0.4438 -0.0000
vn -0.9988 -0.0488 -0.0000
vn 0.4993 -0.0543 -0.8647
vn 0.4993 -0.0542 -0.8647
vn -0.4894 -0.2052 -0.8476
vn -0.4689 -0.3470 -0.8122
vn 0.4689 -0.3470 -0.8122
vn 0.4894 -0.2052 -0.8476
vn 0.4690 -0.3470 -0.8122
vn 0.9985 -0.0543 -0.0000
vn -0.9484 0.3170 -0.0000
vn -0.8214 0.3170 0.4742
vn -0.4742 0.3170 0.8214
vn -0.0000 0.3170 0.9484
vn 0.4742 0.3170 0.8214
vn 0.8214 0.3170 0.4742
vn 0.9484 0.3170 -0.0000
vn 0.8214 0.3170 -0.4742
vn 0.4742 0.3170 -0.8214
vn -0.0000 0.3170 -0.9484
vn -0.4742 0.3170 -0.8214
vn -0.8214 0.3170 -0.4742
vn -0.7155 -0.6986 -0.0000
vn -0.6197 -0.6986 0.3577
vn -0.6196 -0.6986 0.3577
vn -0.3577 -0.6986 0.6196
vn -0.0000 -0.6986 0.7155
vn 0.3577 -0.6986 0.6196
vn 0.6196 -0.6986 0.3577
vn 0.7155 -0.6986 -0.0000
vn 0.6197 -0.6986 -0.3577
vn 0.6196 -0.6986 -0.3577
vn 0.3577 -0.6986 -0.6196
vn -0.0000 -0.6986 -0.7155
vn -0.3577 -0.6986 -0.6196
vn -0.6196 -0.6986 -0.3577
vn -0.6196 -0.6986 -0.3578
vn -0.9802 0.1979 -0.0000
vn -0.8489 0.1979 0.4901
vn -0.4901 0.1979 0.8489
vn -0.0000 0.1979 0.9802
vn 0.4901 0.1979 0.8489
vn 0.8489 0.1979 0.4901
vn 0.9802 0.1979 -0.0000
vn 0.8489 0.1979 -0.4901
vn 0.4901 0.1979 -0.8489
vn -0.0000 0.1979 -0.9802
vn -0.4901 0.1979 -0.8489
vn -0.8489 0.1979 -0.4901
vn -0.2955 0.9400 0.1706
vn -0.3412 0.9400 -0.0000
vn -0.1706 0.9400 0.2955
vn -0.0000 0.9400 0.3412
vn 0.1706 0.9400 0.2955
vn 0.2955 0.9400 0.1706
vn 0.3412 0.9400 -0.0000
vn 0.2955 0.9400 -0.1706
vn 0.1706 0.9400 -0.2955
vn -0.0000 0.9400 -0.3412
vn -0.1706 0.9400 -0.2955
vn -0.2955 0.9400 -0.1706
vn -0.8660 -0.0000 0.5000
vn -1.0000 -0.0000 -0.0000
vn -0.5000 -0.0000 0.8660
vn -0.0000 -0.0000 1.0000
vn 0.5000 -0.0000 0.8660
vn 0.8660 -0.0000 0.5000
vn 1.0000 -0.0000 -0.0000
vn 0.8660 -0.0000 -0.5000
vn 0.5000 -0.0000 -0.8660
vn -0.0000 -0.0000 -1.0000
vn -0.5000 -0.0000 -0.8660
vn -0.8660 -0.0000 -0.5000
vn -0.2369 -0.9619 0.1368
vn -0.2736 -0.9619 -0.0000
vn -0.1605 -0.9870 -0.0000
vn -0.1390 -0.9870 0.0803
vn -0.1368 -0.9619 0.2369
vn -0.0803 -0.9870 0.1390
vn -0.0000 -0.9619 0.2736
vn -0.0000 -0.9870 0.1605
vn 0.1368 -0.9619 0.2369
vn 0.0803 -0.9870 0.1390
vn 0.2369 -0.9619 0.1368
vn 0.1390 -0.9870 0.0803
vn 0.2736 -0.9619 -0.0000
vn 0.1605 -0.9870 -0.0000
vn 0.2369 -0.9619 -0.1368
vn 0.1390 -0.9870 -0.0803
vn 0.1368 -0.9619 -0.2369
vn 0.0803 -0.9870 -0.1390
vn -0.0000 -0.9619 -0.2736
vn -0.0000 -0.9870 -0.1605
vn -0.1368 -0.9619 -0.2369
vn -0.0803 -0.9870 -0.1390
vn -0.2369 -0.9619 -0.1368
vn -0.1390 -0.9870 -0.0803
vn 0.5643 -0.6022 -0.5648
vn -0.5643 -0.6021 -0.5648
vn -0.6651 0.3426 -0.6635
vn 0.6651 0.3426 -0.6636
vn 0.5643 -0.6021 0.5648
vn 0.6651 0.3426 0.6635
vn -0.6651 0.3426 0.6635
vn -0.5643 -0.6021 0.5648
vn -0.3202 0.8895 -0.3261
vn -0.3202 0.8894 0.3261
vn 0.3202 0.8895 0.3261
vn 0.3202 0.8895 -0.3261
vn 0.3575 0.5667 0.7423
vn 0.3973 0.4019 0.8250
vn -0.0000 0.4019 0.9157
vn -0.0000 0.5667 0.8239
vn 0.6442 0.5667 0.5137
vn 0.7159 0.4019 0.5709
vn 0.8033 0.5667 0.1833
vn 0.8927 0.4019 0.2038
vn 0.8033 0.5667 -0.1833
vn 0.8927 0.4019 -0.2038
vn 0.6442 0.5667 -0.5137
vn 0.7159 0.4019 -0.5709
vn 0.3575 0.5667 -0.7423
vn 0.3973 0.4019 -0.8250
vn -0.0000 0.5667 -0.8239
vn -0.0000 0.4019 -0.9157
vn -0.3575 0.5667 -0.7423
vn -0.3973 0.4019 -0.8250
vn -0.6442 0.5667 -0.5137
vn -0.7159 0.4019 -0.5709
vn -0.8033 0.5667 -0.1833
vn -0.8927 0.4019 -0.2038
vn -0.8033 0.5667 0.1833
vn -0.8927 0.4019 0.2038
vn -0.6442 0.5667 0.5137
vn -0.7159 0.4019 0.5709
vn -0.3575 0.5667 0.7423
vn -0.3973 0.4019 0.8250
vn 0.4237 0.2160 0.8797
vn -0.0000 0.2160 0.9764
vn 0.7634 0.2160 0.6088
vn 0.9519 0.2160 0.2173
vn 0.9519 0.2160 -0.2173
vn 0.7634 0.2160 -0.6088
vn 0.4236 0.2160 -0.8797
vn -0.0000 0.2160 -0.9764
vn -0.4236 0.2160 -0.8797
vn -0.7634 0.2160 -0.6088
vn -0.9519 0.2160 -0.2173
vn -0.9519 0.2160 0.2173
vn -0.7634 0.2160 0.6088
vn -0.4236 0.2160 0.8797
vn 0.4236 -0.2160 0.8797
vn -0.0000 -0.2160 0.9764
vn 0.7634 -0.2160 0.6088
vn 0.9519 -0.2160 0.2173
vn 0.9519 -0.2160 -0.2173
vn 0.7634 -0.2160 -0.6088
vn 0.4237 -0.2160 -0.8797
vn -0.0000 -0.2160 -0.9764
vn -0.4236 -0.2160 -0.8797
vn -0.7634 -0.2160 -0.6088
vn -0.9519 -0.2160 -0.2173
vn -0.9519 -0.2160 0.2173
vn -0.7634 -0.2160 0.6088
vn -0.4236 -0.2160 0.8797
vn 0.3443 -0.6085 0.7150
vn -0.0000 -0.6085 0.7936
vn 0.6204 -0.6085 0.4948
vn 0.7737 -0.6085 0.1766
vn 0.7737 -0.6085 -0.1766
vn 0.6204 -0.6085 -0.4948
vn 0.3443 -0.6085 -0.7150
vn -0.0000 -0.6085 -0.7936
vn -0.3443 -0.6085 -0.7150
vn -0.6204 -0.6085 -0.4948
vn -0.7737 -0.6085 -0.1766
vn -0.7737 -0.6085 0.1766
vn -0.6204 -0.6085 0.4948
vn -0.3443 -0.6085 0.7150
vn 0.3853 -0.4599 0.8000
vn -0.0000 -0.4599 0.8880
vn 0.6943 -0.4599 0.5536
vn 0.8657 -0.4599 0.1976
vn 0.8657 -0.4599 -0.1976
vn 0.6943 -0.4599 -0.5536
vn 0.3853 -0.4599 -0.8000
vn -0.0000 -0.4599 -0.8880
vn -0.3852 -0.4599 -0.8000
vn -0.6942 -0.4599 -0.5536
vn -0.8657 -0.4599 -0.1976
vn -0.8657 -0.4599 0.1976
vn -0.6942 -0.4599 0.5537
vn -0.3853 -0.4599 0.8000
vn 0.4339 -0.0000 0.9010
vn 0.7818 -0.0000 0.6235
vn 0.9749 -0.0000 0.2225
vn 0.9749 -0.0000 -0.2225
vn 0.7819 -0.0000 -0.6235
vn 0.4339 -0.0000 -0.9010
vn -0.4339 -0.0000 -0.9010
vn -0.7818 -0.0000 -0.6235
vn -0.9749 -0.0000 -0.2225
vn -0.9749 -0.0000 0.2225
vn -0.7818 -0.0000 0.6235
vn -0.4339 -0.0000 0.9010
vn 0.3763 -0.4979 0.7813
vn -0.0000 -0.4979 0.8672
vn 0.6780 -0.4979 0.5407
vn 0.8455 -0.4979 0.1930
vn 0.8455 -0.4979 -0.1930
vn 0.6780 -0.4979 -0.5407
vn 0.3763 -0.4979 -0.7813
vn -0.0000 -0.4979 -0.8672
vn -0.3763 -0.4979 -0.7813
vn -0.6780 -0.4979 -0.5407
vn -0.8455 -0.4979 -0.1930
vn -0.8455 -0.4979 0.1930
vn -0.6780 -0.4979 0.5407
vn -0.3763 -0.4979 0.7813
vn 0.3824 -0.4724 0.7941
vn -0.0000 -0.4724 0.8814
vn 0.6891 -0.4724 0.5495
vn 0.8593 -0.4724 0.1961
vn 0.8593 -0.4724 -0.1961
vn 0.6891 -0.4724 -0.5496
vn 0.3824 -0.4724 -0.7941
vn -0.0000 -0.4724 -0.8814
vn -0.3824 -0.4724 -0.7941
vn -0.6891 -0.4724 -0.5495
vn -0.8593 -0.4724 -0.1961
vn -0.8593 -0.4724 0.1961
vn -0.6891 -0.4724 0.5496
vn -0.3824 -0.4724 0.7941
vn 0.3731 0.5103 0.7748
vn -0.0000 0.5103 0.8600
vn 0.6724 0.5103 0.5362
vn 0.8384 0.5103 0.1914
vn 0.8384 0.5103 -0.1914
vn 0.6724 0.5103 -0.5362
vn 0.3731 0.5103 -0.7748
vn -0.0000 0.5103 -0.8600
vn -0.3731 0.5103 -0.7748
vn -0.6724 0.5103 -0.5362
vn -0.8384 0.5103 -0.1914
vn -0.8384 0.5103 0.1914
vn -0.6724 0.5103 0.5362
vn -0.3731 0.5103 0.7748
vn 0.0855 0.9804 0.1776
vn -0.0000 0.9804 0.1971
vn 0.1541 0.9804 0.1229
vn 0.1922 0.9804 0.0439
vn 0.1922 0.9804 -0.0439
vn 0.1541 0.9804 -0.1229
vn 0.0855 0.9804 -0.1776
vn -0.0000 0.9804 -0.1972
vn -0.0855 0.9804 -0.1776
vn -0.1541 0.9804 -0.1229
vn -0.1922 0.9804 -0.0439
vn -0.1922 0.9804 0.0439
vn -0.1541 0.9804 0.1229
vn -0.0855 0.9804 0.1776
vn -0.4414 0.4696 -0.7646
vn -0.8829 0.4696 -0.0000
vn 0.4414 0.4696 -0.7646
vn 0.8829 0.4696 -0.0000
vn 0.4414 0.4696 0.7646
vn -0.4414 0.4696 0.7646
vn -0.4579 0.4014 -0.7932
vn -0.9159 0.4014 -0.0000
vn 0.4579 0.4014 -0.7932
vn 0.9159 0.4014 -0.0000
vn 0.4579 0.4014 0.7932
vn -0.4579 0.4014 0.7932
vn -0.4987 0.0723 -0.8638
vn -0.9974 0.0723 -0.0000
vn 0.4987 0.0723 -0.8638
vn 0.9974 0.0723 -0.0000
vn 0.4987 0.0723 0.8638
vn -0.4987 0.0723 0.8638
vn -0.0000 -0.6630 -0.7486
vn 0.5294 -0.6630 -0.5293
vn 0.7486 -0.6630 -0.0000
vn 0.5294 -0.6630 0.5293
vn -0.0000 -0.6630 0.7486
vn -0.5293 -0.6630 0.5294
vn -0.7486 -0.6630 -0.0000
vn -0.5293 -0.6630 -0.5294
vn 0.7071 -0.0000 -0.7071
vn 0.7071 -0.0000 0.7071
vn -0.7071 -0.0000 0.7071
vn -0.7071 -0.0000 -0.7071
vn 0.5294 0.6630 -0.5294
vn -0.0000 0.6630 -0.7486
vn 0.7486 0.6630 -0.0000
vn 0.5294 0.6630 0.5294
vn -0.0000 0.6630 0.7486
vn -0.5293 0.6630 0.5294
vn -0.7486 0.6630 -0.0000
vn -0.5293 0.6630 -0.5293
vn -0.8184 0.3024 0.4887
vn -0.8320 0.3028 0.4648
vn -0.8074 0.3731 0.4571
vn -0.7966 0.3738 0.4750
vn 0.0123 0.3052 0.9522
vn -0.0123 0.3020 0.9532
vn -0.0123 0.3693 0.9292
vn 0.0123 0.3719 0.9282
vn 0.8312 0.3056 0.4644
vn 0.8178 0.3021 0.4898
vn 0.8019 0.3676 0.4709
vn 0.8074 0.3731 0.4571
vn 0.8173 0.3050 -0.4888
vn 0.8320 0.3028 -0.4648
vn 0.8074 0.3731 -0.4571
vn 0.7966 0.3738 -0.4750
vn -0.0123 0.3050 -0.9523
vn 0.0123 0.3022 -0.9532
vn 0.0122 0.3693 -0.9292
vn -0.0123 0.3722 -0.9281
vn -0.8312 0.3056 -0.4644
vn -0.8181 0.3023 -0.4893
vn -0.7966 0.3739 -0.4750
vn -0.8074 0.3731 -0.4571
vn -0.0976 0.9823 0.1602
vn -0.0122 0.8792 0.4763
vn 0.0123 0.8798 0.4751
vn 0.0976 0.9823 0.1601
vn 0.4034 0.8800 0.2506
vn 0.4161 0.8811 0.2249
vn 0.1832 0.9831 -0.0000
vn 0.4160 0.8809 -0.2256
vn 0.4034 0.8800 -0.2506
vn 0.0976 0.9821 -0.1608
vn 0.0122 0.8795 -0.4757
vn -0.0122 0.8792 -0.4763
vn -0.0976 0.9821 -0.1609
vn -0.4034 0.8800 -0.2506
vn -0.4161 0.8809 -0.2256
vn -0.1832 0.9831 -0.0000
vn -0.4161 0.8811 0.2249
vn -0.4034 0.8800 0.2506
vn -0.8416 0.2775 0.4634
vn -0.8205 0.2786 0.4991
vn -0.8410 0.2773 0.4646
vn -0.8218 0.2791 0.4968
vn -0.7685 0.4697 0.4345
vn -0.7592 0.4715 0.4486
vn -0.0245 0.2779 0.9603
vn 0.0245 0.2779 0.9603
vn -0.0123 0.2780 0.9605
vn 0.0123 0.2780 0.9605
vn -0.0123 0.4673 0.8840
vn 0.0123 0.4703 0.8824
vn 0.8205 0.2787 0.4991
vn 0.8416 0.2775 0.4634
vn 0.8218 0.2791 0.4968
vn 0.8410 0.2773 0.4646
vn 0.7598 0.4688 0.4505
vn 0.7685 0.4697 0.4345
vn 0.8419 0.2776 -0.4628
vn 0.8205 0.2787 -0.4991
vn 0.8410 0.2773 -0.4646
vn 0.8214 0.2790 -0.4974
vn 0.7683 0.4695 -0.4351
vn 0.7590 0.4714 -0.4492
vn 0.0245 0.2777 -0.9604
vn -0.0245 0.2777 -0.9604
vn 0.0123 0.2778 -0.9606
vn -0.0123 0.2778 -0.9606
vn 0.0123 0.4669 -0.8842
vn -0.0123 0.4699 -0.8826
vn -0.8205 0.2786 -0.4991
vn -0.8419 0.2776 -0.4628
vn -0.8215 0.2790 -0.4974
vn -0.8410 0.2773 -0.4646
vn -0.7601 0.4690 -0.4498
vn -0.7685 0.4697 -0.4345
vn -0.6814 0.6235 0.3832
vn -0.6710 0.6283 0.3936
vn -0.0001 0.6258 0.7800
vn 0.0001 0.6284 0.7779
vn 0.6723 0.6265 0.3943
vn 0.6735 0.6306 0.3857
vn 0.6812 0.6234 -0.3839
vn 0.6708 0.6281 -0.3942
vn 0.0001 0.6258 -0.7800
vn -0.0001 0.6284 -0.7779
vn -0.6721 0.6263 -0.3950
vn -0.6735 0.6306 -0.3857
vn -0.4526 0.4067 0.7936
vn -0.4752 0.3320 0.8148
vn -0.9427 0.3336 -0.0008
vn -0.9142 0.4053 -0.0000
vn 0.4526 0.4067 0.7936
vn 0.4752 0.3321 0.8148
vn 0.9142 0.4053 -0.0000
vn 0.9427 0.3337 0.0008
vn 0.4529 0.4070 -0.7933
vn 0.4755 0.3323 -0.8146
vn -0.4529 0.4070 -0.7933
vn -0.4752 0.3321 -0.8148
vn -0.4758 0.3172 0.8204
vn -0.9487 0.3162 -0.0008
vn -0.4756 0.3141 0.8217
vn -0.9496 0.3135 -0.0000
vn -0.8633 0.5046 -0.0000
vn -0.4276 0.5071 0.7483
vn 0.4758 0.3172 0.8204
vn 0.4756 0.3141 0.8217
vn 0.4281 0.5076 0.7477
vn 0.9487 0.3162 0.0008
vn 0.9496 0.3135 -0.0000
vn 0.8633 0.5046 -0.0000
vn 0.4758 0.3172 -0.8204
vn 0.4759 0.3143 -0.8214
vn 0.4276 0.5071 -0.7483
vn -0.4758 0.3172 -0.8204
vn -0.4759 0.3143 -0.8214
vn -0.4279 0.5073 -0.7480
vn -0.7556 0.6550 0.0015
vn -0.3780 0.6554 0.6539
vn 0.3784 0.6561 0.6530
vn 0.7556 0.6550 -0.0015
vn 0.3780 0.6554 -0.6539
vn -0.3784 0.6561 -0.6530
vn 0.8636 -0.0013 -0.5041
vn 0.8687 -0.0000 -0.4954
vn 0.8686 -0.0013 -0.4954
vn 0.8636 -0.0015 -0.5041
vn -0.0123 -0.0013 -0.9999
vn 0.0123 -0.0000 -0.9999
vn 0.0123 -0.0013 -0.9999
vn -0.0123 -0.0000 -0.9999
vn -0.8686 -0.0015 -0.4954
vn -0.8687 -0.0013 -0.4954
vn -0.8636 -0.0000 -0.5041
vn -0.8636 -0.0013 -0.5041
vn 0.8686 -0.0015 0.4954
vn 0.8687 -0.0013 0.4954
vn 0.8633 -0.0000 0.5047
vn 0.8633 -0.0013 0.5047
vn 0.0123 -0.0015 0.9999
vn 0.0123 -0.0013 0.9999
vn -0.0123 -0.0000 0.9999
vn -0.0123 -0.0013 0.9999
vn -0.8633 -0.0013 0.5047
vn -0.8687 -0.0000 0.4954
vn -0.8686 -0.0013 0.4954
vn -0.8633 -0.0015 0.5047
vn 0.5005 -0.0015 -0.8657
vn 0.5004 -0.0001 -0.8658
vn 1.0000 -0.0001 -0.0000
vn 1.0000 -0.0014 -0.0000
vn -0.5000 -0.0014 -0.8660
vn -0.5004 -0.0001 -0.8658
vn -1.0000 -0.0014 -0.0000
vn -1.0000 -0.0001 -0.0000
vn 0.5007 -0.0001 0.8656
vn 0.5000 -0.0014 0.8660
vn -0.5007 -0.0000 0.8656
vn -0.5000 -0.0014 0.8660
vn 0.0587 -0.4759 -0.8775
vn -0.4727 -0.3258 -0.8188
vn -0.4923 0.1752 -0.8526
vn 0.4301 0.1421 -0.8915
vn 0.8573 -0.1675 0.4867
vn 0.7518 -0.2183 -0.6222
vn 0.9262 0.2643 -0.2691
vn 0.6633 0.3452 0.6640
vn 0.4105 0.7486 -0.5206
vn -0.3333 0.7454 -0.5773
vn 0.1143 0.9735 0.1981
vn 0.3592 0.8640 0.3528
vn 0.3798 -0.6686 0.6393
vn 0.7619 -0.6472 0.0261
vn -0.4660 0.3624 -0.8071
vn 0.4603 0.3906 0.7972
vn 0.3428 0.7280 0.5937
vn 0.4941 -0.1526 0.8559
vn 0.2132 -0.9045 0.3693
vn 0.5031 -0.7800 -0.3720
vn -0.1553 -0.9505 -0.2690
vn -0.3192 -0.7698 -0.5528
vn -0.7893 -0.4759 -0.3879
vn -0.9871 0.1421 -0.0732
vn -0.0071 -0.1675 0.9858
vn 0.2434 0.3452 0.9064
vn -0.6961 0.2643 0.6676
vn -0.9147 -0.2183 0.3400
vn -0.6561 0.7486 0.0953
vn 0.1259 0.8640 0.4875
vn -0.3583 -0.6472 0.6728
vn 0.3637 -0.6686 0.6486
vn -0.5737 -0.7801 0.2497
vn -0.9845 -0.1752 -0.0000
vn -0.9455 0.3258 -0.0000
vn -0.7306 0.4759 -0.4896
vn -0.5570 -0.1421 -0.8183
vn 0.8502 0.1675 -0.4991
vn 0.9067 -0.3452 -0.2424
vn 0.2301 -0.2643 -0.9366
vn -0.1629 0.2183 -0.9622
vn -0.2456 -0.7486 -0.6158
vn 0.4852 -0.8640 -0.1347
vn 0.2287 -0.9735 -0.0000
vn -0.6666 -0.7454 -0.0000
vn 0.4035 0.6472 -0.6467
vn 0.7436 0.6686 -0.0093
vn -0.9320 -0.3624 -0.0000
vn 0.9206 -0.3906 -0.0000
vn 0.6856 -0.7280 -0.0000
vn 0.4264 0.9045 -0.0000
vn 0.9883 0.1526 -0.0000
vn -0.0706 0.7800 -0.6217
vn -0.3107 0.9505 -0.0000
vn -0.6384 0.7697 -0.0000
vn 0.0587 -0.4759 0.8775
vn 0.4301 0.1421 0.8915
vn -0.4923 0.1751 0.8526
vn -0.4727 -0.3258 0.8188
vn 0.8573 -0.1675 -0.4867
vn 0.6633 0.3452 -0.6640
vn 0.9262 0.2643 0.2691
vn 0.7518 -0.2183 0.6222
vn 0.4105 0.7486 0.5206
vn 0.3592 0.8640 -0.3528
vn 0.1143 0.9735 -0.1981
vn -0.3333 0.7454 0.5773
vn 0.7619 -0.6472 -0.0261
vn 0.3798 -0.6686 -0.6393
vn -0.4660 0.3624 0.8072
vn 0.4603 0.3906 -0.7972
vn 0.3428 0.7280 -0.5937
vn 0.2132 -0.9045 -0.3693
vn 0.4941 -0.1526 -0.8559
vn 0.5031 -0.7800 0.3720
vn -0.1553 -0.9505 0.2690
vn -0.3191 -0.7698 0.5528
vn -0.7893 -0.4759 0.3879
vn -0.9871 0.1421 0.0732
vn -0.0071 -0.1675 -0.9858
vn -0.9147 -0.2183 -0.3400
vn -0.6961 0.2643 -0.6676
vn 0.2434 0.3452 -0.9064
vn -0.6561 0.7486 -0.0953
vn 0.1259 0.8640 -0.4875
vn 0.3637 -0.6686 -0.6486
vn -0.3583 -0.6472 -0.6728
vn -0.5737 -0.7801 -0.2497
vn -0.5570 -0.1421 0.8183
vn -0.7306 0.4759 0.4896
vn 0.8502 0.1675 0.4991
vn -0.1629 0.2183 0.9622
vn 0.2301 -0.2643 0.9366
vn 0.9067 -0.3452 0.2424
vn -0.2456 -0.7486 0.6158
vn 0.4852 -0.8640 0.1347
vn 0.7436 0.6686 0.0093
vn 0.4035 0.6472 0.6467
vn -0.0706 0.7800 0.6217
vn -0.0587 -0.4759 -0.8775
vn -0.4301 0.1421 -0.8915
vn 0.4923 0.1752 -0.8526
vn 0.4727 -0.3258 -0.8188
vn -0.8573 -0.1675 0.4868
vn -0.6633 0.3452 0.6640
vn -0.9262 0.2642 -0.2691
vn -0.7518 -0.2183 -0.6222
vn -0.4106 0.7486 -0.5206
vn -0.3593 0.8640 0.3528
vn -0.1143 0.9735 0.1981
vn 0.3333 0.7454 -0.5773
vn -0.7618 -0.6472 0.0261
vn -0.3798 -0.6686 0.6393
vn 0.4660 0.3625 -0.8071
vn -0.4603 0.3906 0.7972
vn -0.3428 0.7280 0.5938
vn -0.2132 -0.9045 0.3693
vn -0.4941 -0.1527 0.8559
vn -0.5031 -0.7800 -0.3720
vn 0.1553 -0.9505 -0.2690
vn 0.3192 -0.7698 -0.5528
vn 0.7894 -0.4759 -0.3879
vn 0.9871 0.1421 -0.0732
vn 0.0071 -0.1675 0.9858
vn 0.9147 -0.2183 0.3400
vn 0.6961 0.2643 0.6676
vn -0.2434 0.3452 0.9064
vn 0.6561 0.7486 0.0953
vn -0.1259 0.8640 0.4875
vn -0.3637 -0.6686 0.6486
vn 0.3583 -0.6472 0.6728
vn 0.5738 -0.7800 0.2497
vn 0.9845 -0.1755 -0.0000
vn 0.5570 -0.1421 -0.8183
vn 0.7306 0.4759 -0.4897
vn 0.9454 0.3258 -0.0000
vn -0.8502 0.1675 -0.4991
vn 0.1629 0.2183 -0.9622
vn -0.2301 -0.2643 -0.9366
vn -0.9066 -0.3453 -0.2424
vn 0.2456 -0.7486 -0.6158
vn 0.6666 -0.7454 -0.0000
vn -0.2287 -0.9735 -0.0000
vn -0.4851 -0.8640 -0.1347
vn -0.7436 0.6686 -0.0093
vn -0.4035 0.6472 -0.6467
vn 0.9319 -0.3628 -0.0000
vn -0.9206 -0.3905 -0.0000
vn -0.6856 -0.7280 -0.0000
vn -0.9883 0.1526 -0.0000
vn -0.4264 0.9045 -0.0000
vn 0.0707 0.7800 -0.6217
vn 0.3107 0.9505 -0.0000
vn 0.6383 0.7698 -0.0000
vn -0.0587 -0.4759 0.8775
vn 0.4727 -0.3258 0.8188
vn 0.4923 0.1752 0.8526
vn -0.4301 0.1421 0.8915
vn -0.8573 -0.1675 -0.4868
vn -0.7518 -0.2183 0.6222
vn -0.9262 0.2642 0.2690
vn -0.6633 0.3452 -0.6640
vn -0.4106 0.7486 0.5206
vn 0.3333 0.7454 0.5773
vn -0.1143 0.9735 -0.1981
vn -0.3593 0.8640 -0.3528
vn -0.3798 -0.6686 -0.6393
vn -0.7618 -0.6472 -0.0261
vn 0.4660 0.3624 0.8072
vn -0.4603 0.3906 -0.7972
vn -0.3428 0.7280 -0.5938
vn -0.4941 -0.1527 -0.8559
vn -0.2132 -0.9045 -0.3693
vn -0.5031 -0.7800 0.3720
vn 0.1553 -0.9505 0.2690
vn 0.3192 -0.7698 0.5528
vn 0.7894 -0.4759 0.3879
vn 0.9871 0.1421 0.0732
vn 0.0071 -0.1675 -0.9858
vn -0.2434 0.3452 -0.9064
vn 0.6961 0.2643 -0.6676
vn 0.9147 -0.2183 -0.3400
vn 0.6561 0.7486 -0.0953
vn -0.1259 0.8640 -0.4875
vn 0.3583 -0.6472 -0.6728
vn -0.3637 -0.6686 -0.6486
vn 0.5738 -0.7800 -0.2497
vn 0.7306 0.4759 0.4897
vn 0.5570 -0.1421 0.8183
vn -0.8502 0.1675 0.4991
vn -0.9067 -0.3453 0.2424
vn -0.2301 -0.2643 0.9366
vn 0.1629 0.2183 0.9622
vn 0.2456 -0.7486 0.6158
vn -0.4851 -0.8640 0.1347
vn -0.4035 0.6472 0.6467
vn -0.7436 0.6686 0.0093
vn 0.0707 0.7800 0.6217
vn -0.3191 -0.7698 -0.5528
vn 0.2286 -0.9735 -0.0000
vn 0.4035 0.6473 -0.6467
vn 0.6855 -0.7280 -0.0000
vn 0.0587 -0.4759 0.8776
vn -0.4923 0.1752 0.8526
vn 0.1144 0.9735 -0.1981
vn 0.7618 -0.6472 -0.0261
vn -0.4660 0.3624 0.8071
vn -0.3192 -0.7698 0.5528
vn 0.4035 0.6473 0.6467
vn -0.0706 0.7801 0.6217
vn 0.4660 0.3624 -0.8072
vn -0.3428 0.7280 0.5937
vn -0.9067 -0.3453 -0.2424
vn -0.9262 0.2642 0.2691
vn 0.4660 0.3625 0.8072
vn -0.5031 -0.7800 0.3721
vn 0.0707 0.7801 0.6217
vn 0.6483 -0.0425 -0.7602
vn 0.1202 -0.0091 -0.9927
vn 0.1011 -0.0283 -0.9945
vn 0.6251 -0.1531 -0.7654
vn 0.9701 -0.2426 -0.0000
vn 0.9978 -0.0670 -0.0000
vn 0.2154 -0.0550 0.9750
vn 0.2253 -0.0156 0.9742
vn 0.2254 -0.0147 0.9741
vn 0.2162 -0.0526 0.9749
vn -0.9701 0.2426 -0.0000
vn -0.9978 0.0670 -0.0000
vn 0.1011 -0.0523 -0.9935
vn 0.5784 -0.2644 -0.7718
vn 0.9062 -0.4228 -0.0000
vn 0.1964 -0.0937 0.9760
vn 0.1987 -0.0903 0.9759
vn -0.9062 0.4227 -0.0000
vn 0.0978 -0.0687 -0.9928
vn 0.5273 -0.3364 -0.7802
vn 0.8390 -0.5441 -0.0000
vn 0.1767 -0.1167 0.9773
vn 0.1795 -0.1140 0.9771
vn -0.8390 0.5441 -0.0000
vn 0.0934 -0.0798 -0.9924
vn 0.4822 -0.3824 -0.7882
vn 0.7795 -0.6264 -0.0000
vn 0.1600 -0.1305 0.9784
vn 0.1627 -0.1286 0.9783
vn -0.7795 0.6264 -0.0000
vn 0.4448 -0.4126 -0.7950
vn 0.0888 -0.0876 -0.9922
vn 0.7295 -0.6840 -0.0000
vn 0.1465 -0.1391 0.9794
vn 0.1489 -0.1378 0.9792
vn -0.7295 0.6840 -0.0000
vn 0.4139 -0.4330 -0.8007
vn 0.0844 -0.0930 -0.9921
vn 0.6876 -0.7261 -0.0000
vn 0.1356 -0.1447 0.9801
vn 0.1377 -0.1437 0.9800
vn -0.6876 0.7261 -0.0000
vn 0.3928 -0.4452 -0.8047
vn 0.0793 -0.0967 -0.9922
vn 0.6600 -0.7512 -0.0000
vn 0.1233 -0.1497 0.9810
vn 0.1296 -0.1488 0.9803
vn -0.6414 0.7672 -0.0000
vn -0.0000 -0.4901 -0.8717
vn -0.0000 0.0531 -0.9986
vn 0.6516 -0.7585 -0.0000
vn 0.0030 -0.1524 0.9883
vn 0.0002 -0.1537 0.9881
vn -0.6137 0.7895 -0.0000
vn -0.0793 -0.0967 -0.9922
vn -0.3928 -0.4452 -0.8047
vn -0.6516 -0.7585 -0.0000
vn -0.6600 -0.7512 -0.0000
vn -0.1300 -0.1472 0.9805
vn -0.1245 -0.1503 0.9808
vn 0.6137 0.7896 -0.0000
vn 0.6414 0.7672 -0.0000
vn -0.0844 -0.0930 -0.9921
vn -0.4140 -0.4330 -0.8007
vn -0.6876 -0.7261 -0.0000
vn -0.1356 -0.1447 0.9801
vn -0.1377 -0.1437 0.9800
vn 0.6876 0.7261 -0.0000
vn -0.0888 -0.0876 -0.9922
vn -0.4448 -0.4126 -0.7950
vn -0.7295 -0.6840 -0.0000
vn -0.1465 -0.1391 0.9794
vn -0.1489 -0.1378 0.9792
vn 0.7295 0.6840 -0.0000
vn -0.0934 -0.0798 -0.9924
vn -0.4822 -0.3824 -0.7882
vn -0.7795 -0.6264 -0.0000
vn -0.1600 -0.1305 0.9784
vn -0.1627 -0.1286 0.9783
vn 0.7795 0.6264 -0.0000
vn -0.5273 -0.3364 -0.7802
vn -0.0978 -0.0687 -0.9928
vn -0.8390 -0.5441 -0.0000
vn -0.1767 -0.1167 0.9773
vn -0.1795 -0.1140 0.9771
vn 0.8390 0.5441 -0.0000
vn -0.5784 -0.2644 -0.7717
vn -0.1011 -0.0523 -0.9935
vn -0.9062 -0.4227 -0.0000
vn -0.9063 -0.4227 -0.0000
vn -0.1964 -0.0937 0.9760
vn -0.1987 -0.0903 0.9759
vn 0.9063 0.4227 -0.0000
vn -0.6251 -0.1531 -0.7654
vn -0.1011 -0.0283 -0.9945
vn -0.9701 -0.2426 -0.0000
vn -0.2154 -0.0550 0.9750
vn -0.2162 -0.0526 0.9749
vn 0.9701 0.2426 -0.0000
vn -0.1202 -0.0091 -0.9927
vn -0.6483 -0.0425 -0.7602
vn -0.9978 -0.0670 -0.0000
vn -0.2253 -0.0156 0.9742
vn -0.2254 -0.0147 0.9741
vn 0.9978 0.0670 -0.0000
vn 0.6517 -0.0000 -0.7585
vn 0.1434 -0.0000 -0.9897
vn 0.2271 -0.0000 0.9739
vn 0.4097 -0.0000 -0.9122
vn -0.1434 -0.0000 -0.9897
vn 0.4068 0.0281 -0.9131
vn -0.2271 -0.0000 0.9739
vn 0.3719 0.3285 -0.8682
vn -0.0725 -0.0438 -0.9964
vn 0.1057 0.1095 0.9883
vn 0.1180 0.0987 0.9881
vn 0.1976 -0.2046 -0.9587
vn 0.0725 -0.0438 -0.9964
vn -0.1180 0.0987 0.9881
vn -0.1057 0.1095 0.9883
vn -0.1976 -0.2046 -0.9587
vn -0.0209 0.0071 -0.9998
vn -0.0223 0.0019 -0.9997
vn -0.0223 0.0022 -0.9997
vn 0.9462 -0.3235 -0.0000
vn 0.9957 -0.0923 -0.0000
vn 0.1385 -0.0461 0.9893
vn 0.1444 -0.0133 0.9894
vn 0.1444 -0.0135 0.9894
vn 0.1378 -0.0485 0.9893
vn -0.9466 0.3225 -0.0000
vn -0.9957 0.0922 -0.0000
vn -0.0187 0.0119 -0.9998
vn 0.8430 -0.5380 -0.0000
vn 0.1268 -0.0797 0.9887
vn 0.1258 -0.0811 0.9887
vn -0.8445 0.5356 -0.0000
vn -0.0166 0.0146 -0.9998
vn 0.7492 -0.6623 -0.0000
vn 0.1141 -0.0997 0.9885
vn 0.1132 -0.1003 0.9885
vn -0.7524 0.6587 -0.0000
vn -0.0150 0.0162 -0.9998
vn -0.0149 0.0162 -0.9998
vn 0.6763 -0.7366 -0.0000
vn 0.1033 -0.1112 0.9884
vn 0.1025 -0.1114 0.9885
vn -0.6810 0.7322 -0.0000
vn -0.6810 0.7323 -0.0000
vn -0.0137 0.0171 -0.9998
vn -0.0136 0.0171 -0.9998
vn 0.6208 -0.7840 -0.0000
vn 0.0944 -0.1178 0.9885
vn 0.0937 -0.1178 0.9886
vn -0.6268 0.7791 -0.0000
vn -0.0127 0.0177 -0.9998
vn -0.0126 0.0177 -0.9998
vn 0.5776 -0.8164 -0.0000
vn 0.0873 -0.1218 0.9887
vn 0.0866 -0.1217 0.9888
vn -0.5846 0.8113 -0.0000
vn -0.0117 0.0181 -0.9998
vn -0.0117 0.0182 -0.9998
vn 0.5494 -0.8356 -0.0000
vn 0.0797 -0.1251 0.9889
vn 0.0813 -0.1251 0.9888
vn -0.5401 0.8416 -0.0000
vn -0.0000 0.0186 -0.9998
vn -0.0000 0.0187 -0.9998
vn 0.5404 -0.8414 -0.0000
vn 0.0015 -0.1270 0.9919
vn 0.0002 -0.1276 0.9918
vn -0.5139 0.8579 -0.0000
vn 0.0117 0.0182 -0.9998
vn 0.0117 0.0181 -0.9998
vn -0.5404 -0.8414 -0.0000
vn -0.5494 -0.8356 -0.0000
vn -0.0820 -0.1241 0.9889
vn -0.0803 -0.1251 0.9889
vn 0.5139 0.8579 -0.0000
vn 0.5401 0.8416 -0.0000
vn 0.0126 0.0177 -0.9998
vn 0.0127 0.0177 -0.9998
vn -0.5776 -0.8164 -0.0000
vn -0.0870 -0.1214 0.9888
vn -0.0869 -0.1221 0.9887
vn 0.5846 0.8113 -0.0000
vn 0.0136 0.0171 -0.9998
vn 0.0137 0.0171 -0.9998
vn -0.6208 -0.7840 -0.0000
vn -0.0941 -0.1175 0.9886
vn -0.0940 -0.1182 0.9885
vn 0.6268 0.7791 -0.0000
vn 0.0149 0.0162 -0.9998
vn 0.0150 0.0162 -0.9998
vn -0.6763 -0.7366 -0.0000
vn -0.1030 -0.1109 0.9885
vn -0.1027 -0.1117 0.9884
vn 0.6810 0.7323 -0.0000
vn 0.6810 0.7322 -0.0000
vn 0.0166 0.0146 -0.9998
vn -0.7492 -0.6623 -0.0000
vn -0.1139 -0.0995 0.9885
vn -0.1134 -0.1006 0.9884
vn 0.7524 0.6587 -0.0000
vn 0.0187 0.0119 -0.9998
vn -0.8430 -0.5380 -0.0000
vn -0.1267 -0.0796 0.9887
vn -0.1259 -0.0813 0.9887
vn 0.8445 0.5356 -0.0000
vn 0.8445 0.5355 -0.0000
vn 0.0209 0.0071 -0.9998
vn -0.9462 -0.3235 -0.0000
vn -0.1384 -0.0461 0.9893
vn -0.1379 -0.0486 0.9893
vn 0.9466 0.3225 -0.0000
vn 0.0223 0.0022 -0.9997
vn 0.0223 0.0019 -0.9997
vn -0.9957 -0.0923 -0.0000
vn -0.1444 -0.0133 0.9894
vn -0.1444 -0.0135 0.9894
vn 0.9957 0.0922 -0.0000
vn -0.0227 -0.0000 -0.9997
vn 0.1455 -0.0000 0.9894
vn 0.0227 -0.0000 -0.9997
vn -0.1455 -0.0000 0.9894
vn -0.0132 -0.0041 -0.9999
vn -0.0059 -0.0072 -1.0000
vn 0.0596 0.0646 0.9961
vn 0.0776 0.0512 0.9957
vn 0.0059 -0.0072 -1.0000
vn 0.0132 -0.0041 -0.9999
vn -0.0776 0.0512 0.9957
vn -0.0596 0.0646 0.9961
vn 0.3037 -0.1108 -0.9463
vn 0.3103 -0.0314 -0.9501
vn 0.3102 -0.0265 -0.9503
vn 0.3054 -0.0990 -0.9471
vn -0.0307 0.0033 -0.9995
vn -0.0276 0.0098 -0.9996
vn -0.0280 0.0090 -0.9996
vn -0.0310 0.0023 -0.9995
vn 0.2839 -0.1865 -0.9406
vn 0.2869 -0.1784 -0.9412
vn -0.0238 0.0154 -0.9996
vn -0.0241 0.0150 -0.9996
vn 0.2599 -0.2325 -0.9372
vn 0.2621 -0.2286 -0.9376
vn -0.0207 0.0183 -0.9996
vn -0.0209 0.0181 -0.9996
vn 0.2376 -0.2593 -0.9361
vn 0.2383 -0.2580 -0.9363
vn -0.0184 0.0199 -0.9996
vn -0.0186 0.0199 -0.9996
vn 0.2183 -0.2747 -0.9364
vn 0.2178 -0.2744 -0.9366
vn -0.0168 0.0209 -0.9996
vn -0.0168 0.0210 -0.9996
vn 0.2019 -0.2834 -0.9375
vn 0.2006 -0.2834 -0.9378
vn -0.0155 0.0216 -0.9996
vn -0.0156 0.0217 -0.9996
vn 0.1902 -0.2876 -0.9387
vn 0.1874 -0.2896 -0.9386
vn -0.0144 0.0223 -0.9996
vn -0.0143 0.0223 -0.9996
vn -0.0000 -0.2960 -0.9552
vn -0.0000 -0.2989 -0.9543
vn -0.0000 0.0230 -0.9997
vn -0.0000 0.0229 -0.9997
vn -0.1874 -0.2896 -0.9386
vn -0.1902 -0.2876 -0.9387
vn 0.0144 0.0223 -0.9996
vn 0.0143 0.0223 -0.9996
vn -0.2006 -0.2834 -0.9378
vn -0.2019 -0.2834 -0.9375
vn 0.0155 0.0216 -0.9996
vn 0.0156 0.0217 -0.9996
vn -0.2178 -0.2744 -0.9366
vn -0.2183 -0.2747 -0.9364
vn 0.0168 0.0209 -0.9996
vn 0.0168 0.0210 -0.9996
vn -0.2383 -0.2580 -0.9363
vn -0.2376 -0.2593 -0.9361
vn 0.0184 0.0199 -0.9996
vn 0.0186 0.0199 -0.9996
vn -0.2621 -0.2286 -0.9376
vn -0.2599 -0.2325 -0.9372
vn 0.0207 0.0183 -0.9996
vn 0.0209 0.0181 -0.9996
vn -0.2869 -0.1784 -0.9412
vn -0.2839 -0.1865 -0.9405
vn 0.0238 0.0154 -0.9996
vn 0.0241 0.0150 -0.9996
vn -0.3054 -0.0990 -0.9471
vn -0.3037 -0.1108 -0.9463
vn 0.0276 0.0098 -0.9996
vn 0.0280 0.0090 -0.9996
vn -0.3102 -0.0265 -0.9503
vn -0.3103 -0.0314 -0.9501
vn 0.0307 0.0033 -0.9995
vn 0.0310 0.0023 -0.9995
vn 0.3092 -0.0000 -0.9510
vn -0.0319 -0.0000 -0.9995
vn 0.0319 -0.0000 -0.9995
vn -0.3092 -0.0000 -0.9510
vn 0.1615 0.1404 -0.9768
vn 0.1482 0.1525 -0.9771
vn -0.0136 -0.0395 -0.9991
vn -0.0231 -0.0190 -0.9996
vn 0.0231 -0.0190 -0.9996
vn 0.0136 -0.0395 -0.9991
vn -0.1615 0.1404 -0.9768
vn -0.1482 0.1525 -0.9771
vn 0.8910 -0.3044 -0.3369
vn 0.9392 -0.0854 -0.3325
vn 0.9389 -0.0887 -0.3326
vn 0.8910 -0.3043 -0.3369
vn 0.9444 -0.0000 -0.3288
vn -0.0000 0.9443 -0.3290
vn -0.9444 -0.0000 -0.3288
vn -0.9392 -0.0854 -0.3325
vn -0.9389 -0.0887 -0.3326
vn -0.8910 -0.3043 -0.3369
vn -0.7946 -0.5059 -0.3356
vn -0.7946 -0.5060 -0.3355
vn -0.7068 -0.6225 -0.3360
vn -0.7067 -0.6227 -0.3359
vn -0.6385 -0.6917 -0.3375
vn -0.6383 -0.6919 -0.3373
vn -0.5864 -0.7355 -0.3394
vn -0.5862 -0.7357 -0.3391
vn -0.5458 -0.7652 -0.3414
vn -0.5457 -0.7654 -0.3411
vn -0.5097 -0.7893 -0.3423
vn -0.5090 -0.7895 -0.3430
vn -0.4942 -0.8012 -0.3374
vn -0.4931 -0.8011 -0.3392
vn 0.4920 -0.8017 -0.3393
vn 0.5106 -0.7885 -0.3429
vn 0.5102 -0.7890 -0.3423
vn 0.4916 -0.8026 -0.3379
vn 0.5458 -0.7653 -0.3411
vn 0.5456 -0.7653 -0.3414
vn 0.5864 -0.7356 -0.3391
vn 0.5862 -0.7357 -0.3394
vn 0.6385 -0.6918 -0.3373
vn 0.6382 -0.6919 -0.3375
vn 0.7068 -0.6226 -0.3359
vn 0.7066 -0.6227 -0.3360
vn 0.7946 -0.5060 -0.3355
vn 0.7945 -0.5061 -0.3356
vn -0.8168 0.0718 -0.5724
vn -0.7880 0.2598 -0.5582
vn -0.7832 0.2777 -0.5563
vn -0.8164 0.0799 -0.5719
vn -0.7158 0.4480 -0.5357
vn -0.7100 0.4587 -0.5343
vn -0.6423 0.5602 -0.5231
vn -0.6387 0.5649 -0.5225
vn -0.5819 0.6267 -0.5184
vn -0.5806 0.6281 -0.5181
vn -0.5345 0.6676 -0.5184
vn -0.5348 0.6675 -0.5181
vn -0.4969 0.6942 -0.5208
vn -0.4981 0.6935 -0.5205
vn -0.4589 0.7170 -0.5246
vn -0.4614 0.7155 -0.5245
vn -0.4391 0.7294 -0.5245
vn -0.4392 0.7291 -0.5249
vn 0.4396 0.7288 -0.5249
vn 0.4584 0.7173 -0.5248
vn 0.4610 0.7159 -0.5244
vn 0.4400 0.7290 -0.5243
vn 0.4970 0.6943 -0.5206
vn 0.4980 0.6934 -0.5208
vn 0.5346 0.6677 -0.5181
vn 0.5347 0.6674 -0.5184
vn 0.5820 0.6267 -0.5181
vn 0.5805 0.6280 -0.5183
vn 0.6424 0.5603 -0.5229
vn 0.6386 0.5648 -0.5226
vn 0.7158 0.4480 -0.5356
vn 0.7100 0.4586 -0.5344
vn 0.7880 0.2597 -0.5582
vn 0.7832 0.2776 -0.5563
vn 0.8168 0.0718 -0.5724
vn 0.8164 0.0799 -0.5719
vn 0.8176 -0.0000 -0.5757
vn -0.0000 -0.6474 -0.7621
vn -0.8176 -0.0000 -0.5757
vn -0.4068 0.0281 -0.9131
vn -0.3896 0.0995 -0.9156
vn -0.3562 0.1697 -0.9189
vn -0.3215 0.2122 -0.9228
vn -0.2920 0.2380 -0.9264
vn -0.2679 0.2542 -0.9293
vn -0.2483 0.2650 -0.9317
vn -0.2280 0.2752 -0.9340
vn -0.0000 0.2881 -0.9576
vn 0.2280 0.2752 -0.9340
vn 0.2483 0.2650 -0.9317
vn 0.2679 0.2542 -0.9293
vn 0.2920 0.2380 -0.9264
vn 0.3215 0.2122 -0.9228
vn 0.3562 0.1697 -0.9189
vn 0.3896 0.0995 -0.9156
vn -0.4097 -0.0000 -0.9122
vn -0.6517 -0.0000 -0.7585
vn -0.3719 0.3285 -0.8682
vn 0.9062 -0.4227 -0.0000
vn -0.9063 0.4227 -0.0000
vn 0.6600 -0.7513 -0.0000
vn 0.6516 -0.7586 -0.0000
vn -0.6600 -0.7513 -0.0000
vn -0.6516 -0.7586 -0.0000
vn -0.4139 -0.4330 -0.8007
vn -0.4448 -0.4125 -0.7950
vn -0.2254 -0.0147 0.9742
vn -0.0726 -0.0438 -0.9964
vn 0.2483 0.2649 -0.9317
vt 0.894225 0.925031
vt 0.894225 0.821827
vt 0.915136 0.821827
vt 0.915136 0.929407
vt 0.194217 0.278809
vt 0.262581 0.278809
vt 0.262581 0.299719
vt 0.189848 0.299719
vt 0.938184 0.934689
vt 0.938184 0.821827
vt 0.960364 0.821827
vt 0.960364 0.936628
vt 0.974758 0.821827
vt 0.974758 0.944600
vt 0.994839 0.821827
vt 0.994839 0.945029
vt 0.073132 0.924016
vt 0.145405 0.924016
vt 0.145405 0.987679
vt 0.042853 0.987678
vt 0.915136 0.929404
vt 0.915136 0.716872
vt 0.894226 0.721248
vt 0.894225 0.925029
vt 0.189845 0.299719
vt 0.332693 0.299719
vt 0.328326 0.278809
vt 0.194212 0.278809
vt 0.960364 0.936624
vt 0.960364 0.709652
vt 0.938184 0.711591
vt 0.938184 0.934685
vt 0.974758 0.944596
vt 0.974758 0.701681
vt 0.994839 0.945025
vt 0.994839 0.701252
vt 0.042855 0.987678
vt 0.245347 0.987678
vt 0.215074 0.924016
vt 0.073128 0.924016
vt 0.262581 0.255760
vt 0.199329 0.255760
vt 0.201251 0.233581
vt 0.262581 0.233581
vt 0.209111 0.219186
vt 0.262581 0.219186
vt 0.209534 0.199106
vt 0.262581 0.199106
vt 0.640714 0.400328
vt 0.571001 0.253722
vt 0.693425 0.253722
vt 0.693425 0.400328
vt 0.194217 0.278809
vt 0.189848 0.299719
vt 0.994839 0.945029
vt 0.073132 0.924016
vt 0.042853 0.987678
vt 0.960364 0.709652
vt 0.974758 0.701681
vt 0.201251 0.233581
vt 0.199329 0.255760
vt 0.209111 0.219186
vt 0.209534 0.199106
vt 0.201243 0.233581
vt 0.199322 0.255760
vt 0.323216 0.255760
vt 0.321295 0.233581
vt 0.209100 0.219186
vt 0.313438 0.219186
vt 0.209524 0.199106
vt 0.313015 0.199106
vt 0.571005 0.253722
vt 0.640703 0.400328
vt 0.743540 0.400328
vt 0.813237 0.253722
vt 0.321295 0.233581
vt 0.323216 0.255760
vt 0.042853 0.987678
vt 0.042855 0.987678
vt 0.073128 0.924016
vt 0.894225 0.927949
vt 0.915136 0.932380
vt 0.191752 0.278809
vt 0.187321 0.299719
vt 0.938184 0.937640
vt 0.960364 0.939597
vt 0.974758 0.947622
vt 0.994839 0.948055
vt 0.070621 0.924016
vt 0.039953 0.987678
vt 0.915136 0.713896
vt 0.894226 0.718328
vt 0.335217 0.299719
vt 0.330786 0.278809
vt 0.960364 0.706680
vt 0.938184 0.708637
vt 0.974758 0.698655
vt 0.994839 0.698222
vt 0.248250 0.987678
vt 0.217582 0.924016
vt 0.197012 0.255760
vt 0.198969 0.233581
vt 0.206994 0.219186
vt 0.207426 0.199106
vt 0.638619 0.400328
vt 0.567995 0.253722
vt 0.960364 0.706680
vt 0.974758 0.698655
vt 0.488716 0.881478
vt 0.467739 0.872250
vt 0.467739 0.897255
vt 0.488716 0.918854
vt 0.444617 0.861297
vt 0.422366 0.857222
vt 0.422366 0.880433
vt 0.444617 0.886888
vt 0.407926 0.840510
vt 0.407926 0.853960
vt 0.387781 0.839609
vt 0.387781 0.852534
vt 0.858304 0.253722
vt 0.786929 0.400328
vt 0.858304 0.266524
vt 0.894226 0.687746
vt 0.915136 0.677374
vt 0.382274 0.299719
vt 0.376252 0.278809
vt 0.938184 0.672395
vt 0.960364 0.669296
vt 0.974758 0.656584
vt 0.994839 0.655899
vt 0.278638 0.987678
vt 0.278638 0.950657
vt 0.264341 0.924016
vt 0.488716 0.918854
vt 0.444617 0.886888
vt 0.422366 0.880433
vt 0.387781 0.852534
vt 0.858304 0.266524
vt 0.264341 0.924016
vt 0.325526 0.255760
vt 0.323570 0.233581
vt 0.315544 0.219186
vt 0.315112 0.199106
vt 0.745624 0.400328
vt 0.816248 0.253722
vt 0.323570 0.233581
vt 0.325526 0.255760
vt 0.369855 0.255760
vt 0.367367 0.233581
vt 0.357224 0.219186
vt 0.356680 0.199106
vt 0.356681 0.199106
vt 0.517844 0.133891
vt 0.517844 0.169456
vt 0.390842 0.148231
vt 0.390842 0.133891
vt 0.517844 0.195492
vt 0.390842 0.158729
vt 0.233878 0.799282
vt 0.233878 0.763716
vt 0.360881 0.763716
vt 0.360881 0.778057
vt 0.233878 0.728151
vt 0.360881 0.749376
vt 0.722207 0.371704
vt 0.722207 0.397740
vt 0.595205 0.418966
vt 0.595205 0.408468
vt 0.722207 0.433306
vt 0.595205 0.433306
vt 0.722207 0.468871
vt 0.595205 0.447646
vt 0.722207 0.494907
vt 0.595205 0.458144
vt 0.571156 0.988354
vt 0.535591 0.988354
vt 0.535591 0.861351
vt 0.549931 0.861351
vt 0.500025 0.988354
vt 0.521251 0.861351
vt 0.517844 0.072289
vt 0.517844 0.098325
vt 0.390842 0.119550
vt 0.390842 0.109053
vt 0.385250 0.150961
vt 0.385250 0.133891
vt 0.385250 0.163457
vt 0.366472 0.763716
vt 0.366472 0.780787
vt 0.366472 0.746646
vt 0.589613 0.416235
vt 0.589613 0.403739
vt 0.589613 0.433306
vt 0.589613 0.450376
vt 0.589613 0.462872
vt 0.535591 0.855760
vt 0.552661 0.855760
vt 0.518520 0.855760
vt 0.385250 0.116820
vt 0.385250 0.104324
vt 0.371704 0.149593
vt 0.371704 0.133891
vt 0.371704 0.161089
vt 0.380018 0.763716
vt 0.380018 0.779419
vt 0.380018 0.748014
vt 0.576067 0.417603
vt 0.576067 0.406108
vt 0.576067 0.433306
vt 0.576067 0.449009
vt 0.576067 0.460504
vt 0.535591 0.842214
vt 0.551293 0.842214
vt 0.519888 0.842214
vt 0.371704 0.118188
vt 0.371704 0.106692
vt 0.527653 0.623593
vt 0.543907 0.623877
vt 0.557842 0.632250
vt 0.565723 0.646468
vt 0.565440 0.662723
vt 0.557067 0.676657
vt 0.542848 0.684539
vt 0.526594 0.684255
vt 0.512659 0.675882
vt 0.504778 0.661664
vt 0.505061 0.645409
vt 0.513434 0.631475
vt 0.595517 0.256325
vt 0.576553 0.287886
vt 0.567291 0.285230
vt 0.588824 0.249394
vt 0.627720 0.238474
vt 0.625389 0.229126
vt 0.664535 0.239117
vt 0.667191 0.229855
vt 0.696096 0.258081
vt 0.703027 0.251388
vt 0.713947 0.290284
vt 0.723295 0.287953
vt 0.713304 0.327099
vt 0.722565 0.329754
vt 0.694340 0.358660
vt 0.701033 0.365590
vt 0.662137 0.376511
vt 0.664467 0.385859
vt 0.625322 0.375868
vt 0.622666 0.385129
vt 0.593761 0.356904
vt 0.586830 0.363597
vt 0.575910 0.324701
vt 0.566562 0.327031
vt 0.138826 0.548569
vt 0.138826 0.508186
vt 0.153935 0.508186
vt 0.153935 0.548569
vt 0.138826 0.578131
vt 0.153935 0.578131
vt 0.431098 0.538897
vt 0.390715 0.538897
vt 0.390715 0.523788
vt 0.431098 0.523788
vt 0.471481 0.538897
vt 0.471481 0.523788
vt 0.172945 0.548569
vt 0.172945 0.578131
vt 0.157836 0.578131
vt 0.157836 0.548569
vt 0.172946 0.508186
vt 0.157836 0.508186
vt 0.172946 0.467803
vt 0.157836 0.467803
vt 0.172946 0.438241
vt 0.157836 0.438241
vt 0.431098 0.557908
vt 0.390715 0.557908
vt 0.390715 0.542799
vt 0.431098 0.542799
vt 0.471481 0.557908
vt 0.471481 0.542799
vt 0.138826 0.467803
vt 0.138826 0.438241
vt 0.153935 0.438241
vt 0.153935 0.467803
vt 0.942843 0.988712
vt 0.901041 0.989442
vt 0.905322 0.972272
vt 0.937965 0.971702
vt 0.978678 0.967180
vt 0.965949 0.954887
vt 0.998947 0.930614
vt 0.981777 0.926333
vt 0.998217 0.888813
vt 0.981207 0.893691
vt 0.976685 0.852977
vt 0.964393 0.865706
vt 0.940120 0.832708
vt 0.935838 0.849879
vt 0.898318 0.833438
vt 0.903196 0.850448
vt 0.862482 0.854970
vt 0.875212 0.867263
vt 0.842214 0.891536
vt 0.859384 0.895817
vt 0.842943 0.933337
vt 0.859954 0.928460
vt 0.864476 0.969173
vt 0.876768 0.956444
vt 0.628346 0.690130
vt 0.714673 0.690130
vt 0.713065 0.721296
vt 0.629954 0.721296
vt 0.633098 0.754565
vt 0.634707 0.723398
vt 0.717817 0.723398
vt 0.719425 0.754565
vt 0.290910 0.565266
vt 0.290910 0.481015
vt 0.377237 0.481015
vt 0.377237 0.565266
vt 0.479719 0.436139
vt 0.395467 0.436139
vt 0.397037 0.404973
vt 0.478150 0.404973
vt 0.467609 0.517029
vt 0.394934 0.517029
vt 0.394934 0.442564
vt 0.467609 0.442564
vt 0.639421 0.756667
vt 0.720533 0.756667
vt 0.722103 0.787833
vt 0.637851 0.787833
vt 0.471828 0.438241
vt 0.471828 0.521352
vt 0.390715 0.521352
vt 0.390715 0.438241
vt 0.088805 0.553008
vt 0.080892 0.565035
vt 0.068742 0.562893
vt 0.071037 0.549875
vt 0.103054 0.555521
vt 0.090636 0.566753
vt 0.939620 0.793626
vt 0.952839 0.790701
vt 0.952839 0.802102
vt 0.939620 0.810300
vt 0.939620 0.775121
vt 0.952839 0.778046
vt 0.939620 0.758447
vt 0.952839 0.766645
vt 0.283663 0.184915
vt 0.280340 0.170907
vt 0.290084 0.172625
vt 0.297911 0.187427
vt 0.265895 0.181782
vt 0.268190 0.168764
vt 0.248127 0.178649
vt 0.256040 0.166622
vt 0.233878 0.176136
vt 0.246297 0.164904
vt 0.447190 0.930115
vt 0.450115 0.943333
vt 0.438714 0.943333
vt 0.430517 0.930115
vt 0.465696 0.930115
vt 0.462770 0.943333
vt 0.482369 0.930115
vt 0.474172 0.943333
vt 0.053270 0.546742
vt 0.056592 0.560750
vt 0.046849 0.559032
vt 0.039021 0.544230
vt 0.096897 0.532780
vt 0.074741 0.528873
vt 0.918294 0.816703
vt 0.939620 0.821838
vt 0.918294 0.831091
vt 0.918294 0.795912
vt 0.918294 0.772835
vt 0.918294 0.752044
vt 0.918294 0.737656
vt 0.939620 0.746909
vt 0.262192 0.202784
vt 0.284348 0.206690
vt 0.240036 0.198877
vt 0.424113 0.908789
vt 0.418978 0.930115
vt 0.409725 0.908789
vt 0.444905 0.908789
vt 0.467981 0.908789
vt 0.488772 0.908789
vt 0.503160 0.908789
vt 0.493907 0.930115
vt 0.052585 0.524967
vt 0.101007 0.509470
vt 0.078851 0.505563
vt 0.894624 0.816703
vt 0.894624 0.831091
vt 0.894624 0.795912
vt 0.894624 0.772835
vt 0.894624 0.752044
vt 0.894624 0.737656
vt 0.258081 0.226094
vt 0.280238 0.230001
vt 0.235925 0.222187
vt 0.424113 0.885119
vt 0.409725 0.885119
vt 0.444905 0.885119
vt 0.467981 0.885119
vt 0.488772 0.885119
vt 0.503160 0.885119
vt 0.056695 0.501656
vt 0.100322 0.487694
vt 0.082554 0.484561
vt 0.873298 0.810300
vt 0.873298 0.821838
vt 0.873298 0.793626
vt 0.873298 0.775121
vt 0.873298 0.758447
vt 0.873298 0.746909
vt 0.254378 0.247096
vt 0.272146 0.250229
vt 0.236610 0.243963
vt 0.430517 0.863793
vt 0.418978 0.863793
vt 0.447190 0.863793
vt 0.465696 0.863793
vt 0.482369 0.863793
vt 0.493907 0.863793
vt 0.064786 0.481428
vt 0.094977 0.471766
vt 0.085117 0.470027
vt 0.437815 0.752125
vt 0.449353 0.737656
vt 0.460891 0.752125
vt 0.444218 0.760154
vt 0.858540 0.789509
vt 0.858540 0.798761
vt 0.858540 0.779239
vt 0.858540 0.769986
vt 0.402635 0.760154
vt 0.385962 0.752125
vt 0.397500 0.737656
vt 0.409039 0.752125
vt 0.251816 0.261630
vt 0.261676 0.263368
vt 0.241955 0.259891
vt 0.409039 0.788208
vt 0.397500 0.802677
vt 0.385962 0.788208
vt 0.402635 0.780179
vt 0.451308 0.849035
vt 0.442055 0.849035
vt 0.461578 0.849035
vt 0.470831 0.849035
vt 0.444218 0.780179
vt 0.460891 0.788208
vt 0.449353 0.802677
vt 0.437815 0.788208
vt 0.075256 0.468289
vt 0.091253 0.435227
vt 0.101113 0.436966
vt 0.858540 0.805165
vt 0.823203 0.805165
vt 0.823203 0.798761
vt 0.823203 0.789509
vt 0.823203 0.779239
vt 0.823203 0.769986
vt 0.858540 0.763582
vt 0.823203 0.763582
vt 0.255540 0.298169
vt 0.245679 0.296430
vt 0.235819 0.294691
vt 0.435652 0.849035
vt 0.435652 0.813698
vt 0.442055 0.813698
vt 0.451308 0.813698
vt 0.461578 0.813698
vt 0.470831 0.813698
vt 0.477234 0.849035
vt 0.477234 0.813698
vt 0.081393 0.433488
vt 0.078438 0.578953
vt 0.066288 0.576811
vt 0.952839 0.809992
vt 0.966971 0.802102
vt 0.966971 0.809992
vt 0.966971 0.790701
vt 0.966971 0.778046
vt 0.966971 0.766645
vt 0.952839 0.758755
vt 0.966971 0.758755
vt 0.270644 0.154846
vt 0.282794 0.156989
vt 0.258494 0.152704
vt 0.430824 0.943333
vt 0.438714 0.957466
vt 0.430824 0.957466
vt 0.450115 0.957466
vt 0.462770 0.957466
vt 0.474172 0.957466
vt 0.482062 0.943333
vt 0.482062 0.957466
vt 0.054138 0.574668
vt 0.082650 0.589080
vt 0.064683 0.585912
vt 0.801159 0.805719
vt 0.793269 0.795825
vt 0.801757 0.785182
vt 0.813424 0.799813
vt 0.976213 0.793730
vt 0.976213 0.810590
vt 0.976213 0.775017
vt 0.976213 0.758157
vt 0.757811 0.795825
vt 0.749921 0.805719
vt 0.737656 0.799813
vt 0.749323 0.785182
vt 0.272249 0.145745
vt 0.290216 0.148913
vt 0.254282 0.142577
vt 0.749921 0.830394
vt 0.757811 0.840288
vt 0.749323 0.850931
vt 0.737656 0.836301
vt 0.447086 0.966708
vt 0.430226 0.966708
vt 0.465799 0.966708
vt 0.482659 0.966708
vt 0.793269 0.840288
vt 0.801159 0.830394
vt 0.813424 0.836301
vt 0.801757 0.850931
vt 0.046716 0.582744
vt 0.080012 0.607089
vt 0.061524 0.603829
vt 0.976213 0.822257
vt 0.994406 0.811351
vt 0.994406 0.823357
vt 0.994406 0.794002
vt 0.994406 0.774745
vt 0.994406 0.757396
vt 0.976213 0.746490
vt 0.994406 0.745390
vt 0.275408 0.127828
vt 0.293897 0.131088
vt 0.256920 0.124568
vt 0.418559 0.966708
vt 0.429465 0.984901
vt 0.417459 0.984901
vt 0.446815 0.984901
vt 0.466071 0.984901
vt 0.483420 0.984901
vt 0.494327 0.966708
vt 0.495426 0.984901
vt 0.043036 0.600569
vt 0.770334 0.699635
vt 0.789108 0.703920
vt 0.782954 0.716699
vt 0.770334 0.713818
vt 0.804163 0.715926
vt 0.793074 0.724769
vt 0.812518 0.733275
vt 0.798690 0.736431
vt 0.812518 0.752532
vt 0.798690 0.749376
vt 0.804163 0.769881
vt 0.793074 0.761038
vt 0.789108 0.781887
vt 0.782954 0.769108
vt 0.770334 0.786172
vt 0.770334 0.771989
vt 0.751561 0.781887
vt 0.757715 0.769108
vt 0.736506 0.769881
vt 0.747595 0.761038
vt 0.728151 0.752532
vt 0.741978 0.749376
vt 0.728151 0.733275
vt 0.741978 0.736431
vt 0.736506 0.715926
vt 0.747595 0.724769
vt 0.751561 0.703920
vt 0.757715 0.716699
vt 0.038677 0.628346
vt 0.038677 0.813597
vt 0.036185 0.813597
vt 0.036185 0.628346
vt 0.043662 0.628346
vt 0.043662 0.813597
vt 0.901646 0.021185
vt 0.716395 0.021185
vt 0.716395 0.016868
vt 0.901646 0.016868
vt 0.901646 0.025502
vt 0.716395 0.025502
vt 0.052935 0.492921
vt 0.052935 0.307670
vt 0.057920 0.307670
vt 0.057920 0.492921
vt 0.416879 0.092474
vt 0.231628 0.092474
vt 0.231628 0.088157
vt 0.416879 0.088157
vt 0.231628 0.096791
vt 0.226848 0.101468
vt 0.226848 0.092474
vt 0.046362 0.818377
vt 0.035977 0.818377
vt 0.711616 0.021185
vt 0.711616 0.012191
vt 0.711616 0.030178
vt 0.050235 0.302890
vt 0.060620 0.302890
vt 0.226848 0.083481
vt 0.048526 0.112659
vt 0.048526 0.092474
vt 0.052823 0.996699
vt 0.029516 0.996699
vt 0.533293 0.021185
vt 0.533293 0.001000
vt 0.533293 0.041369
vt 0.043774 0.124568
vt 0.067081 0.124568
vt 0.048526 0.072289
vt 0.727990 0.813538
vt 0.724215 0.822882
vt 0.718713 0.817475
vt 0.718646 0.809762
vt 0.724052 0.804260
vt 0.731766 0.804193
vt 0.737268 0.809600
vt 0.737335 0.817313
vt 0.731928 0.822815
vt 0.001000 0.985366
vt 0.003952 0.975287
vt 0.011079 0.975287
vt 0.011079 0.985366
vt 0.224946 0.600403
vt 0.235025 0.600403
vt 0.235025 0.607530
vt 0.224946 0.610482
vt 0.224946 0.590325
vt 0.235025 0.593277
vt 0.576640 0.581393
vt 0.586719 0.581393
vt 0.586719 0.588520
vt 0.576640 0.591472
vt 0.576640 0.571314
vt 0.586719 0.574266
vt 0.681198 0.838035
vt 0.691277 0.838035
vt 0.691277 0.845161
vt 0.681198 0.848113
vt 0.681198 0.827956
vt 0.691277 0.830908
vt 0.018205 0.975287
vt 0.021157 0.985366
vt 0.003952 0.995444
vt 0.011079 0.995444
vt 0.214868 0.600403
vt 0.214868 0.607530
vt 0.214868 0.593277
vt 0.566562 0.581393
vt 0.566562 0.588520
vt 0.566562 0.574266
vt 0.671119 0.838035
vt 0.671119 0.845161
vt 0.671119 0.830908
vt 0.018205 0.995444
vt 0.975127 0.984632
vt 0.971189 0.975354
vt 0.978902 0.975287
vt 0.965782 0.980856
vt 0.965849 0.988570
vt 0.971351 0.993977
vt 0.979065 0.993909
vt 0.984471 0.988407
vt 0.984404 0.980694
vt 0.666277 0.499629
vt 0.446624 0.499629
vt 0.446630 0.333253
vt 0.727156 0.333253
vt 0.367684 0.494876
vt 0.119506 0.494876
vt 0.085116 0.332078
vt 0.402074 0.332078
vt 0.416750 0.508010
vt 0.197098 0.508010
vt 0.136218 0.341634
vt 0.416744 0.341634
vt 0.665286 0.508010
vt 0.445634 0.508010
vt 0.445640 0.341634
vt 0.726166 0.341634
vt 0.367684 0.494876
vt 0.119506 0.494876
vt 0.085116 0.332078
vt 0.402073 0.332078
vt 0.417741 0.499629
vt 0.198088 0.499629
vt 0.137208 0.333253
vt 0.417735 0.333253
vt 0.980470 0.070191
vt 0.973483 0.082293
vt 0.951961 0.119570
vt 0.944974 0.131671
vt 0.931000 0.131671
vt 0.887956 0.131671
vt 0.873983 0.131671
vt 0.866996 0.119570
vt 0.845474 0.082293
vt 0.838487 0.070191
vt 0.845474 0.058089
vt 0.866996 0.020812
vt 0.873983 0.008711
vt 0.887957 0.008711
vt 0.931000 0.008711
vt 0.944974 0.008711
vt 0.951961 0.020812
vt 0.973483 0.058089
vt 0.485095 0.998758
vt 0.445150 0.998758
vt 0.445827 0.832381
vt 0.545303 0.832381
vt 0.446465 0.666005
vt 0.605550 0.666005
vt 0.445500 0.250065
vt 0.758729 0.250064
vt 0.266161 0.983270
vt 0.221029 0.983270
vt 0.187397 0.820472
vt 0.299792 0.820472
vt 0.153723 0.657674
vt 0.333467 0.657674
vt 0.066641 0.250679
vt 0.420548 0.250679
vt 0.418224 1.007139
vt 0.378280 1.007139
vt 0.318071 0.840763
vt 0.417547 0.840763
vt 0.257824 0.674386
vt 0.416909 0.674386
vt 0.104645 0.258446
vt 0.417875 0.258446
vt 0.484104 1.007139
vt 0.444160 1.007139
vt 0.444837 0.840763
vt 0.544313 0.840763
vt 0.445475 0.674386
vt 0.604560 0.674386
vt 0.444509 0.258446
vt 0.757738 0.258446
vt 0.266161 0.983270
vt 0.221029 0.983270
vt 0.187397 0.820472
vt 0.299792 0.820472
vt 0.153723 0.657674
vt 0.333467 0.657674
vt 0.066641 0.250679
vt 0.420548 0.250679
vt 0.419215 0.998758
vt 0.379270 0.998758
vt 0.319062 0.832381
vt 0.418538 0.832381
vt 0.258815 0.666005
vt 0.417899 0.666005
vt 0.105636 0.250065
vt 0.418865 0.250065
vt 0.444727 0.166876
vt 0.789944 0.166876
vt 0.048570 0.169280
vt 0.438620 0.169280
vt 0.073430 0.175257
vt 0.418647 0.175258
vt 0.443737 0.175258
vt 0.788954 0.175258
vt 0.048570 0.169280
vt 0.438619 0.169280
vt 0.074420 0.166876
vt 0.419638 0.166876
vt 0.741604 0.333253
vt 0.680718 0.499629
vt 0.432182 0.499629
vt 0.432182 0.333253
vt 0.418397 0.332078
vt 0.384001 0.494876
vt 0.103189 0.494876
vt 0.068792 0.332078
vt 0.431192 0.341634
vt 0.431192 0.508010
vt 0.182656 0.508010
vt 0.121771 0.341634
vt 0.740613 0.341634
vt 0.679728 0.508010
vt 0.418397 0.332078
vt 0.384001 0.494876
vt 0.103188 0.494876
vt 0.068792 0.332078
vt 0.183646 0.499629
vt 0.122761 0.333253
vt 0.558948 0.832381
vt 0.498062 0.998758
vt 0.432182 0.998758
vt 0.432182 0.832381
vt 0.619833 0.666005
vt 0.432182 0.666005
vt 0.432182 0.250065
vt 0.772046 0.250064
vt 0.315209 0.820472
vt 0.280813 0.983270
vt 0.206377 0.983270
vt 0.171981 0.820472
vt 0.349605 0.657674
vt 0.137585 0.657674
vt 0.051594 0.250679
vt 0.435595 0.250679
vt 0.431192 0.840763
vt 0.431192 1.007139
vt 0.365312 1.007139
vt 0.304427 0.840763
vt 0.431192 0.674386
vt 0.243541 0.674386
vt 0.091328 0.258446
vt 0.431192 0.258446
vt 0.557957 0.840763
vt 0.497072 1.007139
vt 0.618843 0.674386
vt 0.771056 0.258446
vt 0.315209 0.820472
vt 0.280813 0.983270
vt 0.206377 0.983270
vt 0.171981 0.820472
vt 0.349605 0.657674
vt 0.137585 0.657674
vt 0.051594 0.250679
vt 0.435595 0.250679
vt 0.366302 0.998758
vt 0.305417 0.832381
vt 0.244532 0.666005
vt 0.092318 0.250065
vt 0.432182 0.166876
vt 0.802489 0.166876
vt 0.034396 0.169280
vt 0.452793 0.169280
vt 0.060885 0.175257
vt 0.431192 0.175258
vt 0.801499 0.175258
vt 0.034396 0.169280
vt 0.452793 0.169280
vt 0.061876 0.166876
vt 0.691857 0.988710
vt 0.362568 0.988710
vt 0.362568 0.000500
vt 0.690641 0.000500
vt 0.401940 0.999500
vt 0.013254 0.999500
vt 0.013964 0.000500
vt 0.401231 0.000500
vt 1.050276 0.000500
vt 1.050276 0.988710
vt 0.720987 0.988710
vt 0.722203 0.000500
vt 0.340715 0.000500
vt 0.340715 0.988710
vt 0.011426 0.988710
vt 0.012642 0.000500
vt 1.800591 0.000500
vt 1.801266 0.950239
vt 1.431747 0.950239
vt 1.432421 0.000500
vt 1.401417 0.988710
vt 1.072129 0.988710
vt 1.072129 0.000500
vt 1.400202 0.000501
vt 0.701568 0.000500
vt 0.702783 0.988710
vt 0.351642 0.988710
vt 0.351642 0.000500
vt 0.413985 0.000500
vt 0.414695 0.999500
vt 0.000500 0.999500
vt 0.001210 0.000500
vt 1.061202 0.000500
vt 1.061202 0.988710
vt 0.710060 0.988710
vt 0.711276 0.000500
vt 0.000500 0.988710
vt 0.001716 0.000500
vt 1.812717 0.000500
vt 1.813391 0.950239
vt 1.419621 0.950239
vt 1.420296 0.000500
vt 1.411128 0.000501
vt 1.412344 0.988710
vt 0.159187 0.037080
vt 0.156530 0.230158
vt 0.016124 0.230121
vt 0.019393 0.014633
vt 0.445365 0.852202
vt 0.648788 0.842358
vt 0.639949 0.980092
vt 0.438632 0.983990
vt 0.739162 0.006324
vt 0.947788 0.005367
vt 0.832545 0.204960
vt 0.736934 0.206312
vt 0.174599 0.274153
vt 0.168295 0.259189
vt 0.231801 0.270045
vt 0.154618 0.285400
vt 0.000544 0.299750
vt 0.022509 0.284819
vt 0.646539 0.992640
vt 0.446005 0.992527
vt 0.000500 0.015561
vt 0.013172 0.229466
vt 0.000621 0.226634
vt 0.154363 0.383827
vt 0.163176 0.292799
vt 0.159773 0.386523
vt 0.152132 0.005161
vt 0.013161 0.005232
vt 0.006545 0.384009
vt 0.000527 0.385098
vt 0.502302 0.832961
vt 0.373513 0.268573
vt 0.163187 0.388905
vt 0.164445 0.010879
vt 0.643356 0.830154
vt 0.169996 0.173651
vt 0.375749 0.054853
vt 0.163611 0.226421
vt 0.377308 0.053953
vt 0.383720 0.242484
vt 0.016103 0.231489
vt 0.156512 0.231526
vt 0.833917 0.204940
vt 0.949145 0.005361
vt 0.000622 0.228006
vt 0.013255 0.230857
vt 0.154360 0.385195
vt 0.159725 0.387868
vt 0.000526 0.386482
vt 0.006642 0.385374
vt 0.163187 0.390284
vt 0.170024 0.172265
vt 0.375763 0.053482
vt 0.163642 0.227763
vt 0.377262 0.052616
vt 0.920910 0.839583
vt 0.927315 0.840452
vt 0.927315 0.851622
vt 0.920910 0.849162
vt 0.910527 0.849162
vt 0.910527 0.839583
vt 0.758727 0.320095
vt 0.771017 0.318436
vt 0.772690 0.332792
vt 0.763465 0.334037
vt 0.925926 0.161111
vt 0.913236 0.161111
vt 0.913236 0.144291
vt 0.925926 0.144291
vt 0.927315 0.862516
vt 0.920910 0.857914
vt 0.910527 0.857914
vt 0.746174 0.324762
vt 0.755036 0.337171
vt 0.938888 0.161111
vt 0.938888 0.144291
vt 0.927315 0.872816
vt 0.920910 0.866799
vt 0.910527 0.866799
vt 0.734891 0.331177
vt 0.746480 0.342035
vt 0.950538 0.161111
vt 0.950538 0.144291
vt 0.742709 0.242236
vt 0.736774 0.247797
vt 0.727455 0.240950
vt 0.734366 0.236107
vt 0.910527 0.875257
vt 0.920910 0.875257
vt 0.724838 0.338562
vt 0.738334 0.348020
vt 0.960917 0.161111
vt 0.960917 0.144291
vt 0.726869 0.229529
vt 0.719237 0.233740
vt 0.910527 0.882859
vt 0.920910 0.882859
vt 0.716110 0.346220
vt 0.731013 0.354443
vt 0.969930 0.161111
vt 0.969930 0.144291
vt 0.720559 0.223208
vt 0.712382 0.226873
vt 0.910527 0.889257
vt 0.920910 0.889257
vt 0.708885 0.353459
vt 0.724852 0.360616
vt 0.977390 0.161111
vt 0.977390 0.144291
vt 0.715741 0.217845
vt 0.707156 0.221055
vt 0.910527 0.894141
vt 0.920910 0.894141
vt 0.703382 0.359584
vt 0.720148 0.365852
vt 0.983072 0.161111
vt 0.983072 0.144291
vt 0.713554 0.215300
vt 0.702578 0.215300
vt 0.920910 0.896359
vt 0.910527 0.896359
vt 0.718012 0.368337
vt 0.696578 0.368337
vt 0.990097 0.144291
vt 0.990097 0.161111
vt 0.707156 0.209544
vt 0.715741 0.212754
vt 0.887078 0.876456
vt 0.887078 0.874238
vt 0.897462 0.874238
vt 0.897462 0.876456
vt 0.720148 0.370823
vt 0.703382 0.377091
vt 0.990097 0.141209
vt 0.983072 0.141209
vt 0.983072 0.124389
vt 0.990097 0.124389
vt 0.712382 0.203726
vt 0.720559 0.207391
vt 0.897462 0.869354
vt 0.887078 0.869354
vt 0.708885 0.383216
vt 0.724852 0.376059
vt 0.977390 0.124389
vt 0.977390 0.141209
vt 0.719237 0.196859
vt 0.726868 0.201070
vt 0.897462 0.862957
vt 0.887078 0.862957
vt 0.716110 0.390455
vt 0.731013 0.382232
vt 0.969930 0.124389
vt 0.969930 0.141209
vt 0.727455 0.189649
vt 0.734366 0.194492
vt 0.897462 0.855355
vt 0.887078 0.855355
vt 0.724838 0.398112
vt 0.738334 0.388655
vt 0.960918 0.124389
vt 0.960918 0.141209
vt 0.742709 0.188362
vt 0.736774 0.182802
vt 0.897462 0.846896
vt 0.887078 0.846896
vt 0.734891 0.405498
vt 0.746480 0.394640
vt 0.950538 0.124389
vt 0.950538 0.141209
vt 0.887078 0.838011
vt 0.880674 0.852913
vt 0.880674 0.842613
vt 0.897462 0.838011
vt 0.746174 0.411912
vt 0.755036 0.399504
vt 0.938888 0.124389
vt 0.938888 0.141209
vt 0.887078 0.829259
vt 0.880674 0.831719
vt 0.897462 0.829259
vt 0.758727 0.416580
vt 0.763466 0.402638
vt 0.925926 0.124389
vt 0.925926 0.141209
vt 0.880674 0.820549
vt 0.887078 0.819681
vt 0.897462 0.819681
vt 0.771017 0.418239
vt 0.772690 0.403883
vt 0.913236 0.124389
vt 0.913236 0.141209
vt 0.920910 0.832919
vt 0.927315 0.832256
vt 0.910527 0.832919
vt 0.780384 0.318436
vt 0.779108 0.332792
vt 0.903565 0.161111
vt 0.903565 0.144291
vt 0.777432 0.164193
vt 0.776778 0.171545
vt 0.768695 0.171545
vt 0.767838 0.164193
vt 0.887078 0.813016
vt 0.897462 0.813016
vt 0.779108 0.403883
vt 0.780384 0.418239
vt 0.903565 0.141209
vt 0.903565 0.124389
vt 0.920910 0.635409
vt 0.927315 0.626920
vt 0.910527 0.635409
vt 0.985668 0.318436
vt 0.969319 0.332792
vt 0.691603 0.161111
vt 0.691603 0.144291
vt 0.987671 0.164193
vt 0.979299 0.171545
vt 0.887078 0.615506
vt 0.897462 0.615506
vt 0.969319 0.403883
vt 0.985668 0.418239
vt 0.691603 0.141209
vt 0.691603 0.124389
vt 0.881426 0.597466
vt 0.809556 0.597466
vt 0.809556 0.587357
vt 0.881426 0.587357
vt 0.757287 0.339394
vt 0.856397 0.339394
vt 0.856397 0.355571
vt 0.757287 0.355571
vt 0.987671 0.266406
vt 0.979299 0.259054
vt 0.730361 0.664834
vt 0.726210 0.687030
vt 0.717556 0.685434
vt 0.721942 0.661971
vt 0.731550 -0.000000
vt 0.751355 -0.000000
vt 0.751355 0.018014
vt 0.731550 0.018014
vt 0.391849 0.395086
vt 0.396372 0.419303
vt 0.358435 0.422485
vt 0.355005 0.404153
vt 0.123893 0.405284
vt 0.123893 0.431455
vt 0.094536 0.431455
vt 0.094536 0.405284
vt 0.741322 0.643430
vt 0.733872 0.638645
vt 0.713311 -0.000000
vt 0.713311 0.018014
vt 0.379137 0.370189
vt 0.346346 0.387269
vt 0.123893 0.378378
vt 0.094536 0.378378
vt 0.757473 0.622648
vt 0.750888 0.616703
vt 0.694744 -0.000000
vt 0.694744 0.018014
vt 0.361643 0.347565
vt 0.332948 0.370082
vt 0.123893 0.353930
vt 0.094536 0.353930
vt 0.776818 0.603224
vt 0.770906 0.596544
vt 0.676976 -0.000000
vt 0.676976 0.018014
vt 0.341483 0.327186
vt 0.316490 0.353635
vt 0.123893 0.331906
vt 0.094536 0.331906
vt 0.797300 0.585851
vt 0.791906 0.578669
vt 0.660906 -0.000000
vt 0.660906 0.018014
vt 0.320571 0.309301
vt 0.298840 0.338759
vt 0.123893 0.312578
vt 0.094536 0.312578
vt 0.816858 0.571201
vt 0.811868 0.563655
vt 0.647293 -0.000000
vt 0.647293 0.018014
vt 0.300798 0.294349
vt 0.281885 0.326158
vt 0.123893 0.296420
vt 0.094536 0.296420
vt 0.833434 0.559945
vt 0.828774 0.552123
vt 0.636837 0.000000
vt 0.636837 0.018014
vt 0.284067 0.282868
vt 0.267503 0.316480
vt 0.123893 0.284012
vt 0.094536 0.284013
vt 0.847369 0.551409
vt 0.847369 0.540900
vt 0.631896 0.018014
vt 0.631896 -0.000000
vt 0.260381 0.311906
vt 0.260381 0.268680
vt 0.094536 0.268680
vt 0.123893 0.268680
vt 0.865963 0.552123
vt 0.861304 0.559945
vt 0.856208 0.374759
vt 0.848013 0.374759
vt 0.848013 0.355571
vt 0.856208 0.355571
vt 0.253259 0.316480
vt 0.236695 0.282868
vt 0.064682 0.721426
vt 0.064682 0.706094
vt 0.094039 0.706094
vt 0.094039 0.721426
vt 0.882869 0.563655
vt 0.877879 0.571201
vt 0.831463 0.355571
vt 0.831463 0.374759
vt 0.219963 0.294349
vt 0.238877 0.326158
vt 0.094039 0.693686
vt 0.064682 0.693686
vt 0.902831 0.578669
vt 0.897437 0.585851
vt 0.811953 0.355571
vt 0.811953 0.374759
vt 0.200191 0.309301
vt 0.221922 0.338759
vt 0.094039 0.677528
vt 0.064682 0.677528
vt 0.923831 0.596544
vt 0.917920 0.603224
vt 0.791643 0.355571
vt 0.791643 0.374759
vt 0.179279 0.327186
vt 0.204272 0.353635
vt 0.094039 0.658200
vt 0.064682 0.658200
vt 0.943850 0.616703
vt 0.937264 0.622648
vt 0.772705 0.355571
vt 0.772705 0.374759
vt 0.159119 0.347566
vt 0.187814 0.370082
vt 0.094039 0.636177
vt 0.064682 0.636177
vt 0.960865 0.638645
vt 0.953415 0.643430
vt 0.757287 0.374759
vt 0.141625 0.370189
vt 0.174415 0.387269
vt 0.094039 0.611728
vt 0.064682 0.611728
vt 0.972796 0.661971
vt 0.964376 0.664834
vt 0.867539 0.840087
vt 0.867539 0.857015
vt 0.850821 0.857015
vt 0.850821 0.840087
vt 0.128913 0.395085
vt 0.165756 0.404153
vt 0.094039 0.584823
vt 0.064682 0.584823
vt 0.977181 0.685434
vt 0.968527 0.687030
vt 0.867539 0.821706
vt 0.850821 0.821706
vt 0.124389 0.419302
vt 0.162326 0.422485
vt 0.094039 0.558652
vt 0.064682 0.558652
vt 0.726210 0.703019
vt 0.717556 0.702747
vt 0.765120 -0.000000
vt 0.765120 0.018014
vt 0.396372 0.437648
vt 0.358435 0.435227
vt 0.123893 0.451280
vt 0.094536 0.451280
vt 0.977181 0.702747
vt 0.968527 0.703019
vt 0.850821 0.808931
vt 0.867539 0.808931
vt 0.162326 0.435227
vt 0.124389 0.437648
vt 0.064682 0.538826
vt 0.094039 0.538826
vt 0.829315 0.856377
vt 0.820967 0.856115
vt 0.820967 0.637208
vt 0.829315 0.617764
vt 0.982677 -0.000000
vt 0.982677 0.018014
vt 0.396372 0.687626
vt 0.358435 0.636612
vt 0.123893 0.721426
vt 0.094536 0.721426
vt 0.799461 0.607353
vt 0.799461 0.845966
vt 0.791114 0.826522
vt 0.791114 0.607615
vt 0.850821 0.607018
vt 0.867539 0.607018
vt 0.162326 0.636612
vt 0.124389 0.687626
vt 0.064682 0.268680
vt 0.094039 0.268680
vt 0.195105 0.578700
vt 0.195105 0.383565
vt 0.211697 0.383565
vt 0.211697 0.578700
vt 0.940381 0.977163
vt 0.940381 0.706529
vt 0.967411 0.706529
vt 0.967411 0.977163
vt 0.478437 0.688662
vt 0.478437 0.438522
vt 0.497861 0.446860
vt 0.497861 0.680323
vt 0.512483 0.427898
vt 0.563285 0.465678
vt 0.563285 0.660973
vt 0.512483 0.698753
vt 0.070194 0.937699
vt 0.066692 0.956416
vt 0.049756 0.957185
vt 0.053783 0.935655
vt 0.706529 0.683401
vt 0.711214 0.658320
vt 0.717106 0.661420
vt 0.712569 0.685699
vt 0.079035 0.920462
vt 0.064320 0.915085
vt 0.724379 0.632536
vt 0.729545 0.637091
vt 0.092713 0.902915
vt 0.080002 0.894918
vt 0.742497 0.609106
vt 0.747137 0.614392
vt 0.109516 0.886124
vt 0.098886 0.875972
vt 0.763375 0.588001
vt 0.767736 0.593631
vt 0.127536 0.870936
vt 0.118934 0.858983
vt 0.785033 0.569478
vt 0.789290 0.575265
vt 0.144846 0.858071
vt 0.138103 0.844641
vt 0.805510 0.553993
vt 0.809754 0.559856
vt 0.159529 0.848190
vt 0.154352 0.833621
vt 0.822838 0.542103
vt 0.827082 0.548021
vt 0.166800 0.843520
vt 0.166800 0.825943
vt 0.847369 0.527409
vt 0.847369 0.535807
vt 0.179249 0.833621
vt 0.174071 0.848190
vt 0.871899 0.542103
vt 0.867655 0.548021
vt 0.195497 0.844641
vt 0.188755 0.858071
vt 0.889227 0.553993
vt 0.884983 0.559856
vt 0.214666 0.858983
vt 0.206065 0.870936
vt 0.909704 0.569478
vt 0.905447 0.575265
vt 0.234715 0.875972
vt 0.224084 0.886123
vt 0.931362 0.588001
vt 0.927001 0.593631
vt 0.253598 0.894918
vt 0.240888 0.902915
vt 0.952240 0.609106
vt 0.947600 0.614392
vt 0.269281 0.915085
vt 0.254566 0.920462
vt 0.970358 0.632536
vt 0.965193 0.637091
vt 0.279818 0.935655
vt 0.263407 0.937700
vt 0.983523 0.658320
vt 0.977631 0.661419
vt 0.283845 0.957185
vt 0.266909 0.956416
vt 0.988208 0.683401
vt 0.982169 0.685699
vt 0.066692 0.969425
vt 0.049756 0.972582
vt 0.706529 0.702400
vt 0.712569 0.703726
vt 0.988208 0.702400
vt 0.982169 0.703726
vt 0.283845 0.972582
vt 0.266909 0.969425
vt 0.618601 0.445911
vt 0.602043 0.442825
vt 0.602043 0.643829
vt 0.618601 0.662237
vt 0.834125 0.609722
vt 0.839949 0.607018
vt 0.839949 0.856711
vt 0.834125 0.855433
vt 0.810096 0.607018
vt 0.810096 0.856711
vt 0.804271 0.854008
vt 0.804271 0.608297
vt 0.598698 0.643829
vt 0.598698 0.442825
vt 0.582141 0.445911
vt 0.582141 0.662238
vt 0.467703 0.699285
vt 0.467703 0.427898
vt 0.470404 0.433717
vt 0.470404 0.693467
vt 0.761261 0.819176
vt 0.761261 0.623565
vt 0.779657 0.607018
vt 0.779657 0.835723
vt 0.980185 0.964203
vt 0.980185 0.942914
vt 0.986983 0.943351
vt 0.986983 0.964986
vt 0.980185 0.927691
vt 0.986983 0.927765
vt 0.980185 0.708898
vt 0.986983 0.706529
vt 0.996847 0.718817
vt 0.996847 0.947325
vt 0.990136 0.949662
vt 0.990136 0.716481
vt 0.011773 0.718849
vt 0.011773 0.937642
vt 0.004976 0.937717
vt 0.004976 0.716481
vt 0.011773 0.952866
vt 0.004976 0.953302
vt 0.011773 0.974154
vt 0.004976 0.974937
vt 0.011773 0.994493
vt 0.004976 0.995800
vt 0.136848 0.258729
vt 0.155934 0.258729
vt 0.153717 0.267096
vt 0.134340 0.267096
vt 0.178916 0.258729
vt 0.176926 0.267096
vt 0.203316 0.258729
vt 0.201500 0.267096
vt 0.226645 0.258729
vt 0.224966 0.267096
vt 0.246420 0.258729
vt 0.244852 0.267096
vt 0.261570 0.258729
vt 0.261570 0.267096
vt 0.276721 0.258729
vt 0.278289 0.267096
vt 0.296496 0.258729
vt 0.298175 0.267096
vt 0.319825 0.258729
vt 0.321641 0.267096
vt 0.344225 0.258729
vt 0.346215 0.267096
vt 0.367207 0.258729
vt 0.369424 0.267096
vt 0.386293 0.258729
vt 0.388801 0.267096
vt 0.980185 0.984542
vt 0.986983 0.985849
vt 0.767838 0.266406
vt 0.755252 0.264707
vt 0.757678 0.257568
vt 0.768695 0.259054
vt 0.742395 0.259926
vt 0.746933 0.253572
vt 0.730840 0.253357
vt 0.720545 0.245793
vt 0.711606 0.237951
vt 0.704206 0.230538
vt 0.698571 0.224264
vt 0.691603 0.215300
vt 0.698571 0.206334
vt 0.704206 0.200061
vt 0.711606 0.192648
vt 0.720545 0.184806
vt 0.730840 0.177242
vt 0.742395 0.170673
vt 0.746933 0.177027
vt 0.755252 0.165892
vt 0.757678 0.173031
vt 0.777432 0.266406
vt 0.776778 0.259054
vt 0.880674 0.812353
vt 0.880674 0.607018
vt 0.888683 0.603701
vt 0.802300 0.603701
vt 0.185415 0.256133
vt 0.185415 0.024878
vt 0.336000 0.024878
vt 0.336000 0.256133
vt 0.397823 0.024878
vt 0.397823 0.256133
vt 0.461774 0.036000
vt 0.461774 0.245011
vt 0.512152 0.074383
vt 0.512153 0.206627
vt 0.556497 0.128221
vt 0.556497 0.152789
s 1
usemtl M_wall
f 855/916/844 863/917/845 861/918/846
f 861/918/846 857/919/847 855/916/844
f 870/920/848 854/921/849 858/922/850
f 858/922/850 866/923/851 870/920/848
f 875/924/852 873/925/853 869/926/854
f 869/926/854 867/927/855 875/924/852
f 860/928/856 864/929/857 881/930/858
f 881/930/858 879/931/859 860/928/856
f 878/932/860 882/933/861 884/934/862
f 884/934/862 888/935/863 878/932/860
f 885/936/864 872/937/865 876/938/866
f 876/938/866 887/939/867 885/936/864
f 855/916/844 857/919/847 856/940/868
f 856/940/868 853/941/869 855/916/844
f 861/918/846 863/917/845 862/942/870
f 862/942/870 859/943/871 861/918/846
f 870/920/848 866/923/851 865/944/872
f 865/944/872 868/945/873 870/920/848
f 858/922/850 854/921/849 853/946/869
f 853/946/869 856/947/868 858/922/850
f 873/925/853 875/924/852 874/948/874
f 874/948/874 871/949/875 873/925/853
f 867/927/855 869/926/854 868/950/873
f 868/950/873 865/951/872 867/927/855
f 864/929/857 860/928/856 859/943/871
f 859/943/871 862/942/870 864/929/857
f 879/931/859 881/930/858 880/952/876
f 880/952/876 877/953/877 879/931/859
f 882/933/861 878/932/860 877/954/877
f 877/954/877 880/955/876 882/933/861
f 888/935/863 884/934/862 883/956/878
f 883/956/878 886/957/879 888/935/863
f 885/936/864 887/939/867 886/958/879
f 886/958/879 883/959/878 885/936/864
f 876/938/866 872/937/865 871/949/875
f 871/949/875 874/948/874 876/938/866
usemtl M_entablature
f 285/64/81 46/65/82 49/66/83
f 49/66/83 284/67/84 285/64/81
f 289/68/85 50/69/86 43/70/87
f 43/70/87 288/71/88 289/68/85
f 293/72/89 51/73/90 44/74/91
f 44/74/91 292/75/92 293/72/89
f 292/75/93 44/74/94 45/76/95
f 45/76/95 296/77/96 292/75/93
f 45/76/97 52/78/97 302/79/97
f 302/79/97 296/77/97 45/76/97
f 284/67/84 49/66/83 51/73/90
f 51/73/90 293/72/89 284/67/84
f 288/80/98 43/81/98 46/82/98
f 46/82/98 285/83/98 288/80/98
f 283/84/99 344/85/100 345/86/101
f 345/86/101 286/87/101 283/84/99
f 287/88/102 348/89/102 340/90/103
f 340/90/103 290/91/104 287/88/102
f 291/92/105 350/93/105 351/94/106
f 351/94/106 294/95/106 291/92/105
f 295/96/107 354/97/108 350/93/109
f 350/93/109 291/92/110 295/96/107
f 301/98/111 341/99/111 354/97/111
f 354/97/111 295/96/111 301/98/111
f 294/95/106 351/94/106 344/85/100
f 344/85/100 283/84/99 294/95/106
f 286/100/98 345/101/98 348/102/98
f 348/102/98 287/103/98 286/100/98
f 53/104/112 306/105/113 298/106/114
f 298/106/114 47/107/115 53/104/112
f 47/107/116 298/106/117 299/108/118
f 299/108/118 48/109/119 47/107/116
f 299/108/120 303/110/120 54/111/120
f 54/111/120 48/109/120 299/108/120
f 50/69/86 289/68/85 306/105/113
f 306/105/113 53/104/112 50/69/86
f 303/112/121 302/113/121 52/114/121
f 52/114/121 54/115/121 303/112/121
f 308/64/122 309/67/123 49/66/83
f 49/66/83 46/65/82 308/64/122
f 312/116/124 313/117/88 43/70/87
f 43/70/87 50/69/86 312/116/124
f 316/72/89 317/75/125 44/74/91
f 44/74/91 51/73/90 316/72/89
f 317/75/126 319/77/127 45/76/95
f 45/76/95 44/74/94 317/75/126
f 321/118/97 52/78/97 45/76/97
f 45/76/97 319/77/97 321/118/97
f 309/67/123 316/72/89 51/73/90
f 51/73/90 49/66/83 309/67/123
f 313/119/98 308/120/98 46/82/98
f 46/82/98 43/81/98 313/119/98
f 412/86/128 370/85/129 310/84/130
f 310/84/130 307/87/131 412/86/128
f 361/90/132 363/89/133 314/88/133
f 314/88/133 311/91/134 361/90/132
f 366/94/135 367/121/136 318/92/136
f 318/92/136 315/95/135 366/94/135
f 367/121/137 413/122/138 320/96/139
f 320/96/139 318/92/140 367/121/137
f 413/122/141 415/99/141 322/98/141
f 322/98/141 320/96/141 413/122/141
f 370/85/129 366/94/135 315/95/135
f 315/95/135 310/84/130 370/85/129
f 363/102/98 412/101/98 307/100/98
f 307/100/98 314/103/98 363/102/98
f 53/104/112 47/107/115 326/123/142
f 326/123/142 323/124/143 53/104/112
f 47/107/116 48/109/119 328/125/144
f 328/125/144 326/123/145 47/107/116
f 54/111/120 330/126/120 328/125/120
f 328/125/120 48/109/120 54/111/120
f 50/69/86 53/104/112 323/124/143
f 323/124/143 312/116/124 50/69/86
f 52/114/121 321/113/121 330/112/121
f 330/112/121 54/115/121 52/114/121
f 297/127/146 305/128/147 332/129/147
f 332/129/147 333/130/146 297/127/146
f 300/131/148 297/127/149 333/130/150
f 333/130/150 335/132/151 300/131/148
f 304/133/152 300/131/152 335/132/153
f 335/132/153 337/134/153 304/133/152
f 305/128/147 290/91/104 340/90/103
f 340/90/103 332/129/147 305/128/147
f 301/135/121 304/136/121 337/137/121
f 337/137/121 341/138/121 301/135/121
f 324/128/154 325/127/155 356/139/155
f 356/139/155 357/140/156 324/128/154
f 325/127/157 327/131/158 360/132/159
f 360/132/159 356/139/160 325/127/157
f 327/131/161 329/133/161 426/134/162
f 426/134/162 360/132/162 327/131/161
f 311/91/134 324/128/154 357/140/156
f 357/140/156 361/90/132 311/91/134
f 329/136/121 322/135/121 415/138/121
f 415/138/121 426/137/121 329/136/121
f 372/64/163 373/67/164 56/66/165
f 56/66/165 55/65/166 372/64/163
f 376/68/167 377/71/168 58/70/169
f 58/70/169 57/69/170 376/68/167
f 380/72/171 381/75/172 60/74/115
f 60/74/115 59/73/173 380/72/171
f 381/75/174 383/77/175 61/76/176
f 61/76/176 60/74/119 381/75/174
f 385/79/120 62/78/120 61/76/120
f 61/76/120 383/77/120 385/79/120
f 373/67/164 380/72/171 59/73/173
f 59/73/173 56/66/165 373/67/164
f 377/80/98 372/141/98 55/82/98
f 55/82/98 58/81/98 377/80/98
f 346/86/177 343/85/178 374/84/179
f 374/84/179 371/87/180 346/86/177
f 339/90/181 347/89/182 378/88/182
f 378/88/182 375/91/183 339/90/181
f 352/94/184 349/93/185 382/92/185
f 382/92/185 379/95/184 352/94/184
f 349/93/186 353/97/187 384/96/188
f 384/96/188 382/92/189 349/93/186
f 353/97/162 342/99/162 386/98/161
f 386/98/161 384/96/161 353/97/162
f 343/85/178 352/94/184 379/95/184
f 379/95/184 374/84/179 343/85/178
f 347/102/98 346/101/98 371/142/98
f 371/142/98 378/103/98 347/102/98
f 63/104/190 64/107/191 390/106/192
f 390/106/192 387/105/193 63/104/190
f 64/107/194 65/109/94 392/108/195
f 392/108/195 390/106/196 64/107/194
f 66/111/97 394/110/97 392/108/97
f 392/108/97 65/109/97 66/111/97
f 57/69/170 63/104/190 387/105/193
f 387/105/193 376/68/167 57/69/170
f 62/114/121 385/113/121 394/112/121
f 394/112/121 66/115/121 62/114/121
f 397/64/197 55/65/166 56/66/165
f 56/66/165 396/67/198 397/64/197
f 401/116/199 57/69/170 58/70/169
f 58/70/169 400/117/168 401/116/199
f 405/72/171 59/73/173 60/74/115
f 60/74/115 404/75/200 405/72/171
f 404/75/201 60/74/119 61/76/176
f 61/76/176 408/77/202 404/75/201
f 61/76/120 62/78/120 410/118/120
f 410/118/120 408/77/120 61/76/120
f 396/67/198 56/66/165 59/73/173
f 59/73/173 405/72/171 396/67/198
f 400/119/98 58/81/98 55/82/98
f 55/82/98 397/120/98 400/119/98
f 395/84/203 369/85/204 411/86/205
f 411/86/205 398/87/206 395/84/203
f 399/88/207 364/89/207 362/90/208
f 362/90/208 402/91/209 399/88/207
f 403/92/210 368/121/210 365/94/211
f 365/94/211 406/95/211 403/92/210
f 407/96/212 414/122/213 368/121/214
f 368/121/214 403/92/215 407/96/212
f 409/98/153 416/99/153 414/122/153
f 414/122/153 407/96/153 409/98/153
f 406/95/211 365/94/211 369/85/204
f 369/85/204 395/84/203 406/95/211
f 398/142/98 411/101/98 364/102/98
f 364/102/98 399/143/98 398/142/98
f 63/104/190 420/124/216 417/123/217
f 417/123/217 64/107/191 63/104/190
f 64/107/194 417/123/218 421/125/219
f 421/125/219 65/109/94 64/107/194
f 421/125/97 423/126/97 66/111/97
f 66/111/97 65/109/97 421/125/97
f 57/69/170 401/116/199 420/124/216
f 420/124/216 63/104/190 57/69/170
f 423/112/121 410/113/121 62/114/121
f 62/114/121 66/115/121 423/112/121
f 331/129/220 388/128/220 389/127/221
f 389/127/221 334/130/221 331/129/220
f 334/130/222 389/127/223 391/131/224
f 391/131/224 336/132/225 334/130/222
f 336/132/141 391/131/226 393/133/226
f 393/133/226 338/134/141 336/132/141
f 339/90/181 375/91/183 388/128/220
f 388/128/220 331/129/220 339/90/181
f 338/137/121 393/136/121 386/135/121
f 386/135/121 342/138/121 338/137/121
f 355/139/227 418/127/227 419/128/228
f 419/128/228 358/140/228 355/139/227
f 359/132/229 422/131/230 418/127/231
f 418/127/231 355/139/232 359/132/229
f 425/134/111 424/133/233 422/131/233
f 422/131/233 359/132/111 425/134/111
f 358/140/228 419/128/228 402/91/209
f 402/91/209 362/90/208 358/140/228
f 416/138/121 409/135/121 424/136/121
f 424/136/121 425/137/121 416/138/121
f 78/144/82 82/65/82 86/66/83
f 86/66/83 67/145/234 78/144/82
f 68/146/235 89/69/165 79/70/166
f 79/70/166 69/147/166 68/146/235
f 70/148/236 92/73/237 80/74/191
f 80/74/191 71/149/191 70/148/236
f 71/149/94 80/74/94 81/76/94
f 81/76/94 72/150/94 71/149/94
f 81/76/97 95/78/97 74/151/97
f 74/151/97 72/150/97 81/76/97
f 67/145/234 86/66/83 92/73/237
f 92/73/237 70/148/236 67/145/234
f 69/152/98 79/81/98 82/82/98
f 82/82/98 78/153/98 69/152/98
f 67/145/238 156/154/238 191/155/239
f 191/155/239 78/144/239 67/145/238
f 69/147/240 192/156/240 155/157/241
f 155/157/241 68/146/241 69/147/240
f 71/149/242 158/158/242 157/159/243
f 157/159/243 70/148/243 71/149/242
f 72/150/244 193/160/244 158/158/244
f 158/158/244 71/149/244 72/150/244
f 74/151/111 194/161/111 193/160/111
f 193/160/111 72/150/111 74/151/111
f 70/148/243 157/159/243 156/154/238
f 156/154/238 67/145/238 70/148/243
f 78/153/98 191/162/98 192/163/98
f 192/163/98 69/152/98 78/153/98
f 101/104/245 76/164/246 77/165/115
f 77/165/115 83/107/115 101/104/245
f 83/107/119 77/165/119 73/166/119
f 73/166/119 84/109/119 83/107/119
f 84/109/120 73/166/120 75/167/120
f 75/167/120 102/111/120 84/109/120
f 89/69/165 68/146/235 76/164/246
f 76/164/246 101/104/245 89/69/165
f 75/168/121 74/169/121 95/114/121
f 95/114/121 102/115/121 75/168/121
f 85/144/82 87/145/234 86/66/83
f 86/66/83 82/65/82 85/144/82
f 88/146/235 90/147/166 79/70/166
f 79/70/166 89/69/165 88/146/235
f 91/148/236 93/149/191 80/74/191
f 80/74/191 92/73/237 91/148/236
f 93/149/94 94/150/94 81/76/94
f 81/76/94 80/74/94 93/149/94
f 81/76/97 94/150/97 96/151/97
f 96/151/97 95/78/97 81/76/97
f 87/145/234 91/148/236 92/73/237
f 92/73/237 86/66/83 87/145/234
f 90/152/98 85/153/98 82/82/98
f 82/82/98 79/81/98 90/152/98
f 211/155/247 212/154/248 87/145/248
f 87/145/248 85/144/247 211/155/247
f 162/157/249 213/156/250 90/147/251
f 90/147/251 88/146/249 162/157/249
f 164/159/252 163/170/253 93/149/254
f 93/149/254 91/148/252 164/159/252
f 163/170/255 214/171/255 94/150/255
f 94/150/255 93/149/255 163/170/255
f 214/171/141 215/161/141 96/151/141
f 96/151/141 94/150/141 214/171/141
f 212/154/248 164/159/252 91/148/252
f 91/148/252 87/145/248 212/154/248
f 213/163/98 211/162/98 85/153/98
f 85/153/98 90/152/98 213/163/98
f 101/104/245 83/107/115 97/165/115
f 97/165/115 98/164/246 101/104/245
f 83/107/119 84/109/119 99/166/119
f 99/166/119 97/165/119 83/107/119
f 84/109/120 102/111/120 100/167/120
f 100/167/120 99/166/120 84/109/120
f 89/69/165 101/104/245 98/164/246
f 98/164/246 88/146/235 89/69/165
f 100/168/121 102/115/121 95/114/121
f 95/114/121 96/169/121 100/168/121
f 120/144/82 124/65/82 128/66/83
f 128/66/83 103/145/234 120/144/82
f 104/146/235 131/69/165 121/70/166
f 121/70/166 105/147/166 104/146/235
f 106/148/236 134/73/237 122/74/191
f 122/74/191 107/149/191 106/148/236
f 107/149/94 122/74/94 123/76/94
f 123/76/94 108/150/94 107/149/94
f 123/76/97 137/78/97 110/151/97
f 110/151/97 108/150/97 123/76/97
f 103/145/234 128/66/83 134/73/237
f 134/73/237 106/148/236 103/145/234
f 105/152/98 121/81/98 124/82/98
f 124/82/98 120/153/98 105/152/98
f 112/172/256 113/173/257 166/174/258
f 166/174/258 165/175/256 112/172/256
f 116/176/259 117/177/260 240/178/260
f 240/178/260 241/179/261 116/176/259
f 117/177/262 118/180/263 243/181/262
f 243/181/262 240/178/262 117/177/262
f 118/180/264 119/182/264 168/183/264
f 168/183/264 243/181/264 118/180/264
f 113/173/257 116/176/259 241/179/261
f 241/179/261 166/174/258 113/173/257
f 119/184/265 110/169/121 111/168/121
f 119/184/265 111/168/121 246/185/121
f 119/184/265 246/185/121 168/186/121
f 112/187/266 120/144/239 103/145/238
f 103/145/238 113/188/267 112/187/266
f 105/147/268 247/189/268 169/190/241
f 169/190/241 104/146/241 105/147/268
f 116/191/269 106/148/243 107/149/242
f 107/149/242 117/192/242 116/191/269
f 117/192/270 107/149/244 108/150/244
f 108/150/244 118/193/270 117/192/270
f 118/193/111 108/150/111 110/151/111
f 110/151/111 119/194/111 118/193/111
f 113/188/267 103/145/238 106/148/243
f 106/148/243 116/191/269 113/188/267
f 105/152/98 120/153/98 112/195/271
f 105/152/98 112/195/271 165/196/98
f 105/152/98 165/196/98 247/197/98
f 149/104/245 114/164/246 115/165/115
f 115/165/115 125/107/115 149/104/245
f 125/107/119 115/165/119 109/166/119
f 109/166/119 126/109/119 125/107/119
f 126/109/120 109/166/120 111/167/120
f 111/167/120 150/111/120 126/109/120
f 131/69/165 104/146/235 114/164/246
f 114/164/246 149/104/245 131/69/165
f 111/168/121 110/169/121 137/114/121
f 137/114/121 150/115/121 111/168/121
f 127/144/82 129/145/234 128/66/83
f 128/66/83 124/65/82 127/144/82
f 130/146/235 132/147/166 121/70/166
f 121/70/166 131/69/165 130/146/235
f 133/148/236 135/149/191 122/74/191
f 122/74/191 134/73/237 133/148/236
f 135/149/94 136/150/94 123/76/94
f 123/76/94 122/74/94 135/149/94
f 123/76/97 136/150/97 138/151/97
f 138/151/97 137/78/97 123/76/97
f 129/145/234 133/148/236 134/73/237
f 134/73/237 128/66/83 129/145/234
f 132/152/98 127/153/98 124/82/98
f 124/82/98 121/81/98 132/152/98
f 139/172/272 170/198/272 264/174/273
f 264/174/273 140/173/274 139/172/272
f 143/176/275 267/199/276 268/200/277
f 268/200/277 144/177/277 143/176/275
f 144/177/278 268/200/278 270/181/278
f 270/181/278 146/180/278 144/177/278
f 146/180/279 270/181/280 272/201/279
f 272/201/279 148/182/279 146/180/279
f 140/173/274 264/174/273 267/199/276
f 267/199/276 143/176/275 140/173/274
f 148/184/265 272/202/121 173/185/121
f 148/184/265 173/185/121 147/168/121
f 148/184/265 147/168/121 138/169/121
f 139/187/281 140/188/282 129/145/248
f 129/145/248 127/144/281 139/187/281
f 174/190/283 275/189/250 132/147/250
f 132/147/250 130/146/283 174/190/283
f 143/191/284 144/192/253 135/149/253
f 135/149/253 133/148/252 143/191/284
f 144/192/255 146/193/255 136/150/255
f 136/150/255 135/149/255 144/192/255
f 146/193/226 148/194/226 138/151/141
f 138/151/141 136/150/141 146/193/226
f 140/188/282 143/191/284 133/148/252
f 133/148/252 129/145/248 140/188/282
f 132/152/98 275/203/98 170/196/98
f 132/152/98 170/196/98 139/195/271
f 132/152/98 139/195/271 127/153/98
f 149/104/245 125/107/115 141/165/115
f 141/165/115 142/164/246 149/104/245
f 125/107/119 126/109/119 145/166/119
f 145/166/119 141/165/119 125/107/119
f 126/109/120 150/111/120 147/167/120
f 147/167/120 145/166/120 126/109/120
f 131/69/165 149/104/245 142/164/246
f 142/164/246 130/146/235 131/69/165
f 147/168/121 150/115/121 137/114/121
f 137/114/121 138/169/121 147/168/121
f 77/165/285 76/164/286 151/204/286
f 151/204/286 152/205/287 77/165/285
f 73/166/288 77/165/288 152/205/288
f 152/205/288 153/206/288 73/166/288
f 75/167/153 73/166/153 153/206/153
f 153/206/153 154/207/153 75/167/153
f 76/164/286 68/146/241 155/157/241
f 155/157/241 151/204/286 76/164/286
f 74/169/121 75/168/121 154/208/121
f 154/208/121 194/209/121 74/169/121
f 98/164/289 97/165/290 159/210/290
f 159/210/290 160/211/289 98/164/289
f 97/165/291 99/166/291 161/206/291
f 161/206/291 159/210/291 97/165/291
f 99/166/162 100/167/162 279/207/162
f 279/207/162 161/206/162 99/166/162
f 88/146/249 98/164/289 160/211/289
f 160/211/289 162/157/249 88/146/249
f 100/168/121 96/169/121 215/209/121
f 215/209/121 279/208/121 100/168/121
f 115/165/287 114/164/286 167/212/286
f 167/212/286 280/213/287 115/165/287
f 109/166/292 115/165/292 280/213/288
f 280/213/288 281/214/288 109/166/292
f 111/167/153 109/166/153 281/214/153
f 281/214/153 246/215/153 111/167/153
f 114/164/286 104/146/241 169/190/241
f 169/190/241 167/212/286 114/164/286
f 142/164/289 141/165/290 171/213/290
f 171/213/290 172/212/289 142/164/289
f 141/165/293 145/166/293 282/214/293
f 282/214/293 171/213/293 141/165/293
f 145/166/162 147/167/162 173/216/162
f 173/216/162 282/214/162 145/166/162
f 130/146/283 142/164/289 172/212/289
f 172/212/289 174/190/283 130/146/283
f 175/144/166 178/145/294 177/66/165
f 177/66/165 176/65/166 175/144/166
f 179/146/295 182/147/296 181/70/296
f 181/70/296 180/69/83 179/146/295
f 183/148/297 186/149/115 185/74/115
f 185/74/115 184/73/245 183/148/297
f 186/149/119 188/150/119 187/76/119
f 187/76/119 185/74/119 186/149/119
f 187/76/120 188/150/120 190/151/120
f 190/151/120 189/78/120 187/76/120
f 178/145/294 183/148/297 184/73/245
f 184/73/245 177/66/165 178/145/294
f 182/152/98 175/153/98 176/82/98
f 176/82/98 181/81/98 182/152/98
f 178/145/298 175/144/251 191/155/251
f 191/155/251 156/154/298 178/145/298
f 182/147/247 179/146/299 155/157/299
f 155/157/299 192/156/247 182/147/247
f 186/149/290 183/148/300 157/159/300
f 157/159/300 158/158/290 186/149/290
f 188/150/291 186/149/291 158/158/291
f 158/158/291 193/160/291 188/150/291
f 190/151/162 188/150/162 193/160/162
f 193/160/162 194/161/162 190/151/162
f 183/148/300 178/145/298 156/154/298
f 156/154/298 157/159/300 183/148/300
f 175/153/98 182/152/98 192/163/98
f 192/163/98 191/162/98 175/153/98
f 195/104/237 198/107/191 197/165/191
f 197/165/191 196/164/301 195/104/237
f 198/107/94 200/109/94 199/166/94
f 199/166/94 197/165/94 198/107/94
f 200/109/97 202/111/97 201/167/97
f 201/167/97 199/166/97 200/109/97
f 180/69/83 195/104/237 196/164/301
f 196/164/301 179/146/295 180/69/83
f 201/168/121 202/115/121 189/114/121
f 189/114/121 190/169/121 201/168/121
f 203/144/166 176/65/166 177/66/165
f 177/66/165 204/145/294 203/144/166
f 205/146/295 180/69/83 181/70/296
f 181/70/296 206/147/296 205/146/295
f 207/148/297 184/73/245 185/74/115
f 185/74/115 208/149/115 207/148/297
f 208/149/119 185/74/119 187/76/119
f 187/76/119 209/150/119 208/149/119
f 187/76/120 189/78/120 210/151/120
f 210/151/120 209/150/120 187/76/120
f 204/145/294 177/66/165 184/73/245
f 184/73/245 207/148/297 204/145/294
f 206/152/98 181/81/98 176/82/98
f 176/82/98 203/153/98 206/152/98
f 211/155/240 203/144/240 204/145/302
f 204/145/302 212/154/302 211/155/240
f 162/157/303 205/146/303 206/147/266
f 206/147/266 213/156/266 162/157/303
f 164/159/304 207/148/304 208/149/285
f 208/149/285 163/170/287 164/159/304
f 163/170/288 208/149/288 209/150/288
f 209/150/288 214/171/288 163/170/288
f 214/171/153 209/150/153 210/151/153
f 210/151/153 215/161/153 214/171/153
f 212/154/302 204/145/302 207/148/304
f 207/148/304 164/159/304 212/154/302
f 213/163/98 206/152/98 203/153/98
f 203/153/98 211/162/98 213/163/98
f 195/104/237 217/164/301 216/165/191
f 216/165/191 198/107/191 195/104/237
f 198/107/94 216/165/94 218/166/94
f 218/166/94 200/109/94 198/107/94
f 200/109/97 218/166/97 219/167/97
f 219/167/97 202/111/97 200/109/97
f 180/69/83 205/146/295 217/164/301
f 217/164/301 195/104/237 180/69/83
f 219/168/121 210/169/121 189/114/121
f 189/114/121 202/115/121 219/168/121
f 220/144/305 223/145/294 222/66/165
f 222/66/165 221/65/305 220/144/305
f 224/146/295 227/147/296 226/70/296
f 226/70/296 225/69/83 224/146/295
f 228/148/297 231/149/115 230/74/115
f 230/74/115 229/73/245 228/148/297
f 231/149/119 233/150/119 232/76/119
f 232/76/119 230/74/119 231/149/119
f 232/76/120 233/150/120 235/151/120
f 235/151/120 234/78/120 232/76/120
f 223/145/294 228/148/297 229/73/245
f 229/73/245 222/66/165 223/145/294
f 227/152/98 220/153/98 221/82/98
f 221/82/98 226/81/98 227/152/98
f 236/172/306 165/175/306 166/174/307
f 166/174/307 237/173/308 236/172/306
f 238/176/309 241/179/310 240/178/311
f 240/178/311 239/177/311 238/176/309
f 239/177/312 240/178/312 243/181/312
f 243/181/312 242/180/312 239/177/312
f 242/180/313 243/181/313 168/183/313
f 168/183/313 244/182/313 242/180/313
f 237/173/308 166/174/307 241/179/310
f 241/179/310 238/176/309 237/173/308
f 244/184/314 168/186/121 246/185/121
f 244/184/314 246/185/121 245/168/121
f 244/184/314 245/168/121 235/169/121
f 236/187/250 237/188/315 223/145/298
f 223/145/298 220/144/251 236/187/250
f 227/147/316 224/146/299 169/190/299
f 169/190/299 247/189/316 227/147/316
f 238/191/317 239/192/290 231/149/290
f 231/149/290 228/148/300 238/191/317
f 239/192/318 242/193/318 233/150/291
f 233/150/291 231/149/291 239/192/318
f 242/193/162 244/194/162 235/151/162
f 235/151/162 233/150/162 242/193/162
f 237/188/315 238/191/317 228/148/300
f 228/148/300 223/145/298 237/188/315
f 227/152/98 247/197/98 165/196/98
f 227/152/98 165/196/98 236/195/319
f 227/152/98 236/195/319 220/153/98
f 248/104/237 251/107/191 250/165/191
f 250/165/191 249/164/301 248/104/237
f 251/107/94 253/109/94 252/166/94
f 252/166/94 250/165/94 251/107/94
f 253/109/97 254/111/97 245/167/97
f 245/167/97 252/166/97 253/109/97
f 225/69/83 248/104/237 249/164/301
f 249/164/301 224/146/295 225/69/83
f 245/168/121 254/115/121 234/114/121
f 234/114/121 235/169/121 245/168/121
f 255/144/305 221/65/305 222/66/165
f 222/66/165 256/145/294 255/144/305
f 257/146/295 225/69/83 226/70/296
f 226/70/296 258/147/296 257/146/295
f 259/148/297 229/73/245 230/74/115
f 230/74/115 260/149/115 259/148/297
f 260/149/119 230/74/119 232/76/119
f 232/76/119 261/150/119 260/149/119
f 232/76/120 234/78/120 262/151/120
f 262/151/120 261/150/120 232/76/120
f 256/145/294 222/66/165 229/73/245
f 229/73/245 259/148/297 256/145/294
f 258/152/98 226/81/98 221/82/98
f 221/82/98 255/153/98 258/152/98
f 263/172/320 265/173/321 264/174/322
f 264/174/322 170/198/320 263/172/320
f 266/176/323 269/177/324 268/200/324
f 268/200/324 267/199/325 266/176/323
f 269/177/326 271/180/326 270/181/326
f 270/181/326 268/200/326 269/177/326
f 271/180/327 273/182/327 272/201/327
f 272/201/327 270/181/328 271/180/327
f 265/173/321 266/176/323 267/199/325
f 267/199/325 264/174/322 265/173/321
f 273/184/314 262/169/121 274/168/121
f 273/184/314 274/168/121 173/185/121
f 273/184/314 173/185/121 272/202/121
f 263/187/329 255/144/329 256/145/302
f 256/145/302 265/188/330 263/187/329
f 174/190/331 257/146/331 258/147/266
f 258/147/266 275/189/266 174/190/331
f 266/191/332 259/148/304 260/149/287
f 260/149/287 269/192/287 266/191/332
f 269/192/288 260/149/288 261/150/288
f 261/150/288 271/193/288 269/192/288
f 271/193/153 261/150/153 262/151/153
f 262/151/153 273/194/152 271/193/153
f 265/188/330 256/145/302 259/148/304
f 259/148/304 266/191/332 265/188/330
f 258/152/98 255/153/98 263/195/319
f 258/152/98 263/195/319 170/196/98
f 258/152/98 170/196/98 275/203/98
f 248/104/237 277/164/301 276/165/191
f 276/165/191 251/107/191 248/104/237
f 251/107/94 276/165/94 278/166/94
f 278/166/94 253/109/94 251/107/94
f 253/109/97 278/166/97 274/167/97
f 274/167/97 254/111/97 253/109/97
f 225/69/83 257/146/295 277/164/301
f 277/164/301 248/104/237 225/69/83
f 274/168/121 262/169/121 234/114/121
f 234/114/121 254/115/121 274/168/121
f 197/165/253 152/205/253 151/204/333
f 151/204/333 196/164/333 197/165/253
f 199/166/255 153/206/255 152/205/255
f 152/205/255 197/165/255 199/166/255
f 201/167/141 154/207/141 153/206/141
f 153/206/141 199/166/141 201/167/141
f 196/164/333 151/204/333 155/157/299
f 155/157/299 179/146/299 196/164/333
f 190/169/121 194/209/121 154/208/121
f 154/208/121 201/168/121 190/169/121
f 217/164/334 160/211/334 159/210/242
f 159/210/242 216/165/242 217/164/334
f 216/165/244 159/210/244 161/206/244
f 161/206/244 218/166/244 216/165/244
f 218/166/111 161/206/111 279/207/111
f 279/207/111 219/167/111 218/166/111
f 205/146/303 162/157/303 160/211/334
f 160/211/334 217/164/334 205/146/303
f 219/168/121 279/208/121 215/209/121
f 215/209/121 210/169/121 219/168/121
f 250/165/253 280/213/253 167/212/333
f 167/212/333 249/164/333 250/165/253
f 252/166/335 281/214/255 280/213/255
f 280/213/255 250/165/335 252/166/335
f 245/167/141 246/215/141 281/214/141
f 281/214/141 252/166/141 245/167/141
f 249/164/333 167/212/333 169/190/299
f 169/190/299 224/146/299 249/164/333
f 277/164/334 172/212/334 171/213/242
f 171/213/242 276/165/242 277/164/334
f 276/165/336 171/213/336 282/214/336
f 282/214/336 278/166/336 276/165/336
f 278/166/111 282/214/111 173/216/111
f 173/216/111 274/167/111 278/166/111
f 257/146/331 174/190/331 172/212/334
f 172/212/334 277/164/334 257/146/331
f 285/64/337 284/67/338 283/145/339
f 283/145/339 286/144/340 285/64/337
f 289/68/341 288/71/342 287/147/342
f 287/147/342 290/146/343 289/68/341
f 293/72/344 292/75/345 291/149/345
f 291/149/345 294/148/346 293/72/344
f 292/75/93 296/77/96 295/150/107
f 295/150/107 291/149/110 292/75/93
f 296/77/347 302/79/348 301/151/348
f 301/151/348 295/150/347 296/77/347
f 284/67/338 293/72/344 294/148/346
f 294/148/346 283/145/339 284/67/338
f 288/80/98 285/83/98 286/153/98
f 286/153/98 287/152/98 288/80/98
f 345/86/349 344/85/350 343/154/351
f 343/154/351 346/155/352 345/86/349
f 340/90/353 348/89/354 347/156/354
f 347/156/354 339/157/355 340/90/353
f 351/94/356 350/93/357 349/158/357
f 349/158/357 352/159/358 351/94/356
f 350/93/109 354/97/108 353/160/187
f 353/160/187 349/158/186 350/93/109
f 344/85/350 351/94/356 352/159/358
f 352/159/358 343/154/351 344/85/350
f 299/108/118 298/106/117 297/165/149
f 297/165/149 300/166/148 299/108/118
f 303/110/359 299/108/360 300/166/361
f 300/166/361 304/167/362 303/110/359
f 302/113/121 303/112/121 304/168/121
f 304/168/121 301/169/121 302/113/121
f 309/67/363 308/64/364 307/144/365
f 307/144/365 310/145/366 309/67/363
f 313/117/367 312/116/368 311/146/369
f 311/146/369 314/147/370 313/117/367
f 317/75/371 316/72/372 315/148/373
f 315/148/373 318/149/371 317/75/371
f 319/77/127 317/75/126 318/149/140
f 318/149/140 320/150/139 319/77/127
f 321/118/374 319/77/374 320/150/374
f 320/150/374 322/151/374 321/118/374
f 316/72/372 309/67/363 310/145/366
f 310/145/366 315/148/373 316/72/372
f 308/120/98 313/119/98 314/152/98
f 314/152/98 307/153/98 308/120/98
f 363/89/375 361/90/376 362/157/377
f 362/157/377 364/156/375 363/89/375
f 367/121/378 366/94/379 365/159/379
f 365/159/379 368/170/378 367/121/378
f 366/94/379 370/85/380 369/154/381
f 369/154/381 365/159/379 366/94/379
f 326/123/145 328/125/144 327/166/158
f 327/166/158 325/165/157 326/123/145
f 328/125/382 330/126/383 329/167/382
f 329/167/382 327/166/384 328/125/382
f 330/112/121 321/113/121 322/169/121
f 322/169/121 329/168/121 330/112/121
f 305/128/385 297/127/386 298/165/386
f 298/165/386 306/164/385 305/128/385
f 333/130/387 332/129/388 331/204/388
f 331/204/388 334/205/387 333/130/387
f 335/132/151 333/130/150 334/205/222
f 334/205/222 336/206/225 335/132/151
f 337/134/389 335/132/389 336/206/389
f 336/206/389 338/207/389 337/134/389
f 290/91/343 305/128/385 306/164/385
f 306/164/385 289/146/341 290/91/343
f 332/129/388 340/90/353 339/157/355
f 339/157/355 331/204/388 332/129/388
f 341/138/121 337/137/121 338/208/121
f 338/208/121 342/209/121 341/138/121
f 325/127/390 324/128/391 323/164/391
f 323/164/391 326/165/390 325/127/390
f 357/140/392 356/139/393 355/210/393
f 355/210/393 358/211/392 357/140/392
f 356/139/160 360/132/159 359/206/229
f 359/206/229 355/210/232 356/139/160
f 324/128/391 311/91/369 312/146/368
f 312/146/368 323/164/391 324/128/391
f 361/90/376 357/140/392 358/211/392
f 358/211/392 362/157/377 361/90/376
f 373/67/394 372/64/395 371/144/395
f 371/144/395 374/145/396 373/67/394
f 377/71/397 376/68/398 375/146/399
f 375/146/399 378/147/397 377/71/397
f 381/75/400 380/72/401 379/148/402
f 379/148/402 382/149/400 381/75/400
f 383/77/175 381/75/174 382/149/189
f 382/149/189 384/150/188 383/77/175
f 385/79/403 383/77/403 384/150/403
f 384/150/403 386/151/403 385/79/403
f 380/72/401 373/67/394 374/145/396
f 374/145/396 379/148/402 380/72/401
f 372/141/98 377/80/98 378/152/98
f 378/152/98 371/153/98 372/141/98
f 342/99/404 353/97/404 354/160/404
f 354/160/404 341/161/404 342/99/404
f 346/101/98 347/102/98 348/163/98
f 348/163/98 345/162/98 346/101/98
f 390/106/196 392/108/195 391/166/224
f 391/166/224 389/165/223 390/106/196
f 392/108/405 394/110/406 393/167/406
f 393/167/406 391/166/407 392/108/405
f 394/112/121 385/113/121 386/169/121
f 386/169/121 393/168/121 394/112/121
f 397/64/408 396/67/409 395/145/410
f 395/145/410 398/144/408 397/64/408
f 401/116/411 400/117/412 399/147/412
f 399/147/412 402/146/413 401/116/411
f 405/72/414 404/75/415 403/149/415
f 403/149/415 406/148/416 405/72/414
f 404/75/201 408/77/202 407/150/212
f 407/150/212 403/149/215 404/75/201
f 408/77/417 410/118/417 409/151/417
f 409/151/417 407/150/417 408/77/417
f 396/67/409 405/72/414 406/148/416
f 406/148/416 395/145/410 396/67/409
f 400/119/98 397/120/98 398/153/98
f 398/153/98 399/152/98 400/119/98
f 411/86/418 369/85/381 370/154/380
f 370/154/380 412/155/419 411/86/418
f 368/121/214 414/122/213 413/171/138
f 413/171/138 367/170/137 368/121/214
f 414/122/420 416/99/420 415/161/420
f 415/161/420 413/171/420 414/122/420
f 364/102/98 411/101/98 412/162/98
f 412/162/98 363/163/98 364/102/98
f 421/125/219 417/123/218 418/165/231
f 418/165/231 422/166/230 421/125/219
f 423/126/421 421/125/421 422/166/421
f 422/166/421 424/167/422 423/126/421
f 410/113/121 423/112/121 424/168/121
f 424/168/121 409/169/121 410/113/121
f 389/127/423 388/128/424 387/164/424
f 387/164/424 390/165/423 389/127/423
f 388/128/424 375/91/399 376/146/398
f 376/146/398 387/164/424 388/128/424
f 419/128/425 418/127/426 417/165/426
f 417/165/426 420/164/427 419/128/425
f 425/134/428 359/132/428 360/206/428
f 360/206/428 426/207/428 425/134/428
f 402/91/413 419/128/425 420/164/427
f 420/164/427 401/146/411 402/91/413
f 416/138/121 425/137/121 426/208/121
f 426/208/121 415/209/121 416/138/121
usemtl M_roof_texture
f 731/744/718 735/745/719 737/746/720
f 737/746/720 729/747/721 731/744/718
f 743/748/722 732/749/723 728/750/724
f 728/750/724 741/751/725 743/748/722
f 749/752/726 744/753/727 740/754/728
f 740/754/728 747/755/729 749/752/726
f 755/756/730 750/757/731 746/758/732
f 746/758/732 753/759/733 755/756/730
f 761/760/734 756/761/735 752/762/736
f 752/762/736 759/763/737 761/760/734
f 734/764/738 762/765/739 758/766/740
f 758/766/740 738/767/741 734/764/738
f 766/768/742 768/769/743 797/770/744
f 797/770/744 796/771/745 798/772/746
f 798/772/746 812/773/747 811/774/748
f 797/770/744 798/772/746 811/774/748
f 811/774/748 813/775/749 827/776/750
f 827/776/750 826/777/751 828/778/752
f 811/774/748 827/776/750 828/778/752
f 797/770/744 811/774/748 828/778/752
f 828/778/752 842/779/753 841/780/754
f 841/780/754 843/781/755 770/782/756
f 828/778/752 841/780/754 770/782/756
f 797/770/744 828/778/752 770/782/756
f 770/782/756 769/783/757 771/784/758
f 797/770/744 770/782/756 771/784/758
f 766/768/742 797/770/744 771/784/758
f 767/785/759 766/768/742 771/784/758
f 767/786/759 771/787/758 773/788/760
f 773/788/760 765/789/761 767/786/759
f 765/789/761 773/788/760 779/790/762
f 779/790/762 777/791/763 765/789/761
f 777/791/763 779/790/762 735/745/719
f 735/745/719 731/744/718 777/791/763
f 788/792/764 791/793/765 729/747/721
f 729/747/721 737/746/720 788/792/764
f 797/794/744 768/795/743 764/796/766
f 764/796/766 795/797/767 797/794/744
f 795/797/767 764/796/766 776/798/768
f 776/798/768 801/799/769 795/797/767
f 801/799/769 776/798/768 732/749/723
f 732/749/723 743/748/722 801/799/769
f 792/800/770 806/801/771 741/751/725
f 741/751/725 728/750/724 792/800/770
f 812/802/747 798/803/746 794/804/772
f 794/804/772 810/805/773 812/802/747
f 810/805/773 794/804/772 800/806/774
f 800/806/774 816/807/775 810/805/773
f 816/807/775 800/806/774 744/753/727
f 744/753/727 749/752/726 816/807/775
f 807/808/776 821/809/777 747/755/729
f 747/755/729 740/754/728 807/808/776
f 827/810/750 813/811/749 809/812/778
f 809/812/778 825/813/779 827/810/750
f 825/813/779 809/812/778 815/814/780
f 815/814/780 831/815/781 825/813/779
f 831/815/781 815/814/780 750/757/731
f 750/757/731 755/756/730 831/815/781
f 822/816/782 836/817/783 753/759/733
f 753/759/733 746/758/732 822/816/782
f 842/818/753 828/819/752 824/820/784
f 824/820/784 840/821/785 842/818/753
f 840/821/785 824/820/784 830/822/786
f 830/822/786 846/823/787 840/821/785
f 846/823/787 830/822/786 756/761/735
f 756/761/735 761/760/734 846/823/787
f 837/824/788 851/825/789 759/763/737
f 759/763/737 752/762/736 837/824/788
f 770/826/756 843/827/755 839/828/790
f 839/828/790 774/829/791 770/826/756
f 774/829/791 839/828/790 845/830/792
f 845/830/792 780/831/793 774/829/791
f 780/831/793 845/830/792 762/765/739
f 762/765/739 734/764/738 780/831/793
f 852/832/794 789/833/795 738/767/741
f 738/767/741 758/766/740 852/832/794
f 783/834/796 785/835/797 791/793/765
f 791/793/765 788/792/764 783/834/796
f 786/836/798 803/837/799 806/801/771
f 806/801/771 792/800/770 786/836/798
f 804/838/800 818/839/801 821/809/777
f 821/809/777 807/808/776 804/838/800
f 819/840/802 833/841/803 836/817/783
f 836/817/783 822/816/782 819/840/802
f 834/842/804 848/843/805 851/825/789
f 851/825/789 837/824/788 834/842/804
f 849/844/806 782/845/807 789/833/795
f 789/833/795 852/832/794 849/844/806
f 731/744/718 729/747/721 727/846/808
f 727/846/808 730/847/809 731/744/718
f 737/746/720 735/745/719 733/848/810
f 733/848/810 736/849/811 737/746/720
f 743/748/722 741/751/725 739/850/812
f 739/850/812 742/851/813 743/748/722
f 728/750/724 732/749/723 730/852/809
f 730/852/809 727/853/808 728/750/724
f 749/752/726 747/755/729 745/854/814
f 745/854/814 748/855/815 749/752/726
f 740/754/728 744/753/727 742/856/813
f 742/856/813 739/857/812 740/754/728
f 755/756/730 753/759/733 751/858/816
f 751/858/816 754/859/817 755/756/730
f 746/758/732 750/757/731 748/855/815
f 748/855/815 745/854/814 746/758/732
f 761/760/734 759/763/737 757/860/818
f 757/860/818 760/861/819 761/760/734
f 752/762/736 756/761/735 754/862/817
f 754/862/817 751/863/816 752/762/736
f 734/764/738 738/767/741 736/849/811
f 736/849/811 733/848/810 734/764/738
f 758/766/740 762/765/739 760/864/819
f 760/864/819 757/865/818 758/766/740
f 767/786/759 765/789/761 763/866/820
f 763/866/820 766/867/742 767/786/759
f 773/788/760 771/787/758 769/868/757
f 769/868/757 772/869/821 773/788/760
f 765/789/761 777/791/763 775/870/822
f 775/870/822 763/866/820 765/789/761
f 779/790/762 773/788/760 772/869/821
f 772/869/821 778/871/823 779/790/762
f 777/791/763 731/744/718 730/847/809
f 730/847/809 775/870/822 777/791/763
f 735/745/719 779/790/762 778/871/823
f 778/871/823 733/848/810 735/745/719
f 788/792/764 737/746/720 736/849/811
f 736/849/811 787/872/824 788/792/764
f 729/747/721 791/793/765 790/873/825
f 790/873/825 727/846/808 729/747/721
f 797/794/744 795/797/767 793/874/826
f 793/874/826 796/875/745 797/794/744
f 764/796/766 768/795/743 766/876/742
f 766/876/742 763/877/820 764/796/766
f 795/797/767 801/799/769 799/878/827
f 799/878/827 793/874/826 795/797/767
f 776/798/768 764/796/766 763/877/820
f 763/877/820 775/879/822 776/798/768
f 801/799/769 743/748/722 742/851/813
f 742/851/813 799/878/827 801/799/769
f 732/749/723 776/798/768 775/879/822
f 775/879/822 730/852/809 732/749/723
f 792/800/770 728/750/724 727/853/808
f 727/853/808 790/880/825 792/800/770
f 741/751/725 806/801/771 805/881/828
f 805/881/828 739/850/812 741/751/725
f 812/802/747 810/805/773 808/882/829
f 808/882/829 811/883/748 812/802/747
f 794/804/772 798/803/746 796/884/745
f 796/884/745 793/885/826 794/804/772
f 810/805/773 816/807/775 814/886/830
f 814/886/830 808/882/829 810/805/773
f 800/806/774 794/804/772 793/885/826
f 793/885/826 799/887/827 800/806/774
f 816/807/775 749/752/726 748/855/815
f 748/855/815 814/886/830 816/807/775
f 744/753/727 800/806/774 799/887/827
f 799/887/827 742/856/813 744/753/727
f 807/808/776 740/754/728 739/857/812
f 739/857/812 805/888/828 807/808/776
f 747/755/729 821/809/777 820/889/831
f 820/889/831 745/854/814 747/755/729
f 827/810/750 825/813/779 823/890/832
f 823/890/832 826/891/751 827/810/750
f 809/812/778 813/811/749 811/883/748
f 811/883/748 808/882/829 809/812/778
f 825/813/779 831/815/781 829/892/833
f 829/892/833 823/890/832 825/813/779
f 815/814/780 809/812/778 808/882/829
f 808/882/829 814/886/830 815/814/780
f 831/815/781 755/756/730 754/859/817
f 754/859/817 829/892/833 831/815/781
f 750/757/731 815/814/780 814/886/830
f 814/886/830 748/855/815 750/757/731
f 822/816/782 746/758/732 745/854/814
f 745/854/814 820/889/831 822/816/782
f 753/759/733 836/817/783 835/893/834
f 835/893/834 751/858/816 753/759/733
f 842/818/753 840/821/785 838/894/835
f 838/894/835 841/895/754 842/818/753
f 824/820/784 828/819/752 826/896/751
f 826/896/751 823/897/832 824/820/784
f 840/821/785 846/823/787 844/898/836
f 844/898/836 838/894/835 840/821/785
f 830/822/786 824/820/784 823/897/832
f 823/897/832 829/899/833 830/822/786
f 846/823/787 761/760/734 760/861/819
f 760/861/819 844/898/836 846/823/787
f 756/761/735 830/822/786 829/899/833
f 829/899/833 754/862/817 756/761/735
f 837/824/788 752/762/736 751/863/816
f 751/863/816 835/900/834 837/824/788
f 759/763/737 851/825/789 850/901/837
f 850/901/837 757/860/818 759/763/737
f 770/826/756 774/829/791 772/869/821
f 772/869/821 769/868/757 770/826/756
f 839/828/790 843/827/755 841/902/754
f 841/902/754 838/903/835 839/828/790
f 774/829/791 780/831/793 778/871/823
f 778/871/823 772/869/821 774/829/791
f 845/830/792 839/828/790 838/903/835
f 838/903/835 844/904/836 845/830/792
f 780/831/793 734/764/738 733/848/810
f 733/848/810 778/871/823 780/831/793
f 762/765/739 845/830/792 844/904/836
f 844/904/836 760/864/819 762/765/739
f 852/832/794 758/766/740 757/865/818
f 757/865/818 850/905/837 852/832/794
f 738/767/741 789/833/795 787/872/824
f 787/872/824 736/849/811 738/767/741
f 783/834/796 788/792/764 787/872/824
f 787/872/824 781/906/838 783/834/796
f 791/793/765 785/835/797 784/907/839
f 784/907/839 790/873/825 791/793/765
f 786/836/798 792/800/770 790/880/825
f 790/880/825 784/908/839 786/836/798
f 806/801/771 803/837/799 802/909/840
f 802/909/840 805/881/828 806/801/771
f 804/838/800 807/808/776 805/888/828
f 805/888/828 802/910/840 804/838/800
f 821/809/777 818/839/801 817/911/841
f 817/911/841 820/889/831 821/809/777
f 819/840/802 822/816/782 820/889/831
f 820/889/831 817/911/841 819/840/802
f 836/817/783 833/841/803 832/912/842
f 832/912/842 835/893/834 836/817/783
f 834/842/804 837/824/788 835/900/834
f 835/900/834 832/913/842 834/842/804
f 851/825/789 848/843/805 847/914/843
f 847/914/843 850/901/837 851/825/789
f 849/844/806 852/832/794 850/905/837
f 850/905/837 847/915/843 849/844/806
f 789/833/795 782/845/807 781/906/838
f 781/906/838 787/872/824 789/833/795
usemtl M_roof_elements
f 427/217/429 428/218/430 440/219/430
f 440/219/430 439/220/429 427/217/429
f 428/218/430 429/221/431 441/222/431
f 441/222/431 440/219/430 428/218/430
f 429/223/431 430/224/432 442/225/432
f 442/225/432 441/226/431 429/223/431
f 430/224/432 431/227/433 443/228/433
f 443/228/433 442/225/432 430/224/432
f 431/229/433 432/230/434 444/231/434
f 444/231/434 443/232/433 431/229/433
f 432/230/434 433/233/435 445/234/435
f 445/234/435 444/231/434 432/230/434
f 433/233/435 434/235/436 446/236/436
f 446/236/436 445/234/435 433/233/435
f 434/235/436 435/237/437 447/238/437
f 447/238/437 446/236/436 434/235/436
f 435/239/437 436/240/438 448/241/438
f 448/241/438 447/242/437 435/239/437
f 436/240/438 437/243/439 449/244/439
f 449/244/439 448/241/438 436/240/438
f 437/245/439 438/246/440 450/247/440
f 450/247/440 449/248/439 437/245/439
f 438/246/440 427/217/429 439/220/429
f 439/220/429 450/247/440 438/246/440
f 439/220/441 440/219/442 452/249/443
f 452/249/443 451/250/441 439/220/441
f 440/219/442 441/222/444 453/251/444
f 453/251/444 452/249/443 440/219/442
f 441/226/444 442/225/445 454/252/445
f 454/252/445 453/253/444 441/226/444
f 442/225/445 443/228/446 455/254/446
f 455/254/446 454/252/445 442/225/445
f 443/232/446 444/231/447 456/255/447
f 456/255/447 455/256/446 443/232/446
f 444/231/447 445/234/448 457/257/448
f 457/257/448 456/255/447 444/231/447
f 445/234/448 446/236/449 458/258/450
f 458/258/450 457/257/448 445/234/448
f 446/236/449 447/238/451 459/259/451
f 459/259/451 458/258/450 446/236/449
f 447/242/451 448/241/452 460/260/452
f 460/260/452 459/261/451 447/242/451
f 448/241/452 449/244/453 461/262/453
f 461/262/453 460/260/452 448/241/452
f 449/248/453 450/247/454 462/263/455
f 462/263/455 461/264/453 449/248/453
f 450/247/454 439/220/441 451/250/441
f 451/250/441 462/263/455 450/247/454
f 451/250/456 452/249/457 464/265/457
f 464/265/457 463/266/456 451/250/456
f 452/249/457 453/251/458 465/267/458
f 465/267/458 464/265/457 452/249/457
f 453/253/458 454/252/459 466/268/459
f 466/268/459 465/269/458 453/253/458
f 454/252/459 455/254/460 467/270/460
f 467/270/460 466/268/459 454/252/459
f 455/256/460 456/255/461 468/271/461
f 468/271/461 467/272/460 455/256/460
f 456/255/461 457/257/462 469/273/462
f 469/273/462 468/271/461 456/255/461
f 457/257/462 458/258/463 470/274/463
f 470/274/463 469/273/462 457/257/462
f 458/258/463 459/259/464 471/275/464
f 471/275/464 470/274/463 458/258/463
f 459/261/464 460/260/465 472/276/465
f 472/276/465 471/277/464 459/261/464
f 460/260/465 461/262/466 473/278/466
f 473/278/466 472/276/465 460/260/465
f 461/264/466 462/263/467 474/279/467
f 474/279/467 473/280/466 461/264/466
f 462/263/467 451/250/456 463/266/456
f 463/266/456 474/279/467 462/263/467
f 465/281/121 466/282/121 467/283/121
f 467/283/121 468/284/121 469/285/121
f 469/285/121 470/286/121 471/287/121
f 467/283/121 469/285/121 471/287/121
f 471/287/121 472/288/121 473/289/121
f 473/289/121 474/290/121 463/291/121
f 471/287/121 473/289/121 463/291/121
f 467/283/121 471/287/121 463/291/121
f 465/281/121 467/283/121 463/291/121
f 464/292/121 465/281/121 463/291/121
f 428/293/468 427/294/469 475/295/469
f 475/295/469 476/296/468 428/293/468
f 429/297/470 428/293/468 476/296/468
f 476/296/468 477/298/470 429/297/470
f 430/299/471 429/297/470 477/298/470
f 477/298/470 478/300/471 430/299/471
f 431/301/472 430/299/471 478/300/471
f 478/300/471 479/302/472 431/301/472
f 432/303/473 431/301/472 479/302/472
f 479/302/472 480/304/473 432/303/473
f 433/305/474 432/303/473 480/304/473
f 480/304/473 481/306/474 433/305/474
f 434/307/475 433/305/474 481/306/474
f 481/306/474 482/308/475 434/307/475
f 435/309/476 434/307/475 482/308/475
f 482/308/475 483/310/476 435/309/476
f 436/311/477 435/309/476 483/310/476
f 483/310/476 484/312/477 436/311/477
f 437/313/478 436/311/477 484/312/477
f 484/312/477 485/314/478 437/313/478
f 438/315/479 437/313/478 485/314/478
f 485/314/478 486/316/479 438/315/479
f 427/294/469 438/315/479 486/316/479
f 486/316/479 475/295/469 427/294/469
f 476/317/480 475/318/481 487/319/481
f 487/319/481 488/320/480 476/317/480
f 477/321/482 476/317/480 488/320/480
f 488/320/480 489/322/482 477/321/482
f 478/323/483 477/324/482 489/325/482
f 489/325/482 490/326/483 478/323/483
f 479/327/484 478/323/483 490/326/483
f 490/326/483 491/328/484 479/327/484
f 480/329/485 479/330/484 491/331/484
f 491/331/484 492/332/485 480/329/485
f 481/333/486 480/329/485 492/332/485
f 492/332/485 493/334/486 481/333/486
f 482/335/487 481/333/486 493/334/486
f 493/334/486 494/336/487 482/335/487
f 483/337/488 482/335/487 494/336/487
f 494/336/487 495/338/488 483/337/488
f 484/339/489 483/340/488 495/341/488
f 495/341/488 496/342/489 484/339/489
f 485/343/490 484/339/489 496/342/489
f 496/342/489 497/344/490 485/343/490
f 486/345/491 485/346/490 497/347/490
f 497/347/490 498/348/491 486/345/491
f 475/318/481 486/345/491 498/348/491
f 498/348/491 487/319/481 475/318/481
f 488/349/492 487/350/493 499/351/494
f 499/351/494 500/352/495 488/349/492
f 489/353/496 488/349/492 500/352/495
f 500/352/495 501/354/497 489/353/496
f 490/355/498 489/353/496 501/354/497
f 501/354/497 502/356/499 490/355/498
f 491/357/500 490/355/498 502/356/499
f 502/356/499 503/358/501 491/357/500
f 492/359/502 491/357/500 503/358/501
f 503/358/501 504/360/503 492/359/502
f 493/361/504 492/359/502 504/360/503
f 504/360/503 505/362/505 493/361/504
f 494/363/506 493/361/504 505/362/505
f 505/362/505 506/364/507 494/363/506
f 495/365/508 494/363/506 506/364/507
f 506/364/507 507/366/509 495/365/508
f 496/367/510 495/365/508 507/366/509
f 507/366/509 508/368/511 496/367/510
f 497/369/512 496/367/510 508/368/511
f 508/368/511 509/370/513 497/369/512
f 498/371/514 497/369/512 509/370/513
f 509/370/513 510/372/515 498/371/514
f 487/350/493 498/371/514 510/372/515
f 510/372/515 499/351/494 487/350/493
f 510/372/515 509/370/513 508/368/511
f 508/368/511 507/366/509 506/364/507
f 506/364/507 505/362/505 504/360/503
f 508/368/511 506/364/507 504/360/503
f 504/360/503 503/358/501 502/356/499
f 502/356/499 501/354/497 500/352/495
f 504/360/503 502/356/499 500/352/495
f 508/368/511 504/360/503 500/352/495
f 510/372/515 508/368/511 500/352/495
f 499/351/494 510/372/515 500/352/495
f 511/373/516 512/374/517 514/375/518
f 514/375/518 513/376/519 511/373/516
f 515/377/520 517/378/521 518/379/522
f 518/379/522 516/380/523 515/377/520
f 511/381/516 515/382/520 516/383/523
f 516/383/523 512/384/517 511/381/516
f 512/385/517 516/386/523 518/387/522
f 518/387/522 514/388/518 512/385/517
f 520/389/524 521/390/525 522/391/526
f 522/391/526 519/392/527 520/389/524
f 513/393/519 517/394/521 515/395/520
f 515/395/520 511/396/516 513/393/519
f 513/397/519 514/398/518 520/389/524
f 520/389/524 519/392/527 513/397/519
f 514/398/518 518/399/522 521/390/525
f 521/390/525 520/389/524 514/398/518
f 518/399/522 517/400/521 522/391/526
f 522/391/526 521/390/525 518/399/522
f 517/400/521 513/397/519 519/392/527
f 519/392/527 522/391/526 517/400/521
f 538/401/528 524/402/529 523/403/530
f 523/403/530 537/404/531 538/401/528
f 539/405/532 525/406/533 524/402/529
f 524/402/529 538/401/528 539/405/532
f 540/407/534 526/408/535 525/409/533
f 525/409/533 539/410/532 540/407/534
f 541/411/536 527/412/537 526/408/535
f 526/408/535 540/407/534 541/411/536
f 542/413/538 528/414/539 527/412/537
f 527/412/537 541/411/536 542/413/538
f 543/415/540 529/416/541 528/417/539
f 528/417/539 542/418/538 543/415/540
f 544/419/542 530/420/543 529/416/541
f 529/416/541 543/415/540 544/419/542
f 545/421/544 531/422/545 530/420/543
f 530/420/543 544/419/542 545/421/544
f 546/423/546 532/424/547 531/422/545
f 531/422/545 545/421/544 546/423/546
f 547/425/548 533/426/549 532/427/547
f 532/427/547 546/428/546 547/425/548
f 548/429/550 534/430/551 533/426/549
f 533/426/549 547/425/548 548/429/550
f 549/431/552 535/432/553 534/430/551
f 534/430/551 548/429/550 549/431/552
f 550/433/554 536/434/555 535/435/553
f 535/435/553 549/436/552 550/433/554
f 537/404/531 523/403/530 536/434/555
f 536/434/555 550/433/554 537/404/531
f 552/437/556 538/401/528 537/404/531
f 537/404/531 551/438/557 552/437/556
f 553/439/558 539/410/532 538/440/528
f 538/440/528 552/441/556 553/439/558
f 554/442/559 540/407/534 539/410/532
f 539/410/532 553/439/558 554/442/559
f 555/443/560 541/411/536 540/407/534
f 540/407/534 554/442/559 555/443/560
f 556/444/561 542/413/538 541/411/536
f 541/411/536 555/443/560 556/444/561
f 557/445/562 543/446/540 542/413/538
f 542/413/538 556/444/561 557/445/562
f 558/447/563 544/419/542 543/415/540
f 543/415/540 557/448/562 558/447/563
f 559/449/564 545/421/544 544/419/542
f 544/419/542 558/447/563 559/449/564
f 560/450/565 546/428/546 545/451/544
f 545/451/544 559/452/564 560/450/565
f 561/453/566 547/425/548 546/428/546
f 546/428/546 560/450/565 561/453/566
f 562/454/567 548/429/550 547/425/548
f 547/425/548 561/453/566 562/454/567
f 563/455/568 549/431/552 548/429/550
f 548/429/550 562/454/567 563/455/568
f 564/456/569 550/457/554 549/431/552
f 549/431/552 563/455/568 564/456/569
f 551/438/557 537/404/531 550/433/554
f 550/433/554 564/458/569 551/438/557
f 566/459/570 552/437/556 551/438/557
f 551/438/557 565/460/571 566/459/570
f 567/461/572 553/439/558 552/441/556
f 552/441/556 566/462/570 567/461/572
f 568/463/573 554/442/559 553/439/558
f 553/439/558 567/461/572 568/463/573
f 569/464/574 555/443/560 554/442/559
f 554/442/559 568/463/573 569/464/574
f 570/465/575 556/444/561 555/443/560
f 555/443/560 569/464/574 570/465/575
f 571/466/576 557/445/562 556/444/561
f 556/444/561 570/465/575 571/466/576
f 572/467/577 558/447/563 557/448/562
f 557/448/562 571/468/576 572/467/577
f 573/469/578 559/449/564 558/447/563
f 558/447/563 572/467/577 573/469/578
f 574/470/579 560/450/565 559/452/564
f 559/452/564 573/471/578 574/470/579
f 575/472/580 561/453/566 560/450/565
f 560/450/565 574/470/579 575/472/580
f 576/473/581 562/454/567 561/453/566
f 561/453/566 575/472/580 576/473/581
f 577/474/582 563/455/568 562/454/567
f 562/454/567 576/473/581 577/474/582
f 578/475/583 564/456/569 563/455/568
f 563/455/568 577/474/582 578/475/583
f 565/460/571 551/438/557 564/458/569
f 564/458/569 578/476/583 565/460/571
f 580/477/584 566/459/570 565/460/571
f 565/460/571 579/478/585 580/477/584
f 581/479/586 567/461/572 566/462/570
f 566/462/570 580/480/584 581/479/586
f 582/481/587 568/463/573 567/461/572
f 567/461/572 581/479/586 582/481/587
f 583/482/588 569/464/574 568/463/573
f 568/463/573 582/481/587 583/482/588
f 584/483/589 570/465/575 569/464/574
f 569/464/574 583/482/588 584/483/589
f 585/484/590 571/466/576 570/465/575
f 570/465/575 584/483/589 585/484/590
f 586/485/591 572/467/577 571/468/576
f 571/468/576 585/486/590 586/485/591
f 587/487/592 573/469/578 572/467/577
f 572/467/577 586/485/591 587/487/592
f 588/488/593 574/470/579 573/471/578
f 573/471/578 587/489/592 588/488/593
f 589/490/594 575/472/580 574/470/579
f 574/470/579 588/488/593 589/490/594
f 590/491/595 576/473/581 575/472/580
f 575/472/580 589/490/594 590/491/595
f 591/492/596 577/474/582 576/473/581
f 576/473/581 590/491/595 591/492/596
f 592/493/597 578/475/583 577/474/582
f 577/474/582 591/492/596 592/493/597
f 579/478/585 565/460/571 578/476/583
f 578/476/583 592/494/597 579/478/585
f 594/495/598 580/477/584 579/478/585
f 579/478/585 593/496/599 594/495/598
f 595/497/600 581/498/586 580/499/584
f 580/499/584 594/500/598 595/497/600
f 596/501/601 582/481/587 581/479/586
f 581/479/586 595/502/600 596/501/601
f 597/503/602 583/482/588 582/481/587
f 582/481/587 596/501/601 597/503/602
f 598/504/603 584/483/589 583/482/588
f 583/482/588 597/503/602 598/504/603
f 599/505/604 585/506/590 584/507/589
f 584/507/589 598/508/603 599/505/604
f 600/509/605 586/485/591 585/486/590
f 585/486/590 599/510/604 600/509/605
f 601/511/606 587/487/592 586/485/591
f 586/485/591 600/509/605 601/511/606
f 602/512/607 588/513/593 587/514/592
f 587/514/592 601/515/606 602/512/607
f 603/516/608 589/490/594 588/488/593
f 588/488/593 602/517/607 603/516/608
f 604/518/609 590/491/595 589/490/594
f 589/490/594 603/516/608 604/518/609
f 605/519/610 591/492/596 590/491/595
f 590/491/595 604/518/609 605/519/610
f 606/520/611 592/521/597 591/522/596
f 591/522/596 605/523/610 606/520/611
f 593/496/599 579/478/585 592/494/597
f 592/494/597 606/524/611 593/496/599
f 594/495/598 593/496/599 607/525/483
f 607/525/483 608/526/612 594/495/598
f 595/502/600 594/527/598 608/528/612
f 608/528/612 609/529/613 595/502/600
f 596/501/601 595/502/600 609/529/613
f 609/529/613 610/530/614 596/501/601
f 597/503/602 596/501/601 610/530/614
f 610/530/614 611/531/615 597/503/602
f 598/504/603 597/503/602 611/531/615
f 611/531/615 612/532/616 598/504/603
f 599/533/604 598/504/603 612/532/616
f 612/532/616 613/534/617 599/533/604
f 600/509/605 599/510/604 613/535/617
f 613/535/617 614/536/489 600/509/605
f 601/511/606 600/509/605 614/536/489
f 614/536/489 615/537/618 601/511/606
f 602/517/607 601/538/606 615/539/618
f 615/539/618 616/540/619 602/517/607
f 603/516/608 602/517/607 616/540/619
f 616/540/619 617/541/620 603/516/608
f 604/518/609 603/516/608 617/541/620
f 617/541/620 618/542/621 604/518/609
f 605/519/610 604/518/609 618/542/621
f 618/542/621 619/543/622 605/519/610
f 606/544/611 605/519/610 619/543/622
f 619/543/622 620/545/623 606/544/611
f 593/496/599 606/524/611 620/546/623
f 620/546/623 607/525/483 593/496/599
f 523/403/530 524/402/529 622/547/624
f 622/547/624 621/548/625 523/403/530
f 524/549/529 525/409/533 623/550/626
f 623/550/626 622/551/624 524/549/529
f 525/409/533 526/408/535 624/552/627
f 624/552/627 623/550/626 525/409/533
f 526/408/535 527/412/537 625/553/628
f 625/553/628 624/552/627 526/408/535
f 527/412/537 528/414/539 626/554/629
f 626/554/629 625/553/628 527/412/537
f 528/414/539 529/555/541 627/556/630
f 627/556/630 626/554/629 528/414/539
f 529/416/541 530/420/543 628/557/631
f 628/557/631 627/558/630 529/416/541
f 530/420/543 531/422/545 629/559/632
f 629/559/632 628/557/631 530/420/543
f 531/560/545 532/427/547 630/561/633
f 630/561/633 629/562/632 531/560/545
f 532/427/547 533/426/549 631/563/634
f 631/563/634 630/561/633 532/427/547
f 533/426/549 534/430/551 632/564/635
f 632/564/635 631/563/634 533/426/549
f 534/430/551 535/432/553 633/565/636
f 633/565/636 632/564/635 534/430/551
f 535/432/553 536/566/555 634/567/637
f 634/567/637 633/565/636 535/432/553
f 536/434/555 523/403/530 621/548/625
f 621/548/625 634/568/637 536/434/555
f 621/548/625 622/547/624 636/569/638
f 636/569/638 635/570/639 621/548/625
f 622/571/624 623/572/626 637/573/640
f 637/573/640 636/574/638 622/571/624
f 623/550/626 624/552/627 638/575/641
f 638/575/641 637/576/640 623/550/626
f 624/552/627 625/553/628 639/577/642
f 639/577/642 638/575/641 624/552/627
f 625/553/628 626/554/629 640/578/643
f 640/578/643 639/577/642 625/553/628
f 626/579/629 627/580/630 641/581/644
f 641/581/644 640/582/643 626/579/629
f 627/558/630 628/557/631 642/583/645
f 642/583/645 641/584/644 627/558/630
f 628/557/631 629/559/632 643/585/646
f 643/585/646 642/583/645 628/557/631
f 629/586/632 630/587/633 644/588/647
f 644/588/647 643/589/646 629/586/632
f 630/561/633 631/563/634 645/590/648
f 645/590/648 644/591/647 630/561/633
f 631/563/634 632/564/635 646/592/649
f 646/592/649 645/590/648 631/563/634
f 632/564/635 633/565/636 647/593/650
f 647/593/650 646/592/649 632/564/635
f 633/594/636 634/595/637 648/596/651
f 648/596/651 647/597/650 633/594/636
f 634/568/637 621/548/625 635/570/639
f 635/570/639 648/598/651 634/568/637
f 635/570/639 636/569/638 650/599/652
f 650/599/652 649/600/653 635/570/639
f 636/601/638 637/576/640 651/602/654
f 651/602/654 650/603/652 636/601/638
f 637/576/640 638/575/641 652/604/655
f 652/604/655 651/602/654 637/576/640
f 638/575/641 639/577/642 653/605/656
f 653/605/656 652/604/655 638/575/641
f 639/577/642 640/578/643 654/606/657
f 654/606/657 653/605/656 639/577/642
f 640/578/643 641/607/644 655/608/658
f 655/608/658 654/606/657 640/578/643
f 641/584/644 642/583/645 656/609/659
f 656/609/659 655/610/658 641/584/644
f 642/583/645 643/585/646 657/611/660
f 657/611/660 656/609/659 642/583/645
f 643/612/646 644/591/647 658/613/661
f 658/613/661 657/614/660 643/612/646
f 644/591/647 645/590/648 659/615/662
f 659/615/662 658/613/661 644/591/647
f 645/590/648 646/592/649 660/616/663
f 660/616/663 659/615/662 645/590/648
f 646/592/649 647/593/650 661/617/664
f 661/617/664 660/616/663 646/592/649
f 647/593/650 648/618/651 662/619/665
f 662/619/665 661/617/664 647/593/650
f 648/598/651 635/570/639 649/600/653
f 649/600/653 662/620/665 648/598/651
f 649/621/653 650/622/652 664/623/666
f 664/623/666 663/624/667 649/621/653
f 650/622/652 651/625/654 665/626/668
f 665/626/668 664/623/666 650/622/652
f 651/625/654 652/627/655 666/628/669
f 666/628/669 665/626/668 651/625/654
f 652/627/655 653/629/656 667/630/670
f 667/630/670 666/628/669 652/627/655
f 653/629/656 654/631/657 668/632/671
f 668/632/671 667/630/670 653/629/656
f 654/631/657 655/633/658 669/634/672
f 669/634/672 668/632/671 654/631/657
f 655/633/658 656/635/659 670/636/673
f 670/636/673 669/634/672 655/633/658
f 656/635/659 657/637/660 671/638/674
f 671/638/674 670/636/673 656/635/659
f 657/637/660 658/639/661 672/640/675
f 672/640/675 671/638/674 657/637/660
f 658/639/661 659/641/662 673/642/676
f 673/642/676 672/640/675 658/639/661
f 659/641/662 660/643/663 674/644/677
f 674/644/677 673/642/676 659/641/662
f 660/643/663 661/645/664 675/646/678
f 675/646/678 674/644/677 660/643/663
f 661/645/664 662/647/665 676/648/679
f 676/648/679 675/646/678 661/645/664
f 662/647/665 649/621/653 663/624/667
f 663/624/667 676/648/679 662/647/665
f 665/626/668 666/628/669 667/630/670
f 667/630/670 668/632/671 669/634/672
f 669/634/672 670/636/673 671/638/674
f 667/630/670 669/634/672 671/638/674
f 671/638/674 672/640/675 673/642/676
f 673/642/676 674/644/677 675/646/678
f 671/638/674 673/642/676 675/646/678
f 675/646/678 676/648/679 663/624/667
f 671/638/674 675/646/678 663/624/667
f 667/630/670 671/638/674 663/624/667
f 665/626/668 667/630/670 663/624/667
f 664/623/666 665/626/668 663/624/667
f 684/649/490 678/650/680 677/651/681
f 677/651/681 683/652/481 684/649/490
f 685/653/488 679/654/682 678/650/680
f 678/650/680 684/649/490 685/653/488
f 686/655/486 680/656/683 679/657/682
f 679/657/682 685/658/488 686/655/486
f 687/659/484 681/660/684 680/656/683
f 680/656/683 686/655/486 687/659/484
f 688/661/482 682/662/685 681/663/684
f 681/663/684 687/664/484 688/661/482
f 683/665/481 677/666/681 682/667/685
f 682/667/685 688/668/482 683/665/481
f 677/666/681 678/669/680 690/670/686
f 690/670/686 689/671/687 677/666/681
f 678/650/680 679/654/682 691/672/688
f 691/672/688 690/673/686 678/650/680
f 679/657/682 680/656/683 692/674/689
f 692/674/689 691/675/688 679/657/682
f 680/656/683 681/660/684 693/676/690
f 693/676/690 692/674/689 680/656/683
f 681/663/684 682/662/685 694/677/691
f 694/677/691 693/678/690 681/663/684
f 682/667/685 677/666/681 689/671/687
f 689/671/687 694/679/691 682/667/685
f 689/671/687 690/670/686 696/680/692
f 696/680/692 695/681/693 689/671/687
f 690/673/686 691/672/688 697/682/694
f 697/682/694 696/683/692 690/673/686
f 691/675/688 692/674/689 698/684/695
f 698/684/695 697/685/694 691/675/688
f 692/674/689 693/676/690 699/686/696
f 699/686/696 698/684/695 692/674/689
f 693/678/690 694/677/691 700/687/697
f 700/687/697 699/688/696 693/678/690
f 694/679/691 689/671/687 695/681/693
f 695/681/693 700/689/697 694/679/691
f 701/690/98 702/691/698 703/692/699
f 701/690/98 703/692/699 704/693/700
f 701/690/98 704/693/700 705/694/701
f 701/690/98 705/694/701 706/695/702
f 701/690/98 706/695/702 707/696/703
f 701/690/98 707/696/703 708/697/704
f 701/690/98 708/697/704 709/698/705
f 701/690/98 709/698/705 702/691/698
f 711/699/706 703/700/699 702/701/698
f 702/701/698 710/702/489 711/699/706
f 712/703/486 704/704/700 703/705/699
f 703/705/699 711/706/706 712/703/486
f 713/707/707 705/708/701 704/704/700
f 704/704/700 712/703/486 713/707/707
f 714/709/483 706/710/702 705/711/701
f 705/711/701 713/712/707 714/709/483
f 715/713/708 707/714/703 706/710/702
f 706/710/702 714/709/483 715/713/708
f 716/715/481 708/716/704 707/717/703
f 707/717/703 715/718/708 716/715/481
f 717/719/709 709/720/705 708/716/704
f 708/716/704 716/715/481 717/719/709
f 710/702/489 702/701/698 709/721/705
f 709/721/705 717/722/709 710/702/489
f 719/723/710 711/699/706 710/702/489
f 710/702/489 718/724/711 719/723/710
f 720/725/712 712/703/486 711/706/706
f 711/706/706 719/726/710 720/725/712
f 721/727/713 713/707/707 712/703/486
f 712/703/486 720/725/712 721/727/713
f 722/728/714 714/709/483 713/712/707
f 713/712/707 721/729/713 722/728/714
f 723/730/715 715/713/708 714/709/483
f 714/709/483 722/728/714 723/730/715
f 724/731/716 716/715/481 715/718/708
f 715/718/708 723/732/715 724/731/716
f 725/733/717 717/719/709 716/715/481
f 716/715/481 724/731/716 725/733/717
f 718/724/711 710/702/489 717/722/709
f 717/722/709 725/734/717 718/724/711
f 726/735/121 719/736/710 718/737/711
f 726/735/121 720/738/712 719/736/710
f 726/735/121 721/739/713 720/738/712
f 726/735/121 722/740/714 721/739/713
f 726/735/121 723/741/715 722/740/714
f 726/735/121 724/742/716 723/741/715
f 726/735/121 725/743/717 724/742/716
f 726/735/121 718/737/711 725/743/717
usemtl M_blocks_stone
f 892/960/880 902/961/881 903/962/882
f 903/962/882 891/963/883 892/960/880
f 894/964/884 895/965/885 893/966/886
f 893/966/886 890/967/887 894/964/884
f 896/968/888 909/969/889 910/970/890
f 910/970/890 897/971/891 896/968/888
f 894/972/884 889/973/892 899/974/893
f 890/975/887 889/976/892 894/977/884
f 896/978/888 897/979/891 893/966/886
f 896/980/888 914/981/894 909/982/889
f 893/966/886 897/979/891 890/967/887
f 916/983/895 890/975/887 897/984/891
f 897/984/891 915/985/896 916/983/895
f 892/960/880 891/963/883 895/986/885
f 891/963/883 896/980/888 893/987/886
f 891/963/883 893/987/886 895/986/885
f 889/976/892 917/988/897 918/989/898
f 895/965/885 894/964/884 899/990/893
f 889/973/892 898/991/899 899/974/893
f 897/984/891 910/992/890 915/985/896
f 892/960/880 895/986/885 898/993/899
f 895/965/885 899/990/893 898/994/899
f 889/976/892 890/975/887 916/983/895
f 916/983/895 917/988/897 889/976/892
f 898/991/899 889/973/892 918/995/898
f 918/995/898 931/996/900 898/991/899
f 903/962/882 914/981/894 896/980/888
f 896/980/888 891/963/883 903/962/882
f 902/961/881 892/960/880 932/997/901
f 931/996/900 932/998/901 892/999/880
f 892/999/880 898/991/899 931/996/900
f 901/960/902 900/963/903 903/962/882
f 903/962/882 902/961/881 901/960/902
f 906/964/904 905/967/905 904/966/906
f 904/966/906 907/965/907 906/964/904
f 908/968/908 911/971/909 910/970/890
f 910/970/890 909/969/889 908/968/908
f 906/972/904 913/974/910 912/973/911
f 905/975/905 906/977/904 912/976/911
f 908/978/908 904/966/906 911/979/909
f 908/980/908 909/982/889 914/981/894
f 904/966/906 905/967/905 911/979/909
f 916/983/895 915/985/896 911/984/909
f 911/984/909 905/975/905 916/983/895
f 901/960/902 907/986/907 900/963/903
f 900/963/903 904/987/906 908/980/908
f 900/963/903 907/986/907 904/987/906
f 912/976/911 918/989/898 917/988/897
f 907/965/907 913/990/910 906/964/904
f 912/973/911 913/974/910 919/991/912
f 911/984/909 915/985/896 910/992/890
f 901/960/902 919/993/912 907/986/907
f 907/965/907 919/994/912 913/990/910
f 968/1000/913 969/1001/914 923/960/915
f 923/960/915 922/963/916 968/1000/913
f 925/964/917 921/967/918 924/966/919
f 924/966/919 926/965/920 925/964/917
f 927/968/921 928/971/922 977/1002/923
f 977/1002/923 978/1003/924 927/968/921
f 925/972/917 930/974/925 920/973/926
f 921/975/918 925/977/917 920/976/926
f 927/978/921 924/966/919 928/979/922
f 927/980/921 978/1004/924 981/1005/927
f 924/966/919 921/967/918 928/979/922
f 982/1006/928 983/1007/929 928/984/922
f 928/984/922 921/975/918 982/1006/928
f 923/960/915 926/986/920 922/963/916
f 922/963/916 924/987/919 927/980/921
f 922/963/916 926/986/920 924/987/919
f 920/976/926 933/1008/930 984/1009/931
f 926/965/920 930/990/925 925/964/917
f 920/973/926 930/974/925 929/991/932
f 928/984/922 983/1007/929 977/1010/923
f 923/960/915 929/993/932 926/986/920
f 926/965/920 929/994/932 930/990/925
f 912/976/911 917/988/897 916/983/895
f 916/983/895 905/975/905 912/976/911
f 919/991/912 931/996/900 918/995/898
f 918/995/898 912/973/911 919/991/912
f 903/962/882 900/963/903 908/980/908
f 908/980/908 914/981/894 903/962/882
f 902/961/881 932/997/901 901/960/902
f 931/996/900 919/991/912 901/999/902
f 901/999/902 932/998/901 931/996/900
f 982/1006/928 921/975/918 920/976/926
f 920/976/926 984/1009/931 982/1006/928
f 933/1011/930 920/973/926 929/991/932
f 929/991/932 986/1012/933 933/1011/930
f 968/1000/913 922/963/916 927/980/921
f 927/980/921 981/1005/927 968/1000/913
f 987/1013/934 923/960/915 969/1001/914
f 986/1012/933 929/991/932 923/999/915
f 923/999/915 987/1014/934 986/1012/933
f 935/960/935 934/963/936 937/962/937
f 937/962/937 936/961/938 935/960/935
f 940/964/939 939/967/940 938/966/941
f 938/966/941 941/965/942 940/964/939
f 942/968/943 945/971/944 944/970/945
f 944/970/945 943/969/946 942/968/943
f 940/972/939 947/974/947 946/973/948
f 939/975/940 940/977/939 946/976/948
f 942/978/943 938/966/941 945/979/944
f 942/980/943 943/982/946 948/981/949
f 938/966/941 939/967/940 945/979/944
f 950/983/950 949/985/951 945/984/944
f 945/984/944 939/975/940 950/983/950
f 935/960/935 941/986/942 934/963/936
f 934/963/936 938/987/941 942/980/943
f 934/963/936 941/986/942 938/987/941
f 946/976/948 952/989/952 951/988/953
f 941/965/942 947/990/947 940/964/939
f 946/973/948 947/974/947 953/991/954
f 945/984/944 949/985/951 944/992/945
f 935/960/935 953/993/954 941/986/942
f 941/965/942 953/994/954 947/990/947
f 946/976/948 951/988/953 950/983/950
f 950/983/950 939/975/940 946/976/948
f 953/991/954 954/996/955 952/995/952
f 952/995/952 946/973/948 953/991/954
f 937/962/937 934/963/936 942/980/943
f 942/980/943 948/981/949 937/962/937
f 936/961/938 955/997/956 935/960/935
f 954/996/955 953/991/954 935/999/935
f 935/999/935 955/998/956 954/996/955
f 957/960/957 936/961/938 937/962/937
f 937/962/937 956/963/958 957/960/957
f 960/964/959 959/965/960 958/966/961
f 958/966/961 961/967/962 960/964/959
f 962/968/963 943/969/946 944/970/945
f 944/970/945 963/971/964 962/968/963
f 960/972/959 965/973/965 964/974/966
f 961/975/962 965/976/965 960/977/959
f 962/978/963 963/979/964 958/966/961
f 962/980/963 948/981/949 943/982/946
f 958/966/961 963/979/964 961/967/962
f 950/983/950 961/975/962 963/984/964
f 963/984/964 949/985/951 950/983/950
f 957/960/957 956/963/958 959/986/960
f 956/963/958 962/980/963 958/987/961
f 956/963/958 958/987/961 959/986/960
f 965/976/965 951/988/953 952/989/952
f 959/965/960 960/964/959 964/990/966
f 965/973/965 966/991/967 964/974/966
f 963/984/964 944/992/945 949/985/951
f 957/960/957 959/986/960 966/993/967
f 959/965/960 964/990/966 966/994/967
f 968/1000/913 967/963/968 970/960/969
f 970/960/969 969/1001/914 968/1000/913
f 973/964/970 972/965/971 971/966/972
f 971/966/972 974/967/973 973/964/970
f 975/968/974 978/1003/924 977/1002/923
f 977/1002/923 976/971/975 975/968/974
f 973/972/970 980/973/976 979/974/977
f 974/975/973 980/976/976 973/977/970
f 975/978/974 976/979/975 971/966/972
f 975/980/974 981/1005/927 978/1004/924
f 971/966/972 976/979/975 974/967/973
f 982/1006/928 974/975/973 976/984/975
f 976/984/975 983/1007/929 982/1006/928
f 970/960/969 967/963/968 972/986/971
f 967/963/968 975/980/974 971/987/972
f 967/963/968 971/987/972 972/986/971
f 980/976/976 984/1009/931 933/1008/930
f 972/965/971 973/964/970 979/990/977
f 980/973/976 985/991/978 979/974/977
f 976/984/975 977/1010/923 983/1007/929
f 970/960/969 972/986/971 985/993/978
f 972/965/971 979/990/977 985/994/978
f 965/976/965 961/975/962 950/983/950
f 950/983/950 951/988/953 965/976/965
f 966/991/967 965/973/965 952/995/952
f 952/995/952 954/996/955 966/991/967
f 937/962/937 948/981/949 962/980/963
f 962/980/963 956/963/958 937/962/937
f 936/961/938 957/960/957 955/997/956
f 954/996/955 955/998/956 957/999/957
f 957/999/957 966/991/967 954/996/955
f 982/1006/928 984/1009/931 980/976/976
f 980/976/976 974/975/973 982/1006/928
f 933/1011/930 986/1012/933 985/991/978
f 985/991/978 980/973/976 933/1011/930
f 968/1000/913 981/1005/927 975/980/974
f 975/980/974 967/963/968 968/1000/913
f 987/1013/934 969/1001/914 970/960/969
f 986/1012/933 987/1014/934 970/999/969
f 970/999/969 985/991/978 986/1012/933
f 989/960/979 988/963/980 991/962/981
f 991/962/981 990/961/982 989/960/979
f 994/964/983 993/967/984 992/966/985
f 992/966/985 995/965/986 994/964/983
f 996/968/987 999/971/988 998/970/989
f 998/970/989 997/969/990 996/968/987
f 994/972/983 1001/974/991 1000/973/992
f 993/975/984 994/977/983 1000/976/992
f 996/978/987 992/966/985 999/979/988
f 996/980/987 997/982/990 1002/981/993
f 992/966/985 993/967/984 999/979/988
f 1004/983/994 1003/985/995 999/984/988
f 999/984/988 993/975/984 1004/983/994
f 989/960/979 995/986/986 988/963/980
f 988/963/980 992/987/985 996/980/987
f 988/963/980 995/986/986 992/987/985
f 1000/976/992 1006/989/996 1005/988/997
f 995/965/986 1001/990/991 994/964/983
f 1000/973/992 1001/974/991 1007/991/998
f 999/984/988 1003/985/995 998/992/989
f 989/960/979 1007/993/998 995/986/986
f 995/965/986 1007/994/998 1001/990/991
f 1000/976/992 1005/988/997 1004/983/994
f 1004/983/994 993/975/984 1000/976/992
f 1007/991/998 1008/996/999 1006/995/996
f 1006/995/996 1000/973/992 1007/991/998
f 991/962/981 988/963/980 996/980/987
f 996/980/987 1002/981/993 991/962/981
f 990/961/982 1009/997/1000 989/960/979
f 1008/996/999 1007/991/998 989/999/979
f 989/999/979 1009/998/1000 1008/996/999
f 1011/960/1001 990/961/982 991/962/981
f 991/962/981 1010/963/1002 1011/960/1001
f 1014/964/1003 1013/965/1004 1012/966/1005
f 1012/966/1005 1015/967/1006 1014/964/1003
f 1016/968/1007 997/969/990 998/970/989
f 998/970/989 1017/971/1008 1016/968/1007
f 1014/972/1003 1019/973/1009 1018/974/1010
f 1015/975/1006 1019/976/1009 1014/977/1003
f 1016/978/1007 1017/979/1008 1012/966/1005
f 1016/980/1007 1002/981/993 997/982/990
f 1012/966/1005 1017/979/1008 1015/967/1006
f 1004/983/994 1015/975/1006 1017/984/1008
f 1017/984/1008 1003/985/995 1004/983/994
f 1011/960/1001 1010/963/1002 1013/986/1004
f 1010/963/1002 1016/980/1007 1012/987/1005
f 1010/963/1002 1012/987/1005 1013/986/1004
f 1019/976/1009 1005/988/997 1006/989/996
f 1013/965/1004 1014/964/1003 1018/990/1010
f 1019/973/1009 1020/991/1011 1018/974/1010
f 1017/984/1008 998/992/989 1003/985/995
f 1011/960/1001 1013/986/1004 1020/993/1011
f 1013/965/1004 1018/990/1010 1020/994/1011
f 1022/1000/1012 1021/963/1013 1024/960/1014
f 1024/960/1014 1023/1001/1015 1022/1000/1012
f 1027/964/1016 1026/965/1017 1025/966/1018
f 1025/966/1018 1028/967/1019 1027/964/1016
f 1029/968/1020 1032/1003/1021 1031/1002/1022
f 1031/1002/1022 1030/971/1023 1029/968/1020
f 1027/972/1016 1034/973/1024 1033/974/1025
f 1028/975/1019 1034/976/1024 1027/977/1016
f 1029/978/1020 1030/979/1023 1025/966/1018
f 1029/980/1020 1035/1005/1026 1032/1004/1021
f 1025/966/1018 1030/979/1023 1028/967/1019
f 1036/1006/1027 1028/975/1019 1030/984/1023
f 1030/984/1023 1037/1007/1028 1036/1006/1027
f 1024/960/1014 1021/963/1013 1026/986/1017
f 1021/963/1013 1029/980/1020 1025/987/1018
f 1021/963/1013 1025/987/1018 1026/986/1017
f 1034/976/1024 1039/1009/1029 1038/1008/1030
f 1026/965/1017 1027/964/1016 1033/990/1025
f 1034/973/1024 1040/991/1031 1033/974/1025
f 1030/984/1023 1031/1010/1022 1037/1007/1028
f 1024/960/1014 1026/986/1017 1040/993/1031
f 1026/965/1017 1033/990/1025 1040/994/1031
f 1019/976/1009 1015/975/1006 1004/983/994
f 1004/983/994 1005/988/997 1019/976/1009
f 1020/991/1011 1019/973/1009 1006/995/996
f 1006/995/996 1008/996/999 1020/991/1011
f 991/962/981 1002/981/993 1016/980/1007
f 1016/980/1007 1010/963/1002 991/962/981
f 990/961/982 1011/960/1001 1009/997/1000
f 1008/996/999 1009/998/1000 1011/999/1001
f 1011/999/1001 1020/991/1011 1008/996/999
f 1036/1006/1027 1039/1009/1029 1034/976/1024
f 1034/976/1024 1028/975/1019 1036/1006/1027
f 1038/1011/1030 1041/1012/1032 1040/991/1031
f 1040/991/1031 1034/973/1024 1038/1011/1030
f 1022/1000/1012 1035/1005/1026 1029/980/1020
f 1029/980/1020 1021/963/1013 1022/1000/1012
f 1042/1013/1033 1023/1001/1015 1024/960/1014
f 1041/1012/1032 1042/1014/1033 1024/999/1014
f 1024/999/1014 1040/991/1031 1041/1012/1032
f 1046/960/1034 1045/961/1035 1044/962/1036
f 1044/962/1036 1043/963/1037 1046/960/1034
f 1049/964/1038 1048/965/1039 1047/966/1040
f 1047/966/1040 1050/967/1041 1049/964/1038
f 1051/968/1042 1054/969/1043 1053/970/1044
f 1053/970/1044 1052/971/1045 1051/968/1042
f 1049/972/1038 1056/973/1046 1055/974/1047
f 1050/975/1041 1056/976/1046 1049/977/1038
f 1051/978/1042 1052/979/1045 1047/966/1040
f 1051/980/1042 1057/981/1048 1054/982/1043
f 1047/966/1040 1052/979/1045 1050/967/1041
f 1058/983/1049 1050/975/1041 1052/984/1045
f 1052/984/1045 1059/985/1050 1058/983/1049
f 1046/960/1034 1043/963/1037 1048/986/1039
f 1043/963/1037 1051/980/1042 1047/987/1040
f 1043/963/1037 1047/987/1040 1048/986/1039
f 1056/976/1046 1061/988/1051 1060/989/1052
f 1048/965/1039 1049/964/1038 1055/990/1047
f 1056/973/1046 1062/991/1053 1055/974/1047
f 1052/984/1045 1053/992/1044 1059/985/1050
f 1046/960/1034 1048/986/1039 1062/993/1053
f 1048/965/1039 1055/990/1047 1062/994/1053
f 1056/976/1046 1050/975/1041 1058/983/1049
f 1058/983/1049 1061/988/1051 1056/976/1046
f 1062/991/1053 1056/973/1046 1060/995/1052
f 1060/995/1052 1063/996/1054 1062/991/1053
f 1044/962/1036 1057/981/1048 1051/980/1042
f 1051/980/1042 1043/963/1037 1044/962/1036
f 1045/961/1035 1046/960/1034 1064/997/1055
f 1063/996/1054 1064/998/1055 1046/999/1034
f 1046/999/1034 1062/991/1053 1063/996/1054
f 1066/960/1056 1065/963/1057 1044/962/1036
f 1044/962/1036 1045/961/1035 1066/960/1056
f 1069/964/1058 1068/967/1059 1067/966/1060
f 1067/966/1060 1070/965/1061 1069/964/1058
f 1071/968/1062 1072/971/1063 1053/970/1044
f 1053/970/1044 1054/969/1043 1071/968/1062
f 1069/972/1058 1074/974/1064 1073/973/1065
f 1068/975/1059 1069/977/1058 1073/976/1065
f 1071/978/1062 1067/966/1060 1072/979/1063
f 1071/980/1062 1054/982/1043 1057/981/1048
f 1067/966/1060 1068/967/1059 1072/979/1063
f 1058/983/1049 1059/985/1050 1072/984/1063
f 1072/984/1063 1068/975/1059 1058/983/1049
f 1066/960/1056 1070/986/1061 1065/963/1057
f 1065/963/1057 1067/987/1060 1071/980/1062
f 1065/963/1057 1070/986/1061 1067/987/1060
f 1073/976/1065 1060/989/1052 1061/988/1051
f 1070/965/1061 1074/990/1064 1069/964/1058
f 1073/973/1065 1074/974/1064 1075/991/1066
f 1072/984/1063 1059/985/1050 1053/992/1044
f 1066/960/1056 1075/993/1066 1070/986/1061
f 1070/965/1061 1075/994/1066 1074/990/1064
f 1022/1000/1012 1023/1001/1015 1077/960/1067
f 1077/960/1067 1076/963/1068 1022/1000/1012
f 1080/964/1069 1079/967/1070 1078/966/1071
f 1078/966/1071 1081/965/1072 1080/964/1069
f 1082/968/1073 1083/971/1074 1031/1002/1022
f 1031/1002/1022 1032/1003/1021 1082/968/1073
f 1080/972/1069 1085/974/1075 1084/973/1076
f 1079/975/1070 1080/977/1069 1084/976/1076
f 1082/978/1073 1078/966/1071 1083/979/1074
f 1082/980/1073 1032/1004/1021 1035/1005/1026
f 1078/966/1071 1079/967/1070 1083/979/1074
f 1036/1006/1027 1037/1007/1028 1083/984/1074
f 1083/984/1074 1079/975/1070 1036/1006/1027
f 1077/960/1067 1081/986/1072 1076/963/1068
f 1076/963/1068 1078/987/1071 1082/980/1073
f 1076/963/1068 1081/986/1072 1078/987/1071
f 1084/976/1076 1038/1008/1030 1039/1009/1029
f 1081/965/1072 1085/990/1075 1080/964/1069
f 1084/973/1076 1085/974/1075 1086/991/1077
f 1083/984/1074 1037/1007/1028 1031/1010/1022
f 1077/960/1067 1086/993/1077 1081/986/1072
f 1081/965/1072 1086/994/1077 1085/990/1075
f 1073/976/1065 1061/988/1051 1058/983/1049
f 1058/983/1049 1068/975/1059 1073/976/1065
f 1075/991/1066 1063/996/1054 1060/995/1052
f 1060/995/1052 1073/973/1065 1075/991/1066
f 1044/962/1036 1065/963/1057 1071/980/1062
f 1071/980/1062 1057/981/1048 1044/962/1036
f 1045/961/1035 1064/997/1055 1066/960/1056
f 1063/996/1054 1075/991/1066 1066/999/1056
f 1066/999/1056 1064/998/1055 1063/996/1054
f 1036/1006/1027 1079/975/1070 1084/976/1076
f 1084/976/1076 1039/1009/1029 1036/1006/1027
f 1038/1011/1030 1084/973/1076 1086/991/1077
f 1086/991/1077 1041/1012/1032 1038/1011/1030
f 1022/1000/1012 1076/963/1068 1082/980/1073
f 1082/980/1073 1035/1005/1026 1022/1000/1012
f 1042/1013/1033 1077/960/1067 1023/1001/1015
f 1041/1012/1032 1086/991/1077 1077/999/1067
f 1077/999/1067 1042/1014/1033 1041/1012/1032
f 1090/960/880 1100/961/881 1101/962/882
f 1101/962/882 1089/963/883 1090/960/880
f 1092/964/884 1093/965/885 1091/966/886
f 1091/966/886 1088/967/887 1092/964/884
f 1094/968/888 1107/969/889 1108/970/890
f 1108/970/890 1095/971/891 1094/968/888
f 1092/972/884 1087/973/892 1097/974/893
f 1088/975/887 1087/976/892 1092/977/884
f 1094/978/888 1095/979/891 1091/966/886
f 1094/980/888 1112/981/894 1107/982/889
f 1091/966/886 1095/979/891 1088/967/887
f 1114/983/895 1088/975/887 1095/984/891
f 1095/984/891 1113/985/896 1114/983/895
f 1090/960/880 1089/963/883 1093/986/885
f 1089/963/883 1094/980/888 1091/987/886
f 1089/963/883 1091/987/886 1093/986/885
f 1087/976/892 1115/988/897 1116/989/898
f 1093/965/885 1092/964/884 1097/990/893
f 1087/973/892 1096/991/899 1097/974/893
f 1095/984/891 1108/992/890 1113/985/896
f 1090/960/880 1093/986/885 1096/993/899
f 1093/965/885 1097/990/893 1096/994/899
f 1087/976/892 1088/975/887 1114/983/895
f 1114/983/895 1115/988/897 1087/976/892
f 1096/991/899 1087/973/892 1116/995/898
f 1116/995/898 1129/996/900 1096/991/899
f 1101/962/882 1112/981/894 1094/980/888
f 1094/980/888 1089/963/883 1101/962/882
f 1100/961/881 1090/960/880 1130/997/1078
f 1129/996/900 1130/998/1078 1090/999/880
f 1090/999/880 1096/991/899 1129/996/900
f 1099/960/902 1098/963/903 1101/962/882
f 1101/962/882 1100/961/881 1099/960/902
f 1104/964/904 1103/967/905 1102/966/906
f 1102/966/906 1105/965/907 1104/964/904
f 1106/968/908 1109/971/909 1108/970/890
f 1108/970/890 1107/969/889 1106/968/908
f 1104/972/904 1111/974/910 1110/973/911
f 1103/975/905 1104/977/904 1110/976/911
f 1106/978/908 1102/966/906 1109/979/909
f 1106/980/908 1107/982/889 1112/981/894
f 1102/966/906 1103/967/905 1109/979/909
f 1114/983/895 1113/985/896 1109/984/909
f 1109/984/909 1103/975/905 1114/983/895
f 1099/960/902 1105/986/907 1098/963/903
f 1098/963/903 1102/987/906 1106/980/908
f 1098/963/903 1105/986/907 1102/987/906
f 1110/976/911 1116/989/898 1115/988/897
f 1105/965/907 1111/990/910 1104/964/904
f 1110/973/911 1111/974/910 1117/991/912
f 1109/984/909 1113/985/896 1108/992/890
f 1099/960/902 1117/993/912 1105/986/907
f 1105/965/907 1117/994/912 1111/990/910
f 1166/1000/913 1167/1001/914 1121/960/915
f 1121/960/915 1120/963/916 1166/1000/913
f 1123/964/917 1119/967/918 1122/966/919
f 1122/966/919 1124/965/920 1123/964/917
f 1125/968/921 1126/971/922 1175/1002/1079
f 1175/1002/1079 1176/1003/924 1125/968/921
f 1123/972/917 1128/974/1080 1118/973/926
f 1119/975/918 1123/977/917 1118/976/926
f 1125/978/921 1122/966/919 1126/979/922
f 1125/980/921 1176/1004/924 1179/1005/927
f 1122/966/919 1119/967/918 1126/979/922
f 1180/1006/928 1181/1007/1081 1126/984/922
f 1126/984/922 1119/975/918 1180/1006/928
f 1121/960/915 1124/986/920 1120/963/916
f 1120/963/916 1122/987/919 1125/980/921
f 1120/963/916 1124/986/920 1122/987/919
f 1118/976/926 1131/1008/930 1182/1009/931
f 1124/965/920 1128/990/1080 1123/964/917
f 1118/973/926 1128/974/1080 1127/991/932
f 1126/984/922 1181/1007/1081 1175/1010/1079
f 1121/960/915 1127/993/932 1124/986/920
f 1124/965/920 1127/994/932 1128/990/1080
f 1110/976/911 1115/988/897 1114/983/895
f 1114/983/895 1103/975/905 1110/976/911
f 1117/991/912 1129/996/900 1116/995/898
f 1116/995/898 1110/973/911 1117/991/912
f 1101/962/882 1098/963/903 1106/980/908
f 1106/980/908 1112/981/894 1101/962/882
f 1100/961/881 1130/997/1078 1099/960/902
f 1129/996/900 1117/991/912 1099/999/902
f 1099/999/902 1130/998/1078 1129/996/900
f 1180/1006/928 1119/975/918 1118/976/926
f 1118/976/926 1182/1009/931 1180/1006/928
f 1131/1011/930 1118/973/926 1127/991/932
f 1127/991/932 1184/1012/933 1131/1011/930
f 1166/1000/913 1120/963/916 1125/980/921
f 1125/980/921 1179/1005/927 1166/1000/913
f 1185/1013/934 1121/960/915 1167/1001/914
f 1184/1012/933 1127/991/932 1121/999/915
f 1121/999/915 1185/1014/934 1184/1012/933
f 1133/960/1082 1132/963/936 1135/962/1083
f 1135/962/1083 1134/961/938 1133/960/1082
f 1138/964/939 1137/967/940 1136/966/941
f 1136/966/941 1139/965/942 1138/964/939
f 1140/968/943 1143/971/944 1142/970/1084
f 1142/970/1084 1141/969/946 1140/968/943
f 1138/972/939 1145/974/1085 1144/973/948
f 1137/975/940 1138/977/939 1144/976/948
f 1140/978/943 1136/966/941 1143/979/944
f 1140/980/943 1141/982/946 1146/981/1086
f 1136/966/941 1137/967/940 1143/979/944
f 1148/983/950 1147/985/951 1143/984/944
f 1143/984/944 1137/975/940 1148/983/950
f 1133/960/1082 1139/986/942 1132/963/936
f 1132/963/936 1136/987/941 1140/980/943
f 1132/963/936 1139/986/942 1136/987/941
f 1144/976/948 1150/989/952 1149/988/953
f 1139/965/942 1145/990/1085 1138/964/939
f 1144/973/948 1145/974/1085 1151/991/954
f 1143/984/944 1147/985/951 1142/992/1084
f 1133/960/1082 1151/993/954 1139/986/942
f 1139/965/942 1151/994/954 1145/990/1085
f 1144/976/948 1149/988/953 1148/983/950
f 1148/983/950 1137/975/940 1144/976/948
f 1151/991/954 1152/996/955 1150/995/952
f 1150/995/952 1144/973/948 1151/991/954
f 1135/962/1083 1132/963/936 1140/980/943
f 1140/980/943 1146/981/1086 1135/962/1083
f 1134/961/938 1153/997/1087 1133/960/1082
f 1152/996/955 1151/991/954 1133/999/1082
f 1133/999/1082 1153/998/1087 1152/996/955
f 1155/960/957 1134/961/938 1135/962/1083
f 1135/962/1083 1154/963/958 1155/960/957
f 1158/964/959 1157/965/960 1156/966/961
f 1156/966/961 1159/967/962 1158/964/959
f 1160/968/963 1141/969/946 1142/970/1084
f 1142/970/1084 1161/971/964 1160/968/963
f 1158/972/959 1163/973/965 1162/974/966
f 1159/975/962 1163/976/965 1158/977/959
f 1160/978/963 1161/979/964 1156/966/961
f 1160/980/963 1146/981/1086 1141/982/946
f 1156/966/961 1161/979/964 1159/967/962
f 1148/983/950 1159/975/962 1161/984/964
f 1161/984/964 1147/985/951 1148/983/950
f 1155/960/957 1154/963/958 1157/986/960
f 1154/963/958 1160/980/963 1156/987/961
f 1154/963/958 1156/987/961 1157/986/960
f 1163/976/965 1149/988/953 1150/989/952
f 1157/965/960 1158/964/959 1162/990/966
f 1163/973/965 1164/991/967 1162/974/966
f 1161/984/964 1142/992/1084 1147/985/951
f 1155/960/957 1157/986/960 1164/993/967
f 1157/965/960 1162/990/966 1164/994/967
f 1166/1000/913 1165/963/968 1168/960/969
f 1168/960/969 1167/1001/914 1166/1000/913
f 1171/964/970 1170/965/971 1169/966/972
f 1169/966/972 1172/967/973 1171/964/970
f 1173/968/974 1176/1003/924 1175/1002/1079
f 1175/1002/1079 1174/971/975 1173/968/974
f 1171/972/970 1178/973/976 1177/974/1088
f 1172/975/973 1178/976/976 1171/977/970
f 1173/978/974 1174/979/975 1169/966/972
f 1173/980/974 1179/1005/927 1176/1004/924
f 1169/966/972 1174/979/975 1172/967/973
f 1180/1006/928 1172/975/973 1174/984/975
f 1174/984/975 1181/1007/1081 1180/1006/928
f 1168/960/969 1165/963/968 1170/986/971
f 1165/963/968 1173/980/974 1169/987/972
f 1165/963/968 1169/987/972 1170/986/971
f 1178/976/976 1182/1009/931 1131/1008/930
f 1170/965/971 1171/964/970 1177/990/1088
f 1178/973/976 1183/991/1089 1177/974/1088
f 1174/984/975 1175/1010/1079 1181/1007/1081
f 1168/960/969 1170/986/971 1183/993/1089
f 1170/965/971 1177/990/1088 1183/994/1089
f 1163/976/965 1159/975/962 1148/983/950
f 1148/983/950 1149/988/953 1163/976/965
f 1164/991/967 1163/973/965 1150/995/952
f 1150/995/952 1152/996/955 1164/991/967
f 1135/962/1083 1146/981/1086 1160/980/963
f 1160/980/963 1154/963/958 1135/962/1083
f 1134/961/938 1155/960/957 1153/997/1087
f 1152/996/955 1153/998/1087 1155/999/957
f 1155/999/957 1164/991/967 1152/996/955
f 1180/1006/928 1182/1009/931 1178/976/976
f 1178/976/976 1172/975/973 1180/1006/928
f 1131/1011/930 1184/1012/933 1183/991/1089
f 1183/991/1089 1178/973/976 1131/1011/930
f 1166/1000/913 1179/1005/927 1173/980/974
f 1173/980/974 1165/963/968 1166/1000/913
f 1185/1013/934 1167/1001/914 1168/960/969
f 1184/1012/933 1185/1014/934 1168/999/969
f 1168/999/969 1183/991/1089 1184/1012/933
f 1187/960/979 1186/963/980 1189/962/981
f 1189/962/981 1188/961/982 1187/960/979
f 1192/964/983 1191/967/984 1190/966/985
f 1190/966/985 1193/965/986 1192/964/983
f 1194/968/987 1197/971/988 1196/970/989
f 1196/970/989 1195/969/990 1194/968/987
f 1192/972/983 1199/974/991 1198/973/992
f 1191/975/984 1192/977/983 1198/976/992
f 1194/978/987 1190/966/985 1197/979/988
f 1194/980/987 1195/982/990 1200/981/1090
f 1190/966/985 1191/967/984 1197/979/988
f 1202/983/994 1201/985/1091 1197/984/988
f 1197/984/988 1191/975/984 1202/983/994
f 1187/960/979 1193/986/986 1186/963/980
f 1186/963/980 1190/987/985 1194/980/987
f 1186/963/980 1193/986/986 1190/987/985
f 1198/976/992 1204/989/996 1203/988/997
f 1193/965/986 1199/990/991 1192/964/983
f 1198/973/992 1199/974/991 1205/991/998
f 1197/984/988 1201/985/1091 1196/992/989
f 1187/960/979 1205/993/998 1193/986/986
f 1193/965/986 1205/994/998 1199/990/991
f 1198/976/992 1203/988/997 1202/983/994
f 1202/983/994 1191/975/984 1198/976/992
f 1205/991/998 1206/996/999 1204/995/996
f 1204/995/996 1198/973/992 1205/991/998
f 1189/962/981 1186/963/980 1194/980/987
f 1194/980/987 1200/981/1090 1189/962/981
f 1188/961/982 1207/997/1000 1187/960/979
f 1206/996/999 1205/991/998 1187/999/979
f 1187/999/979 1207/998/1000 1206/996/999
f 1209/960/1001 1188/961/982 1189/962/981
f 1189/962/981 1208/963/1002 1209/960/1001
f 1212/964/1003 1211/965/1004 1210/966/1005
f 1210/966/1005 1213/967/1006 1212/964/1003
f 1214/968/1007 1195/969/990 1196/970/989
f 1196/970/989 1215/971/1008 1214/968/1007
f 1212/972/1003 1217/973/1009 1216/974/1010
f 1213/975/1006 1217/976/1009 1212/977/1003
f 1214/978/1007 1215/979/1008 1210/966/1005
f 1214/980/1007 1200/981/1090 1195/982/990
f 1210/966/1005 1215/979/1008 1213/967/1006
f 1202/983/994 1213/975/1006 1215/984/1008
f 1215/984/1008 1201/985/1091 1202/983/994
f 1209/960/1001 1208/963/1002 1211/986/1004
f 1208/963/1002 1214/980/1007 1210/987/1005
f 1208/963/1002 1210/987/1005 1211/986/1004
f 1217/976/1009 1203/988/997 1204/989/996
f 1211/965/1004 1212/964/1003 1216/990/1010
f 1217/973/1009 1218/991/1011 1216/974/1010
f 1215/984/1008 1196/992/989 1201/985/1091
f 1209/960/1001 1211/986/1004 1218/993/1011
f 1211/965/1004 1216/990/1010 1218/994/1011
f 1220/1000/1012 1219/963/1013 1222/960/1014
f 1222/960/1014 1221/1001/1015 1220/1000/1012
f 1225/964/1016 1224/965/1017 1223/966/1018
f 1223/966/1018 1226/967/1092 1225/964/1016
f 1227/968/1020 1230/1003/1021 1229/1002/1022
f 1229/1002/1022 1228/971/1023 1227/968/1020
f 1225/972/1016 1232/973/1024 1231/974/1025
f 1226/975/1092 1232/976/1024 1225/977/1016
f 1227/978/1020 1228/979/1023 1223/966/1018
f 1227/980/1020 1233/1005/1026 1230/1004/1021
f 1223/966/1018 1228/979/1023 1226/967/1092
f 1234/1006/1027 1226/975/1092 1228/984/1023
f 1228/984/1023 1235/1007/1028 1234/1006/1027
f 1222/960/1014 1219/963/1013 1224/986/1017
f 1219/963/1013 1227/980/1020 1223/987/1018
f 1219/963/1013 1223/987/1018 1224/986/1017
f 1232/976/1024 1237/1009/1029 1236/1008/1030
f 1224/965/1017 1225/964/1016 1231/990/1025
f 1232/973/1024 1238/991/1031 1231/974/1025
f 1228/984/1023 1229/1010/1022 1235/1007/1028
f 1222/960/1014 1224/986/1017 1238/993/1031
f 1224/965/1017 1231/990/1025 1238/994/1031
f 1217/976/1009 1213/975/1006 1202/983/994
f 1202/983/994 1203/988/997 1217/976/1009
f 1218/991/1011 1217/973/1009 1204/995/996
f 1204/995/996 1206/996/999 1218/991/1011
f 1189/962/981 1200/981/1090 1214/980/1007
f 1214/980/1007 1208/963/1002 1189/962/981
f 1188/961/982 1209/960/1001 1207/997/1000
f 1206/996/999 1207/998/1000 1209/999/1001
f 1209/999/1001 1218/991/1011 1206/996/999
f 1234/1006/1027 1237/1009/1029 1232/976/1024
f 1232/976/1024 1226/975/1092 1234/1006/1027
f 1236/1011/1030 1239/1012/1032 1238/991/1031
f 1238/991/1031 1232/973/1024 1236/1011/1030
f 1220/1000/1012 1233/1005/1026 1227/980/1020
f 1227/980/1020 1219/963/1013 1220/1000/1012
f 1240/1013/1033 1221/1001/1015 1222/960/1014
f 1239/1012/1032 1240/1014/1033 1222/999/1014
f 1222/999/1014 1238/991/1031 1239/1012/1032
f 1244/960/1034 1243/961/1035 1242/962/1036
f 1242/962/1036 1241/963/1037 1244/960/1034
f 1247/964/1038 1246/965/1039 1245/966/1093
f 1245/966/1093 1248/967/1041 1247/964/1038
f 1249/968/1042 1252/969/1043 1251/970/1044
f 1251/970/1044 1250/971/1045 1249/968/1042
f 1247/972/1038 1254/973/1046 1253/974/1047
f 1248/975/1041 1254/976/1046 1247/977/1038
f 1249/978/1042 1250/979/1045 1245/966/1093
f 1249/980/1042 1255/981/1094 1252/982/1043
f 1245/966/1093 1250/979/1045 1248/967/1041
f 1256/983/1049 1248/975/1041 1250/984/1045
f 1250/984/1045 1257/985/1050 1256/983/1049
f 1244/960/1034 1241/963/1037 1246/986/1039
f 1241/963/1037 1249/980/1042 1245/987/1093
f 1241/963/1037 1245/987/1093 1246/986/1039
f 1254/976/1046 1259/988/1051 1258/989/1052
f 1246/965/1039 1247/964/1038 1253/990/1047
f 1254/973/1046 1260/991/1095 1253/974/1047
f 1250/984/1045 1251/992/1044 1257/985/1050
f 1244/960/1034 1246/986/1039 1260/993/1095
f 1246/965/1039 1253/990/1047 1260/994/1095
f 1254/976/1046 1248/975/1041 1256/983/1049
f 1256/983/1049 1259/988/1051 1254/976/1046
f 1260/991/1095 1254/973/1046 1258/995/1052
f 1258/995/1052 1261/996/1054 1260/991/1095
f 1242/962/1036 1255/981/1094 1249/980/1042
f 1249/980/1042 1241/963/1037 1242/962/1036
f 1243/961/1035 1244/960/1034 1262/997/1055
f 1261/996/1054 1262/998/1055 1244/999/1034
f 1244/999/1034 1260/991/1095 1261/996/1054
f 1264/960/1056 1263/963/1057 1242/962/1036
f 1242/962/1036 1243/961/1035 1264/960/1056
f 1267/964/1058 1266/967/1059 1265/966/1060
f 1265/966/1060 1268/965/1061 1267/964/1058
f 1269/968/1062 1270/971/1063 1251/970/1044
f 1251/970/1044 1252/969/1043 1269/968/1062
f 1267/972/1058 1272/974/1064 1271/973/1065
f 1266/975/1059 1267/977/1058 1271/976/1065
f 1269/978/1062 1265/966/1060 1270/979/1063
f 1269/980/1062 1252/982/1043 1255/981/1094
f 1265/966/1060 1266/967/1059 1270/979/1063
f 1256/983/1049 1257/985/1050 1270/984/1063
f 1270/984/1063 1266/975/1059 1256/983/1049
f 1264/960/1056 1268/986/1061 1263/963/1057
f 1263/963/1057 1265/987/1060 1269/980/1062
f 1263/963/1057 1268/986/1061 1265/987/1060
f 1271/976/1065 1258/989/1052 1259/988/1051
f 1268/965/1061 1272/990/1064 1267/964/1058
f 1271/973/1065 1272/974/1064 1273/991/1066
f 1270/984/1063 1257/985/1050 1251/992/1044
f 1264/960/1056 1273/993/1066 1268/986/1061
f 1268/965/1061 1273/994/1066 1272/990/1064
f 1220/1000/1012 1221/1001/1015 1275/960/1067
f 1275/960/1067 1274/963/1068 1220/1000/1012
f 1278/964/1069 1277/967/1070 1276/966/1071
f 1276/966/1071 1279/965/1072 1278/964/1069
f 1280/968/1073 1281/971/1074 1229/1002/1022
f 1229/1002/1022 1230/1003/1021 1280/968/1073
f 1278/972/1069 1283/974/1075 1282/973/1076
f 1277/975/1070 1278/977/1069 1282/976/1076
f 1280/978/1073 1276/966/1071 1281/979/1074
f 1280/980/1073 1230/1004/1021 1233/1005/1026
f 1276/966/1071 1277/967/1070 1281/979/1074
f 1234/1006/1027 1235/1007/1028 1281/984/1074
f 1281/984/1074 1277/975/1070 1234/1006/1027
f 1275/960/1067 1279/986/1072 1274/963/1068
f 1274/963/1068 1276/987/1071 1280/980/1073
f 1274/963/1068 1279/986/1072 1276/987/1071
f 1282/976/1076 1236/1008/1030 1237/1009/1029
f 1279/965/1072 1283/990/1075 1278/964/1069
f 1282/973/1076 1283/974/1075 1284/991/1096
f 1281/984/1074 1235/1007/1028 1229/1010/1022
f 1275/960/1067 1284/993/1096 1279/986/1072
f 1279/965/1072 1284/994/1096 1283/990/1075
f 1271/976/1065 1259/988/1051 1256/983/1049
f 1256/983/1049 1266/975/1059 1271/976/1065
f 1273/991/1066 1261/996/1054 1258/995/1052
f 1258/995/1052 1271/973/1065 1273/991/1066
f 1242/962/1036 1263/963/1057 1269/980/1062
f 1269/980/1062 1255/981/1094 1242/962/1036
f 1243/961/1035 1262/997/1055 1264/960/1056
f 1261/996/1054 1273/991/1066 1264/999/1056
f 1264/999/1056 1262/998/1055 1261/996/1054
f 1234/1006/1027 1277/975/1070 1282/976/1076
f 1282/976/1076 1237/1009/1029 1234/1006/1027
f 1236/1011/1030 1282/973/1076 1284/991/1096
f 1284/991/1096 1239/1012/1032 1236/1011/1030
f 1220/1000/1012 1274/963/1068 1280/980/1073
f 1280/980/1073 1233/1005/1026 1220/1000/1012
f 1240/1013/1033 1275/960/1067 1221/1001/1015
f 1239/1012/1032 1284/991/1096 1275/999/1067
f 1275/999/1067 1240/1014/1033 1239/1012/1032
usemtl M_windows_gothic
f 1286/1015/1097 1287/1016/1098 1288/1017/1099
f 1288/1017/1099 1285/1018/1100 1286/1015/1097
f 1289/1019/1101 1290/1020/1102 1286/1015/1102
f 1286/1015/1102 1285/1018/1101 1289/1019/1101
f 1291/1021/1103 1292/1022/1104 1290/1023/1105
f 1290/1023/1105 1289/1024/1106 1291/1021/1103
f 1293/1025/1107 1294/1026/1108 1292/1027/1108
f 1292/1027/1108 1291/1028/1107 1293/1025/1107
f 1285/1018/1100 1288/1017/1099 1296/1029/1109
f 1296/1029/1109 1295/1030/1110 1285/1018/1100
f 1297/1031/1111 1289/1019/1101 1285/1018/1101
f 1285/1018/1101 1295/1030/1111 1297/1031/1111
f 1298/1032/1112 1291/1021/1103 1289/1024/1106
f 1289/1024/1106 1297/1033/1113 1298/1032/1112
f 1299/1034/1114 1293/1025/1107 1291/1028/1107
f 1291/1028/1107 1298/1035/1114 1299/1034/1114
f 1295/1030/1110 1296/1029/1109 1301/1036/1115
f 1301/1036/1115 1300/1037/1116 1295/1030/1110
f 1302/1038/1117 1297/1031/1111 1295/1030/1111
f 1295/1030/1111 1300/1037/1117 1302/1038/1117
f 1303/1039/1118 1298/1032/1112 1297/1033/1113
f 1297/1033/1113 1302/1040/1119 1303/1039/1118
f 1304/1041/1120 1299/1034/1114 1298/1035/1114
f 1298/1035/1114 1303/1042/1120 1304/1041/1120
f 1300/1043/1116 1301/1044/1115 1306/1045/1121
f 1306/1045/1121 1305/1046/1122 1300/1043/1116
f 1307/1047/1123 1302/1038/1117 1300/1037/1117
f 1300/1037/1117 1305/1048/1123 1307/1047/1123
f 1308/1049/1124 1303/1039/1118 1302/1040/1119
f 1302/1040/1119 1307/1050/1125 1308/1049/1124
f 1309/1051/1126 1304/1041/1120 1303/1042/1120
f 1303/1042/1120 1308/1052/1126 1309/1051/1126
f 1310/1053/1127 1305/1046/1122 1306/1045/1121
f 1306/1045/1121 1311/1054/1128 1310/1053/1127
f 1312/1055/1129 1307/1047/1123 1305/1048/1123
f 1305/1048/1123 1310/1056/1129 1312/1055/1129
f 1313/1057/1130 1308/1049/1124 1307/1050/1125
f 1307/1050/1125 1312/1058/1131 1313/1057/1130
f 1314/1059/1132 1309/1051/1126 1308/1052/1126
f 1308/1052/1126 1313/1060/1132 1314/1059/1132
f 1315/1061/1133 1310/1053/1127 1311/1054/1128
f 1311/1054/1128 1316/1062/1134 1315/1061/1133
f 1317/1063/1135 1312/1055/1129 1310/1056/1129
f 1310/1056/1129 1315/1064/1135 1317/1063/1135
f 1318/1065/1136 1313/1057/1130 1312/1058/1131
f 1312/1058/1131 1317/1066/1137 1318/1065/1136
f 1319/1067/1138 1314/1059/1132 1313/1060/1132
f 1313/1060/1132 1318/1068/1138 1319/1067/1138
f 1320/1069/1139 1315/1061/1133 1316/1062/1134
f 1316/1062/1134 1321/1070/1140 1320/1069/1139
f 1322/1071/1141 1317/1063/1135 1315/1064/1135
f 1315/1064/1135 1320/1072/1141 1322/1071/1141
f 1323/1073/1142 1318/1065/1136 1317/1066/1137
f 1317/1066/1137 1322/1074/1143 1323/1073/1142
f 1324/1075/1144 1319/1067/1138 1318/1068/1138
f 1318/1068/1138 1323/1076/1144 1324/1075/1144
f 1325/1077/1145 1320/1069/1139 1321/1070/1140
f 1321/1070/1140 1326/1078/1146 1325/1077/1145
f 1320/1072/1141 1325/1079/1147 1327/1080/1147
f 1327/1080/1147 1322/1071/1141 1320/1072/1141
f 1322/1074/1143 1327/1081/1148 1328/1082/1149
f 1328/1082/1149 1323/1073/1142 1322/1074/1143
f 1323/1076/1144 1328/1083/1150 1329/1084/1150
f 1329/1084/1150 1324/1075/1144 1323/1076/1144
f 1325/1077/1145 1326/1078/1146 1331/1085/1151
f 1331/1085/1151 1330/1086/1152 1325/1077/1145
f 1325/1087/1153 1330/1088/1154 1332/1089/1154
f 1332/1089/1154 1327/1090/1153 1325/1087/1153
f 1327/1081/1148 1332/1091/1155 1333/1092/1156
f 1333/1092/1156 1328/1082/1149 1327/1081/1148
f 1328/1093/1157 1333/1094/1158 1334/1095/1158
f 1334/1095/1158 1329/1096/1157 1328/1093/1157
f 1330/1086/1152 1331/1085/1151 1336/1097/1159
f 1336/1097/1159 1335/1098/1160 1330/1086/1152
f 1337/1099/1161 1332/1089/1154 1330/1088/1154
f 1330/1088/1154 1335/1100/1161 1337/1099/1161
f 1338/1101/1162 1333/1092/1156 1332/1091/1155
f 1332/1091/1155 1337/1102/1163 1338/1101/1162
f 1339/1103/1164 1334/1095/1158 1333/1094/1158
f 1333/1094/1158 1338/1104/1164 1339/1103/1164
f 1335/1098/1160 1336/1097/1159 1341/1105/1165
f 1341/1105/1165 1340/1106/1166 1335/1098/1160
f 1342/1107/1167 1337/1099/1161 1335/1100/1161
f 1335/1100/1161 1340/1108/1167 1342/1107/1167
f 1343/1109/1168 1338/1101/1162 1337/1102/1163
f 1337/1102/1163 1342/1110/1169 1343/1109/1168
f 1344/1111/1170 1339/1103/1164 1338/1104/1164
f 1338/1104/1164 1343/1112/1170 1344/1111/1170
f 1340/1106/1166 1341/1105/1165 1346/1113/1171
f 1346/1113/1171 1345/1114/1172 1340/1106/1166
f 1347/1115/1173 1342/1107/1167 1340/1108/1167
f 1340/1108/1167 1345/1116/1173 1347/1115/1173
f 1348/1117/1174 1343/1109/1168 1342/1110/1169
f 1342/1110/1169 1347/1118/1175 1348/1117/1174
f 1349/1119/1176 1344/1111/1170 1343/1112/1170
f 1343/1112/1170 1348/1120/1176 1349/1119/1176
f 1350/1121/1177 1345/1114/1172 1346/1113/1171
f 1346/1113/1171 1351/1122/1178 1350/1121/1177
f 1352/1123/1179 1347/1115/1173 1345/1116/1173
f 1345/1116/1173 1350/1124/1179 1352/1123/1179
f 1353/1125/1180 1348/1117/1174 1347/1118/1175
f 1347/1118/1175 1352/1126/1181 1353/1125/1180
f 1354/1127/1182 1349/1119/1176 1348/1120/1176
f 1348/1120/1176 1353/1128/1182 1354/1127/1182
f 1355/1129/1183 1350/1124/1177 1351/1130/1178
f 1351/1130/1178 1356/1131/1184 1355/1129/1183
f 1357/1132/1185 1352/1123/1179 1350/1124/1179
f 1350/1124/1179 1355/1129/1186 1357/1132/1185
f 1358/1133/1187 1353/1125/1180 1352/1126/1181
f 1352/1126/1181 1357/1134/1188 1358/1133/1187
f 1359/1135/1189 1354/1127/1182 1353/1128/1182
f 1353/1128/1182 1358/1136/1189 1359/1135/1189
f 1360/1137/1190 1355/1129/1183 1356/1131/1184
f 1356/1131/1184 1361/1138/1191 1360/1137/1190
f 1362/1139/1192 1357/1132/1185 1355/1129/1186
f 1355/1129/1186 1360/1137/1192 1362/1139/1192
f 1363/1140/1193 1358/1133/1187 1357/1134/1188
f 1357/1134/1188 1362/1141/1194 1363/1140/1193
f 1364/1142/1195 1359/1135/1189 1358/1136/1189
f 1358/1136/1189 1363/1143/1195 1364/1142/1195
f 1360/1137/1190 1361/1138/1191 1366/1144/1196
f 1366/1144/1196 1365/1145/1197 1360/1137/1190
f 1367/1146/1198 1362/1139/1192 1360/1137/1192
f 1360/1137/1192 1365/1145/1198 1367/1146/1198
f 1368/1147/1199 1363/1140/1193 1362/1141/1194
f 1362/1141/1194 1367/1148/1200 1368/1147/1199
f 1369/1149/1201 1364/1142/1195 1363/1143/1195
f 1363/1143/1195 1368/1150/1201 1369/1149/1201
f 1286/1015/1097 1370/1151/1202 1371/1152/1203
f 1371/1152/1203 1287/1016/1098 1286/1015/1097
f 1286/1015/1102 1290/1020/1102 1372/1153/486
f 1372/1153/486 1370/1151/486 1286/1015/1102
f 1290/1023/1105 1292/1022/1104 1373/1154/1204
f 1373/1154/1204 1372/1155/1204 1290/1023/1105
f 1292/1027/1108 1294/1026/1108 1374/1156/481
f 1374/1156/481 1373/1157/481 1292/1027/1108
f 1375/1158/1205 1376/1159/1206 1366/1160/1196
f 1366/1160/1196 1369/1161/1207 1375/1158/1205
f 1367/1146/1198 1365/1145/1198 1377/1162/481
f 1377/1162/481 1378/1163/481 1367/1146/1198
f 1368/1147/1199 1367/1148/1200 1378/1164/1208
f 1378/1164/1208 1379/1165/1208 1368/1147/1199
f 1369/1149/1201 1368/1150/1201 1379/1166/486
f 1379/1166/486 1375/1167/486 1369/1149/1201
f 1380/1168/1209 1381/1169/1210 1371/1152/1203
f 1371/1152/1203 1370/1151/1202 1380/1168/1209
f 1370/1151/486 1372/1153/486 1382/1170/486
f 1382/1170/486 1380/1168/486 1370/1151/486
f 1372/1155/1204 1373/1154/1204 1383/1171/1211
f 1383/1171/1211 1382/1172/1212 1372/1155/1204
f 1373/1157/481 1374/1156/481 1384/1173/481
f 1384/1173/481 1383/1174/481 1373/1157/481
f 1375/1158/1205 1385/1175/1213 1386/1176/1214
f 1386/1176/1214 1376/1159/1206 1375/1158/1205
f 1378/1163/481 1377/1162/481 1387/1177/481
f 1387/1177/481 1388/1178/481 1378/1163/481
f 1379/1165/1208 1378/1164/1208 1388/1179/1215
f 1388/1179/1215 1389/1180/1216 1379/1165/1208
f 1375/1167/486 1379/1166/486 1389/1181/486
f 1389/1181/486 1385/1182/486 1375/1167/486
f 1387/1183/121 1380/1184/121 1382/1185/121
f 1382/1185/121 1388/1186/121 1387/1183/121
f 1389/1187/98 1383/1188/98 1384/1189/98
f 1384/1189/98 1385/1190/98 1389/1187/98
f 1384/1191/1217 1381/1192/1210 1386/1176/1214
f 1386/1176/1214 1385/1175/1213 1384/1191/1217
f 1389/1180/1216 1388/1179/1215 1382/1172/1212
f 1382/1172/1212 1383/1171/1211 1389/1180/1216
f 1391/1193/1218 1392/1194/1219 1393/1195/1220
f 1393/1195/1220 1390/1196/1218 1391/1193/1218
f 1396/1197/1221 1397/1198/1222 1394/1199/1222
f 1394/1199/1222 1395/1200/1221 1396/1197/1221
f 1398/1201/1223 1399/1202/1224 1397/1203/1225
f 1397/1203/1225 1396/1204/1226 1398/1201/1223
f 1400/1205/1227 1401/1206/1228 1399/1207/1228
f 1399/1207/1228 1398/1208/1227 1400/1205/1227
f 1403/1209/1229 1391/1193/1218 1390/1196/1218
f 1390/1196/1218 1402/1210/1229 1403/1209/1229
f 1405/1211/1230 1396/1197/1221 1395/1200/1221
f 1395/1200/1221 1404/1212/1230 1405/1211/1230
f 1406/1213/1231 1398/1201/1223 1396/1204/1226
f 1396/1204/1226 1405/1214/1232 1406/1213/1231
f 1407/1215/1233 1400/1205/1227 1398/1208/1227
f 1398/1208/1227 1406/1216/1233 1407/1215/1233
f 1409/1217/1234 1403/1209/1229 1402/1210/1229
f 1402/1210/1229 1408/1218/1234 1409/1217/1234
f 1411/1219/1235 1405/1211/1230 1404/1212/1230
f 1404/1212/1230 1410/1220/1235 1411/1219/1235
f 1412/1221/1236 1406/1213/1231 1405/1214/1232
f 1405/1214/1232 1411/1222/1237 1412/1221/1236
f 1413/1223/1238 1407/1215/1233 1406/1216/1233
f 1406/1216/1233 1412/1224/1238 1413/1223/1238
f 1415/1225/1239 1409/1217/1234 1408/1218/1234
f 1408/1218/1234 1414/1226/1240 1415/1225/1239
f 1417/1227/1241 1411/1219/1235 1410/1220/1235
f 1410/1220/1235 1416/1228/1241 1417/1227/1241
f 1418/1229/1242 1412/1221/1236 1411/1222/1237
f 1411/1222/1237 1417/1230/1243 1418/1229/1242
f 1419/1231/1244 1413/1223/1238 1412/1224/1238
f 1412/1224/1238 1418/1232/1245 1419/1231/1244
f 1421/1233/1246 1415/1225/1239 1414/1226/1240
f 1414/1226/1240 1420/1234/1247 1421/1233/1246
f 1423/1235/1248 1417/1227/1241 1416/1228/1241
f 1416/1228/1241 1422/1236/1248 1423/1235/1248
f 1424/1237/1249 1418/1229/1242 1417/1230/1243
f 1417/1230/1243 1423/1238/1250 1424/1237/1249
f 1425/1239/1251 1419/1231/1244 1418/1232/1245
f 1418/1232/1245 1424/1240/1251 1425/1239/1251
f 1427/1241/1252 1421/1233/1246 1420/1234/1247
f 1420/1234/1247 1426/1242/1253 1427/1241/1252
f 1429/1243/1254 1423/1235/1248 1422/1236/1248
f 1422/1236/1248 1428/1244/1254 1429/1243/1254
f 1430/1245/1255 1424/1237/1249 1423/1238/1250
f 1423/1238/1250 1429/1246/1256 1430/1245/1255
f 1431/1247/1257 1425/1239/1251 1424/1240/1251
f 1424/1240/1251 1430/1248/1257 1431/1247/1257
f 1433/1249/1258 1427/1241/1252 1426/1242/1253
f 1426/1242/1253 1432/1250/1259 1433/1249/1258
f 1435/1251/1260 1429/1243/1254 1428/1244/1254
f 1428/1244/1254 1434/1252/1260 1435/1251/1260
f 1436/1253/1261 1430/1245/1255 1429/1246/1256
f 1429/1246/1256 1435/1254/1262 1436/1253/1261
f 1437/1255/1263 1431/1247/1257 1430/1248/1257
f 1430/1248/1257 1436/1256/1263 1437/1255/1263
f 1439/1257/1264 1433/1249/1258 1432/1250/1259
f 1432/1250/1259 1438/1258/1265 1439/1257/1264
f 1434/1252/1260 1440/1259/1266 1441/1260/1266
f 1441/1260/1266 1435/1251/1260 1434/1252/1260
f 1435/1254/1262 1441/1261/1267 1442/1262/1268
f 1442/1262/1268 1436/1253/1261 1435/1254/1262
f 1436/1256/1263 1442/1263/1269 1443/1264/1269
f 1443/1264/1269 1437/1255/1263 1436/1256/1263
f 1444/1265/1270 1445/1266/1271 1439/1257/1264
f 1439/1257/1264 1438/1258/1265 1444/1265/1270
f 1440/1267/1272 1446/1268/1273 1447/1269/1273
f 1447/1269/1273 1441/1270/1272 1440/1267/1272
f 1441/1261/1267 1447/1271/1274 1448/1272/1275
f 1448/1272/1275 1442/1262/1268 1441/1261/1267
f 1442/1273/1276 1448/1274/1277 1449/1275/1277
f 1449/1275/1277 1443/1276/1276 1442/1273/1276
f 1450/1277/1278 1451/1278/1279 1445/1266/1271
f 1445/1266/1271 1444/1265/1270 1450/1277/1278
f 1453/1279/1280 1447/1269/1273 1446/1268/1273
f 1446/1268/1273 1452/1280/1280 1453/1279/1280
f 1454/1281/1281 1448/1272/1275 1447/1271/1274
f 1447/1271/1274 1453/1282/1282 1454/1281/1281
f 1455/1283/1283 1449/1275/1277 1448/1274/1277
f 1448/1274/1277 1454/1284/1283 1455/1283/1283
f 1456/1285/1284 1457/1286/1285 1451/1278/1279
f 1451/1278/1279 1450/1277/1278 1456/1285/1284
f 1459/1287/1286 1453/1279/1280 1452/1280/1280
f 1452/1280/1280 1458/1288/1286 1459/1287/1286
f 1460/1289/1287 1454/1281/1281 1453/1282/1282
f 1453/1282/1282 1459/1290/1288 1460/1289/1287
f 1461/1291/1289 1455/1283/1283 1454/1284/1283
f 1454/1284/1283 1460/1292/1289 1461/1291/1289
f 1462/1293/1290 1463/1294/1291 1457/1286/1285
f 1457/1286/1285 1456/1285/1284 1462/1293/1290
f 1465/1295/1292 1459/1287/1286 1458/1288/1286
f 1458/1288/1286 1464/1296/1292 1465/1295/1292
f 1466/1297/1293 1460/1289/1287 1459/1290/1288
f 1459/1290/1288 1465/1298/1294 1466/1297/1293
f 1467/1299/1295 1461/1291/1289 1460/1292/1289
f 1460/1292/1289 1466/1300/1296 1467/1299/1295
f 1468/1301/1297 1469/1302/1297 1463/1294/1291
f 1463/1294/1291 1462/1293/1290 1468/1301/1297
f 1471/1303/1298 1465/1295/1292 1464/1296/1292
f 1464/1296/1292 1470/1304/1298 1471/1303/1298
f 1472/1305/1299 1466/1297/1293 1465/1298/1294
f 1465/1298/1294 1471/1306/1300 1472/1305/1299
f 1473/1307/1301 1467/1299/1295 1466/1300/1296
f 1466/1300/1296 1472/1308/1301 1473/1307/1301
f 1474/1309/1302 1475/1310/1302 1469/1302/1297
f 1469/1302/1297 1468/1301/1297 1474/1309/1302
f 1477/1190/1303 1471/1303/1298 1470/1304/1298
f 1470/1304/1298 1476/1311/1303 1477/1190/1303
f 1478/1312/1304 1472/1305/1299 1471/1306/1300
f 1471/1306/1300 1477/1313/1305 1478/1312/1304
f 1479/1314/1306 1473/1307/1301 1472/1308/1301
f 1472/1308/1301 1478/1315/1307 1479/1314/1306
f 1480/1316/1308 1481/1317/1308 1475/1310/1302
f 1475/1310/1302 1474/1309/1302 1480/1316/1308
f 1483/1318/1309 1477/1319/1303 1476/1320/1303
f 1476/1320/1303 1482/1321/1309 1483/1318/1309
f 1484/1322/1310 1478/1312/1304 1477/1313/1305
f 1477/1313/1305 1483/1323/1311 1484/1322/1310
f 1485/1324/1312 1479/1314/1306 1478/1315/1307
f 1478/1315/1307 1484/1325/1312 1485/1324/1312
f 1486/1326/1313 1487/1327/1314 1481/1317/1308
f 1481/1317/1308 1480/1316/1308 1486/1326/1313
f 1489/1328/1315 1483/1318/1309 1482/1321/1309
f 1482/1321/1309 1488/1329/1315 1489/1328/1315
f 1490/1330/1316 1484/1322/1310 1483/1323/1311
f 1483/1323/1311 1489/1331/1317 1490/1330/1316
f 1491/1332/1318 1485/1324/1312 1484/1325/1312
f 1484/1325/1312 1490/1333/1318 1491/1332/1318
f 1392/1194/1219 1492/1334/1319 1493/1335/1319
f 1493/1335/1319 1393/1195/1220 1392/1194/1219
f 1394/1199/1222 1397/1198/1222 1494/1336/486
f 1494/1336/486 1495/1337/486 1394/1199/1222
f 1397/1203/1225 1399/1202/1224 1496/1338/1320
f 1496/1338/1320 1494/1339/1320 1397/1203/1225
f 1399/1207/1228 1401/1206/1228 1497/1340/481
f 1497/1340/481 1496/1341/481 1399/1207/1228
f 1487/1327/1314 1486/1326/1313 1498/1342/1321
f 1498/1342/1321 1499/1343/1321 1487/1327/1314
f 1489/1328/1315 1488/1329/1315 1500/1344/481
f 1500/1344/481 1501/1345/481 1489/1328/1315
f 1490/1330/1316 1489/1331/1317 1501/1346/1322
f 1501/1346/1322 1502/1347/1322 1490/1330/1316
f 1491/1332/1318 1490/1333/1318 1502/1348/486
f 1502/1348/486 1503/1349/486 1491/1332/1318
f 1493/1350/1319 1492/1351/1319 1504/1352/1323
f 1504/1352/1323 1505/1353/1324 1493/1350/1319
f 1495/1337/486 1494/1336/486 1506/1354/486
f 1506/1354/486 1507/1355/486 1495/1337/486
f 1494/1339/1320 1496/1338/1320 1508/1356/1325
f 1508/1356/1325 1506/1357/1326 1494/1339/1320
f 1496/1341/481 1497/1340/481 1509/1358/481
f 1509/1358/481 1508/1359/481 1496/1341/481
f 1498/1360/1321 1510/1361/1327 1511/1362/1328
f 1511/1362/1328 1499/1363/1321 1498/1360/1321
f 1501/1345/481 1500/1344/481 1512/1364/481
f 1512/1364/481 1513/1365/481 1501/1345/481
f 1502/1347/1322 1501/1346/1322 1513/1366/1329
f 1513/1366/1329 1514/1367/1330 1502/1347/1322
f 1503/1349/486 1502/1348/486 1514/1368/486
f 1514/1368/486 1515/1369/486 1503/1349/486
f 1512/1370/121 1507/1371/121 1506/1372/121
f 1506/1372/121 1513/1373/121 1512/1370/121
f 1514/1374/98 1508/1375/98 1509/1376/98
f 1509/1376/98 1515/1377/98 1514/1374/98
f 1510/1378/1327 1505/1379/1324 1504/1380/1323
f 1504/1380/1323 1511/1381/1328 1510/1378/1327
f 1514/1382/1330 1513/1383/1329 1506/1384/1326
f 1506/1384/1326 1508/1385/1325 1514/1382/1330
f 1395/1386/1331 1394/1387/1332 1517/1388/1333
f 1517/1388/1333 1516/1389/1334 1395/1386/1331
f 1401/1390/1335 1400/1391/1336 1519/1392/1337
f 1519/1392/1337 1518/1393/1338 1401/1390/1335
f 1404/1394/1339 1395/1386/1331 1516/1389/1334
f 1516/1389/1334 1520/1395/1340 1404/1394/1339
f 1400/1391/1336 1407/1396/1341 1521/1397/1342
f 1521/1397/1342 1519/1392/1337 1400/1391/1336
f 1410/1398/1343 1404/1394/1339 1520/1395/1340
f 1520/1395/1340 1522/1399/1344 1410/1398/1343
f 1407/1396/1341 1413/1400/1345 1523/1401/1346
f 1523/1401/1346 1521/1397/1342 1407/1396/1341
f 1416/1402/1347 1410/1398/1343 1522/1399/1344
f 1522/1399/1344 1524/1403/1348 1416/1402/1347
f 1413/1400/1345 1419/1404/1349 1525/1405/1350
f 1525/1405/1350 1523/1401/1346 1413/1400/1345
f 1422/1406/1351 1416/1402/1347 1524/1403/1348
f 1524/1403/1348 1526/1407/1352 1422/1406/1351
f 1419/1404/1349 1425/1408/1353 1527/1409/1354
f 1527/1409/1354 1525/1405/1350 1419/1404/1349
f 1428/1410/1355 1422/1406/1351 1526/1407/1352
f 1526/1407/1352 1528/1411/1356 1428/1410/1355
f 1425/1408/1353 1431/1412/1357 1529/1413/1358
f 1529/1413/1358 1527/1409/1354 1425/1408/1353
f 1434/1414/1359 1428/1410/1355 1528/1411/1356
f 1528/1411/1356 1530/1415/1360 1434/1414/1359
f 1431/1412/1357 1437/1416/1361 1531/1417/1362
f 1531/1417/1362 1529/1413/1358 1431/1412/1357
f 1440/1418/1363 1434/1414/1359 1530/1415/1360
f 1530/1415/1360 1532/1419/1364 1440/1418/1363
f 1437/1416/1361 1443/1420/1365 1533/1421/1366
f 1533/1421/1366 1531/1417/1362 1437/1416/1361
f 1534/1422/1367 1446/1423/1368 1440/1418/1363
f 1440/1418/1363 1532/1419/1364 1534/1422/1367
f 1533/1421/1366 1443/1420/1365 1449/1424/1369
f 1449/1424/1369 1535/1425/1370 1533/1421/1366
f 1536/1426/1371 1452/1427/1372 1446/1423/1368
f 1446/1423/1368 1534/1422/1367 1536/1426/1371
f 1535/1425/1370 1449/1424/1369 1455/1428/1373
f 1455/1428/1373 1537/1429/1374 1535/1425/1370
f 1538/1430/1375 1458/1431/1376 1452/1427/1372
f 1452/1427/1372 1536/1426/1371 1538/1430/1375
f 1537/1429/1374 1455/1428/1373 1461/1432/1377
f 1461/1432/1377 1539/1433/1378 1537/1429/1374
f 1540/1434/1379 1464/1435/1380 1458/1431/1376
f 1458/1431/1376 1538/1430/1375 1540/1434/1379
f 1539/1433/1378 1461/1432/1377 1467/1436/1381
f 1467/1436/1381 1541/1437/1382 1539/1433/1378
f 1542/1438/1383 1470/1439/1384 1464/1435/1380
f 1464/1435/1380 1540/1434/1379 1542/1438/1383
f 1541/1437/1382 1467/1436/1381 1473/1440/1385
f 1473/1440/1385 1543/1441/1386 1541/1437/1382
f 1544/1442/1387 1476/1443/1388 1470/1439/1384
f 1470/1439/1384 1542/1438/1383 1544/1442/1387
f 1543/1441/1386 1473/1440/1385 1479/1444/1389
f 1479/1444/1389 1545/1445/1390 1543/1441/1386
f 1546/1446/1391 1482/1447/1392 1476/1443/1388
f 1476/1443/1388 1544/1442/1387 1546/1446/1391
f 1545/1445/1390 1479/1444/1389 1485/1448/1393
f 1485/1448/1393 1547/1449/1394 1545/1445/1390
f 1548/1450/1395 1488/1451/1396 1482/1447/1392
f 1482/1447/1392 1546/1446/1391 1548/1450/1395
f 1547/1449/1394 1485/1448/1393 1491/1452/1397
f 1491/1452/1397 1549/1453/1398 1547/1449/1394
f 1394/1387/1332 1495/1454/1399 1550/1455/1399
f 1550/1455/1399 1517/1388/1333 1394/1387/1332
f 1497/1456/1400 1401/1390/1335 1518/1393/1338
f 1518/1393/1338 1551/1457/1400 1497/1456/1400
f 1549/1453/1398 1491/1452/1397 1503/1458/1401
f 1503/1458/1401 1552/1459/1401 1549/1453/1398
f 1553/1460/1402 1500/1461/1402 1488/1451/1396
f 1488/1451/1396 1548/1450/1395 1553/1460/1402
f 1550/1462/1399 1495/1463/1399 1507/1464/1403
f 1507/1464/1403 1554/1465/1404 1550/1462/1399
f 1555/1466/1405 1509/1467/1406 1497/1468/1400
f 1497/1468/1400 1551/1469/1400 1555/1466/1405
f 1503/1470/1401 1515/1471/1407 1556/1472/1408
f 1556/1472/1408 1552/1473/1401 1503/1470/1401
f 1512/1474/1409 1500/1475/1402 1553/1476/1402
f 1553/1476/1402 1557/1477/1410 1512/1474/1409
f 1515/1478/1407 1509/1479/1406 1555/1480/1405
f 1555/1480/1405 1556/1481/1408 1515/1478/1407
f 1507/1482/1403 1512/1483/1409 1557/1484/1410
f 1557/1484/1410 1554/1485/1404 1507/1482/1403
f 1516/1486/1411 1517/1487/1412 1392/1488/1413
f 1392/1488/1413 1391/1489/1414 1516/1486/1411
f 1517/1487/1412 1550/1490/1415 1492/1491/1415
f 1492/1491/1415 1392/1488/1413 1517/1487/1412
f 1550/1490/1415 1554/1492/1415 1504/1493/1415
f 1504/1493/1415 1492/1491/1415 1550/1490/1415
f 1554/1494/1416 1557/1495/1416 1511/1496/1416
f 1511/1496/1416 1504/1497/1416 1554/1494/1416
f 1557/1498/1417 1553/1499/1417 1499/1500/1417
f 1499/1500/1417 1511/1501/1417 1557/1498/1417
f 1553/1499/1417 1548/1502/1418 1487/1503/1419
f 1487/1503/1419 1499/1500/1417 1553/1499/1417
f 1548/1502/1418 1546/1504/1420 1481/1505/1420
f 1481/1505/1420 1487/1503/1419 1548/1502/1418
f 1546/1504/1420 1544/1506/1421 1475/1507/1422
f 1475/1507/1422 1481/1505/1420 1546/1504/1420
f 1544/1508/1421 1542/1509/1423 1469/1510/1424
f 1469/1510/1424 1475/1511/1422 1544/1508/1421
f 1542/1509/1423 1540/1512/1425 1463/1513/1426
f 1463/1513/1426 1469/1510/1424 1542/1509/1423
f 1540/1512/1425 1538/1514/1427 1457/1515/1428
f 1457/1515/1428 1463/1513/1426 1540/1512/1425
f 1538/1514/1427 1536/1516/1429 1451/1517/1430
f 1451/1517/1430 1457/1515/1428 1538/1514/1427
f 1536/1516/1429 1534/1518/1431 1445/1519/1432
f 1445/1519/1432 1451/1517/1430 1536/1516/1429
f 1534/1518/1431 1532/1520/1433 1439/1521/1434
f 1439/1521/1434 1445/1519/1432 1534/1518/1431
f 1532/1520/1435 1530/1522/1436 1433/1523/1437
f 1433/1523/1437 1439/1521/1438 1532/1520/1435
f 1530/1522/1436 1528/1524/1439 1427/1525/1440
f 1427/1525/1440 1433/1523/1437 1530/1522/1436
f 1528/1524/1439 1526/1526/1441 1421/1527/1442
f 1421/1527/1442 1427/1525/1440 1528/1524/1439
f 1526/1526/1441 1524/1528/1443 1415/1529/1444
f 1415/1529/1444 1421/1527/1442 1526/1526/1441
f 1524/1528/1443 1522/1530/1445 1409/1531/1446
f 1409/1531/1446 1415/1529/1444 1524/1528/1443
f 1522/1530/1445 1520/1532/1447 1403/1533/1448
f 1403/1533/1448 1409/1531/1446 1522/1530/1445
f 1520/1534/1447 1516/1486/1411 1391/1489/1414
f 1391/1489/1414 1403/1535/1448 1520/1534/1447
f 1518/1393/1449 1519/1392/1450 1390/1196/1451
f 1390/1196/1451 1393/1195/1452 1518/1393/1449
f 1519/1392/1450 1521/1397/1453 1402/1210/1454
f 1402/1210/1454 1390/1196/1451 1519/1392/1450
f 1521/1397/1453 1523/1401/1455 1408/1218/1456
f 1408/1218/1456 1402/1210/1454 1521/1397/1453
f 1523/1401/1455 1525/1405/1457 1414/1226/1458
f 1414/1226/1458 1408/1218/1456 1523/1401/1455
f 1525/1405/1457 1527/1409/1459 1420/1234/1460
f 1420/1234/1460 1414/1226/1458 1525/1405/1457
f 1527/1409/1459 1529/1413/1461 1426/1242/1462
f 1426/1242/1462 1420/1234/1460 1527/1409/1459
f 1529/1413/1461 1531/1417/1463 1432/1250/1464
f 1432/1250/1464 1426/1242/1462 1529/1413/1461
f 1531/1417/1463 1533/1421/1465 1438/1258/1466
f 1438/1258/1466 1432/1250/1464 1531/1417/1463
f 1533/1421/1467 1535/1425/1468 1444/1265/1469
f 1444/1265/1469 1438/1258/1470 1533/1421/1467
f 1535/1425/1468 1537/1429/1471 1450/1277/1472
f 1450/1277/1472 1444/1265/1469 1535/1425/1468
f 1537/1429/1471 1539/1433/1473 1456/1285/1474
f 1456/1285/1474 1450/1277/1472 1537/1429/1471
f 1539/1433/1473 1541/1437/1475 1462/1293/1476
f 1462/1293/1476 1456/1285/1474 1539/1433/1473
f 1541/1437/1475 1543/1441/1477 1468/1301/1478
f 1468/1301/1478 1462/1293/1476 1541/1437/1475
f 1543/1441/1477 1545/1445/1479 1474/1309/1480
f 1474/1309/1480 1468/1301/1478 1543/1441/1477
f 1545/1445/1479 1547/1449/1481 1480/1316/1482
f 1480/1316/1482 1474/1309/1480 1545/1445/1479
f 1547/1449/1481 1549/1453/1483 1486/1326/1484
f 1486/1326/1484 1480/1316/1482 1547/1449/1481
f 1549/1453/1483 1552/1459/1485 1498/1342/1485
f 1498/1342/1485 1486/1326/1484 1549/1453/1483
f 1552/1473/1485 1556/1472/1485 1510/1361/1485
f 1510/1361/1485 1498/1360/1485 1552/1473/1485
f 1556/1481/1486 1555/1480/1486 1505/1379/1486
f 1505/1379/1486 1510/1378/1486 1556/1481/1486
f 1555/1466/1487 1551/1469/1487 1493/1350/1487
f 1493/1350/1487 1505/1353/1487 1555/1466/1487
f 1551/1457/1487 1518/1393/1449 1393/1195/1452
f 1393/1195/1452 1493/1335/1487 1551/1457/1487
f 1294/1536/1488 1293/1537/1489 1288/1538/1099
f 1288/1538/1099 1287/1539/1098 1294/1536/1488
f 1288/1538/1099 1293/1537/1489 1299/1540/1490
f 1299/1540/1490 1296/1541/1109 1288/1538/1099
f 1296/1541/1109 1299/1540/1490 1304/1542/1491
f 1304/1542/1491 1301/1044/1115 1296/1541/1109
f 1301/1044/1115 1304/1542/1491 1309/1543/1492
f 1309/1543/1492 1306/1045/1121 1301/1044/1115
f 1309/1543/1492 1314/1544/1493 1311/1054/1128
f 1311/1054/1128 1306/1045/1121 1309/1543/1492
f 1314/1544/1493 1319/1545/1494 1316/1062/1134
f 1316/1062/1134 1311/1054/1128 1314/1544/1493
f 1319/1545/1494 1324/1546/1495 1321/1070/1140
f 1321/1070/1140 1316/1062/1134 1319/1545/1494
f 1324/1546/1495 1329/1547/1496 1326/1078/1146
f 1326/1078/1146 1321/1070/1140 1324/1546/1495
f 1326/1078/1146 1329/1547/1496 1334/1548/1497
f 1334/1548/1497 1331/1085/1151 1326/1078/1146
f 1331/1085/1151 1334/1548/1497 1339/1549/1498
f 1339/1549/1498 1336/1097/1159 1331/1085/1151
f 1336/1097/1159 1339/1549/1498 1344/1550/1499
f 1344/1550/1499 1341/1105/1165 1336/1097/1159
f 1341/1105/1165 1344/1550/1499 1349/1551/1500
f 1349/1551/1500 1346/1113/1171 1341/1105/1165
f 1349/1551/1500 1354/1552/1501 1351/1122/1178
f 1351/1122/1178 1346/1113/1171 1349/1551/1500
f 1354/1552/1501 1359/1553/1502 1356/1554/1184
f 1356/1554/1184 1351/1122/1178 1354/1552/1501
f 1359/1553/1502 1364/1555/1503 1361/1556/1191
f 1361/1556/1191 1356/1554/1184 1359/1553/1502
f 1364/1555/1503 1369/1161/1207 1366/1160/1196
f 1366/1160/1196 1361/1556/1191 1364/1555/1503
f 1374/1557/1504 1294/1536/1488 1287/1539/1098
f 1287/1539/1098 1371/1558/1203 1374/1557/1504
f 1376/1559/1206 1377/1162/1505 1365/1145/1197
f 1365/1145/1197 1366/1144/1196 1376/1559/1206
f 1381/1192/1210 1384/1191/1217 1374/1557/1504
f 1374/1557/1504 1371/1558/1203 1381/1192/1210
f 1387/1177/1506 1377/1162/1505 1376/1559/1206
f 1376/1559/1206 1386/1560/1214 1387/1177/1506
f 1380/1184/1209 1387/1183/1506 1386/1561/1214
f 1386/1561/1214 1381/1562/1210 1380/1184/1209
f 1559/1015/1097 1560/1016/1098 1561/1017/1099
f 1561/1017/1099 1558/1018/1100 1559/1015/1097
f 1562/1019/1101 1563/1020/1102 1559/1015/1102
f 1559/1015/1102 1558/1018/1101 1562/1019/1101
f 1564/1021/1103 1565/1022/1104 1563/1023/1105
f 1563/1023/1105 1562/1024/1106 1564/1021/1103
f 1566/1025/1107 1567/1026/1108 1565/1027/1108
f 1565/1027/1108 1564/1028/1107 1566/1025/1107
f 1558/1018/1100 1561/1017/1099 1569/1029/1109
f 1569/1029/1109 1568/1030/1110 1558/1018/1100
f 1570/1031/1507 1562/1019/1101 1558/1018/1101
f 1558/1018/1101 1568/1030/1111 1570/1031/1507
f 1571/1032/1112 1564/1021/1103 1562/1024/1106
f 1562/1024/1106 1570/1033/1113 1571/1032/1112
f 1572/1034/1508 1566/1025/1107 1564/1028/1107
f 1564/1028/1107 1571/1035/1114 1572/1034/1508
f 1568/1030/1110 1569/1029/1109 1574/1036/1115
f 1574/1036/1115 1573/1037/1116 1568/1030/1110
f 1575/1038/1117 1570/1031/1507 1568/1030/1111
f 1568/1030/1111 1573/1037/1117 1575/1038/1117
f 1576/1039/1118 1571/1032/1112 1570/1033/1113
f 1570/1033/1113 1575/1040/1119 1576/1039/1118
f 1577/1041/1120 1572/1034/1508 1571/1035/1114
f 1571/1035/1114 1576/1042/1120 1577/1041/1120
f 1573/1043/1116 1574/1044/1115 1579/1045/1121
f 1579/1045/1121 1578/1046/1122 1573/1043/1116
f 1580/1047/1123 1575/1038/1117 1573/1037/1117
f 1573/1037/1117 1578/1048/1123 1580/1047/1123
f 1581/1049/1124 1576/1039/1118 1575/1040/1119
f 1575/1040/1119 1580/1050/1125 1581/1049/1124
f 1582/1051/1126 1577/1041/1120 1576/1042/1120
f 1576/1042/1120 1581/1052/1126 1582/1051/1126
f 1583/1053/1127 1578/1046/1122 1579/1045/1121
f 1579/1045/1121 1584/1054/1128 1583/1053/1127
f 1585/1055/1129 1580/1047/1123 1578/1048/1123
f 1578/1048/1123 1583/1056/1129 1585/1055/1129
f 1586/1057/1130 1581/1049/1124 1580/1050/1125
f 1580/1050/1125 1585/1058/1131 1586/1057/1130
f 1587/1059/1132 1582/1051/1126 1581/1052/1126
f 1581/1052/1126 1586/1060/1132 1587/1059/1132
f 1588/1061/1133 1583/1053/1127 1584/1054/1128
f 1584/1054/1128 1589/1062/1134 1588/1061/1133
f 1590/1063/1135 1585/1055/1129 1583/1056/1129
f 1583/1056/1129 1588/1064/1135 1590/1063/1135
f 1591/1065/1136 1586/1057/1130 1585/1058/1131
f 1585/1058/1131 1590/1066/1137 1591/1065/1136
f 1592/1067/1138 1587/1059/1132 1586/1060/1132
f 1586/1060/1132 1591/1068/1138 1592/1067/1138
f 1593/1069/1139 1588/1061/1133 1589/1062/1134
f 1589/1062/1134 1594/1070/1140 1593/1069/1139
f 1595/1071/1509 1590/1063/1135 1588/1064/1135
f 1588/1064/1135 1593/1072/1509 1595/1071/1509
f 1596/1073/1142 1591/1065/1136 1590/1066/1137
f 1590/1066/1137 1595/1074/1143 1596/1073/1142
f 1597/1075/1144 1592/1067/1138 1591/1068/1138
f 1591/1068/1138 1596/1076/1144 1597/1075/1144
f 1598/1077/1145 1593/1069/1139 1594/1070/1140
f 1594/1070/1140 1599/1078/1146 1598/1077/1145
f 1593/1072/1509 1598/1079/1147 1600/1080/1510
f 1600/1080/1510 1595/1071/1509 1593/1072/1509
f 1595/1074/1143 1600/1081/1148 1601/1082/1149
f 1601/1082/1149 1596/1073/1142 1595/1074/1143
f 1596/1076/1144 1601/1083/1150 1602/1084/1150
f 1602/1084/1150 1597/1075/1144 1596/1076/1144
f 1598/1077/1145 1599/1078/1146 1604/1085/1151
f 1604/1085/1151 1603/1086/1152 1598/1077/1145
f 1598/1087/1153 1603/1088/1154 1605/1089/1511
f 1605/1089/1511 1600/1090/1512 1598/1087/1153
f 1600/1081/1148 1605/1091/1155 1606/1092/1156
f 1606/1092/1156 1601/1082/1149 1600/1081/1148
f 1601/1093/1157 1606/1094/1158 1607/1095/1158
f 1607/1095/1158 1602/1096/1157 1601/1093/1157
f 1603/1086/1152 1604/1085/1151 1609/1097/1159
f 1609/1097/1159 1608/1098/1513 1603/1086/1152
f 1610/1099/1161 1605/1089/1511 1603/1088/1154
f 1603/1088/1154 1608/1100/1161 1610/1099/1161
f 1611/1101/1162 1606/1092/1156 1605/1091/1155
f 1605/1091/1155 1610/1102/1163 1611/1101/1162
f 1612/1103/1164 1607/1095/1158 1606/1094/1158
f 1606/1094/1158 1611/1104/1164 1612/1103/1164
f 1608/1098/1513 1609/1097/1159 1614/1105/1165
f 1614/1105/1165 1613/1106/1514 1608/1098/1513
f 1615/1107/1167 1610/1099/1161 1608/1100/1161
f 1608/1100/1161 1613/1108/1167 1615/1107/1167
f 1616/1109/1168 1611/1101/1162 1610/1102/1163
f 1610/1102/1163 1615/1110/1169 1616/1109/1168
f 1617/1111/1170 1612/1103/1164 1611/1104/1164
f 1611/1104/1164 1616/1112/1170 1617/1111/1170
f 1613/1106/1514 1614/1105/1165 1619/1113/1171
f 1619/1113/1171 1618/1114/1172 1613/1106/1514
f 1620/1115/1173 1615/1107/1167 1613/1108/1167
f 1613/1108/1167 1618/1116/1173 1620/1115/1173
f 1621/1117/1174 1616/1109/1168 1615/1110/1169
f 1615/1110/1169 1620/1118/1175 1621/1117/1174
f 1622/1119/1176 1617/1111/1170 1616/1112/1170
f 1616/1112/1170 1621/1120/1176 1622/1119/1176
f 1623/1121/1177 1618/1114/1172 1619/1113/1171
f 1619/1113/1171 1624/1122/1178 1623/1121/1177
f 1625/1123/1179 1620/1115/1173 1618/1116/1173
f 1618/1116/1173 1623/1124/1179 1625/1123/1179
f 1626/1125/1180 1621/1117/1174 1620/1118/1175
f 1620/1118/1175 1625/1126/1181 1626/1125/1180
f 1627/1127/1182 1622/1119/1176 1621/1120/1176
f 1621/1120/1176 1626/1128/1182 1627/1127/1182
f 1628/1129/1183 1623/1124/1177 1624/1130/1178
f 1624/1130/1178 1629/1131/1184 1628/1129/1183
f 1630/1132/1185 1625/1123/1179 1623/1124/1179
f 1623/1124/1179 1628/1129/1186 1630/1132/1185
f 1631/1133/1187 1626/1125/1180 1625/1126/1181
f 1625/1126/1181 1630/1134/1188 1631/1133/1187
f 1632/1135/1189 1627/1127/1182 1626/1128/1182
f 1626/1128/1182 1631/1136/1189 1632/1135/1189
f 1633/1137/1190 1628/1129/1183 1629/1131/1184
f 1629/1131/1184 1634/1138/1191 1633/1137/1190
f 1635/1139/1192 1630/1132/1185 1628/1129/1186
f 1628/1129/1186 1633/1137/1192 1635/1139/1192
f 1636/1140/1193 1631/1133/1187 1630/1134/1188
f 1630/1134/1188 1635/1141/1194 1636/1140/1193
f 1637/1142/1195 1632/1135/1189 1631/1136/1189
f 1631/1136/1189 1636/1143/1195 1637/1142/1195
f 1633/1137/1190 1634/1138/1191 1639/1144/1196
f 1639/1144/1196 1638/1145/1197 1633/1137/1190
f 1640/1146/1198 1635/1139/1192 1633/1137/1192
f 1633/1137/1192 1638/1145/1198 1640/1146/1198
f 1641/1147/1199 1636/1140/1193 1635/1141/1194
f 1635/1141/1194 1640/1148/1515 1641/1147/1199
f 1642/1149/1201 1637/1142/1195 1636/1143/1195
f 1636/1143/1195 1641/1150/1201 1642/1149/1201
f 1559/1015/1097 1643/1151/1202 1644/1152/1203
f 1644/1152/1203 1560/1016/1098 1559/1015/1097
f 1559/1015/1102 1563/1020/1102 1645/1153/486
f 1645/1153/486 1643/1151/486 1559/1015/1102
f 1563/1023/1105 1565/1022/1104 1646/1154/1204
f 1646/1154/1204 1645/1155/1204 1563/1023/1105
f 1565/1027/1108 1567/1026/1108 1647/1156/481
f 1647/1156/481 1646/1157/481 1565/1027/1108
f 1648/1158/1205 1649/1159/1206 1639/1160/1196
f 1639/1160/1196 1642/1161/1207 1648/1158/1205
f 1640/1146/1198 1638/1145/1198 1650/1162/481
f 1650/1162/481 1651/1163/481 1640/1146/1198
f 1641/1147/1199 1640/1148/1515 1651/1164/1208
f 1651/1164/1208 1652/1165/1208 1641/1147/1199
f 1642/1149/1201 1641/1150/1201 1652/1166/486
f 1652/1166/486 1648/1167/486 1642/1149/1201
f 1653/1168/1209 1654/1169/1516 1644/1152/1203
f 1644/1152/1203 1643/1151/1202 1653/1168/1209
f 1643/1151/486 1645/1153/486 1655/1170/486
f 1655/1170/486 1653/1168/486 1643/1151/486
f 1645/1155/1204 1646/1154/1204 1656/1171/1211
f 1656/1171/1211 1655/1172/1212 1645/1155/1204
f 1646/1157/481 1647/1156/481 1657/1173/481
f 1657/1173/481 1656/1174/481 1646/1157/481
f 1648/1158/1205 1658/1175/1213 1659/1176/1214
f 1659/1176/1214 1649/1159/1206 1648/1158/1205
f 1651/1163/481 1650/1162/481 1660/1177/481
f 1660/1177/481 1661/1178/481 1651/1163/481
f 1652/1165/1208 1651/1164/1208 1661/1179/1215
f 1661/1179/1215 1662/1180/1216 1652/1165/1208
f 1648/1167/486 1652/1166/486 1662/1181/486
f 1662/1181/486 1658/1182/486 1648/1167/486
f 1660/1183/121 1653/1184/121 1655/1185/121
f 1655/1185/121 1661/1186/121 1660/1183/121
f 1662/1187/98 1656/1188/98 1657/1189/98
f 1657/1189/98 1658/1190/98 1662/1187/98
f 1657/1191/1217 1654/1192/1516 1659/1176/1214
f 1659/1176/1214 1658/1175/1213 1657/1191/1217
f 1662/1180/1216 1661/1179/1215 1655/1172/1212
f 1655/1172/1212 1656/1171/1211 1662/1180/1216
f 1567/1536/1488 1566/1537/1489 1561/1538/1099
f 1561/1538/1099 1560/1539/1098 1567/1536/1488
f 1561/1538/1099 1566/1537/1489 1572/1540/1490
f 1572/1540/1490 1569/1541/1109 1561/1538/1099
f 1569/1541/1109 1572/1540/1490 1577/1542/1491
f 1577/1542/1491 1574/1044/1115 1569/1541/1109
f 1574/1044/1115 1577/1542/1491 1582/1543/1492
f 1582/1543/1492 1579/1045/1121 1574/1044/1115
f 1582/1543/1492 1587/1544/1493 1584/1054/1128
f 1584/1054/1128 1579/1045/1121 1582/1543/1492
f 1587/1544/1493 1592/1545/1494 1589/1062/1134
f 1589/1062/1134 1584/1054/1128 1587/1544/1493
f 1592/1545/1494 1597/1546/1495 1594/1070/1140
f 1594/1070/1140 1589/1062/1134 1592/1545/1494
f 1597/1546/1495 1602/1547/1496 1599/1078/1146
f 1599/1078/1146 1594/1070/1140 1597/1546/1495
f 1599/1078/1146 1602/1547/1496 1607/1548/1497
f 1607/1548/1497 1604/1085/1151 1599/1078/1146
f 1604/1085/1151 1607/1548/1497 1612/1549/1517
f 1612/1549/1517 1609/1097/1159 1604/1085/1151
f 1609/1097/1159 1612/1549/1517 1617/1550/1499
f 1617/1550/1499 1614/1105/1165 1609/1097/1159
f 1614/1105/1165 1617/1550/1499 1622/1551/1500
f 1622/1551/1500 1619/1113/1171 1614/1105/1165
f 1622/1551/1500 1627/1552/1501 1624/1122/1178
f 1624/1122/1178 1619/1113/1171 1622/1551/1500
f 1627/1552/1501 1632/1553/1502 1629/1554/1184
f 1629/1554/1184 1624/1122/1178 1627/1552/1501
f 1632/1553/1502 1637/1555/1503 1634/1556/1191
f 1634/1556/1191 1629/1554/1184 1632/1553/1502
f 1637/1555/1503 1642/1161/1207 1639/1160/1196
f 1639/1160/1196 1634/1556/1191 1637/1555/1503
f 1647/1557/1504 1567/1536/1488 1560/1539/1098
f 1560/1539/1098 1644/1558/1203 1647/1557/1504
f 1649/1559/1206 1650/1162/1505 1638/1145/1197
f 1638/1145/1197 1639/1144/1196 1649/1559/1206
f 1654/1192/1516 1657/1191/1217 1647/1557/1504
f 1647/1557/1504 1644/1558/1203 1654/1192/1516
f 1660/1177/1506 1650/1162/1505 1649/1559/1206
f 1649/1559/1206 1659/1560/1214 1660/1177/1506
f 1653/1184/1209 1660/1183/1506 1659/1561/1214
f 1659/1561/1214 1654/1562/1516 1653/1184/1209
f 1664/1563/489 1665/1564/489 1666/1565/489
f 1666/1565/489 1663/1566/489 1664/1563/489
f 1663/1566/489 1666/1565/489 1667/1567/489
f 1667/1567/489 1668/1568/489 1663/1566/489
f 1668/1568/489 1667/1567/489 1669/1569/489
f 1669/1569/489 1670/1570/489 1668/1568/489
f 1670/1570/489 1669/1569/489 1671/1571/489
f 1671/1571/489 1672/1572/489 1670/1570/489
f 1672/1572/489 1671/1571/489 1673/1573/489
f 1673/1573/489 1674/1574/489 1672/1572/489
o Suzanne
v -0.437500 0.164062 -0.765625
v 0.437500 0.164062 -0.765625
v -0.500000 0.093750 -0.687500
v 0.500000 0.093750 -0.687500
v -0.546875 0.054688 -0.578125
v 0.546875 0.054688 -0.578125
v -0.351562 -0.023438 -0.617188
v 0.351562 -0.023438 -0.617188
v -0.351562 0.031250 -0.718750
v 0.351562 0.031250 -0.718750
v -0.351562 0.132812 -0.781250
v 0.351562 0.132812 -0.781250
v -0.273438 0.164062 -0.796875
v 0.273438 0.164062 -0.796875
v -0.203125 0.093750 -0.742188
v 0.203125 0.093750 -0.742188
v -0.156250 0.054688 -0.648438
v 0.156250 0.054688 -0.648438
v -0.078125 0.242188 -0.656250
v 0.078125 0.242188 -0.656250
v -0.140625 0.242188 -0.742188
v 0.140625 0.242188 -0.742188
v -0.242188 0.242188 -0.796875
v 0.242188 0.242188 -0.796875
v -0.273438 0.328125 -0.796875
v 0.273438 0.328125 -0.796875
v -0.203125 0.390625 -0.742188
v 0.203125 0.390625 -0.742188
v -0.156250 0.437500 -0.648438
v 0.156250 0.437500 -0.648438
v -0.351562 0.515625 -0.617188
v 0.351562 0.515625 -0.617188
v -0.351562 0.453125 -0.718750
v 0.351562 0.453125 -0.718750
v -0.351562 0.359375 -0.781250
v 0.351562 0.359375 -0.781250
v -0.437500 0.328125 -0.765625
v 0.437500 0.328125 -0.765625
v -0.500000 0.390625 -0.687500
v 0.500000 0.390625 -0.687500
v -0.546875 0.437500 -0.578125
v 0.546875 0.437500 -0.578125
v -0.625000 0.242188 -0.562500
v 0.625000 0.242188 -0.562500
v -0.562500 0.242188 -0.671875
v 0.562500 0.242188 -0.671875
v -0.468750 0.242188 -0.757812
v 0.468750 0.242188 -0.757812
v -0.476562 0.242188 -0.773438
v 0.476562 0.242188 -0.773438
v -0.445312 0.335938 -0.781250
v 0.445312 0.335938 -0.781250
v -0.351562 0.375000 -0.804688
v 0.351562 0.375000 -0.804688
v -0.265625 0.335938 -0.820312
v 0.265625 0.335938 -0.820312
v -0.226562 0.242188 -0.820312
v 0.226562 0.242188 -0.820312
v -0.265625 0.156250 -0.820312
v 0.265625 0.156250 -0.820312
v -0.351562 0.242188 -0.828125
v 0.351562 0.242188 -0.828125
v -0.351562 0.117188 -0.804688
v 0.351562 0.117188 -0.804688
v -0.445312 0.156250 -0.781250
v 0.445312 0.156250 -0.781250
v 0.000000 0.429688 -0.742188
v 0.000000 0.351562 -0.820312
v 0.000000 -0.679688 -0.734375
v 0.000000 -0.320312 -0.781250
v 0.000000 -0.187500 -0.796875
v 0.000000 -0.773438 -0.718750
v 0.000000 0.406250 -0.601562
v 0.000000 0.570312 -0.570312
v 0.000000 0.898438 0.546875
v 0.000000 0.562500 0.851562
v 0.000000 0.070312 0.828125
v 0.000000 -0.382812 0.351562
v -0.203125 -0.187500 -0.562500
v 0.203125 -0.187500 -0.562500
v -0.312500 -0.437500 -0.570312
v 0.312500 -0.437500 -0.570312
v -0.351562 -0.695312 -0.570312
v 0.351562 -0.695312 -0.570312
v -0.367188 -0.890625 -0.531250
v 0.367188 -0.890625 -0.531250
v -0.328125 -0.945312 -0.523438
v 0.328125 -0.945312 -0.523438
v -0.179688 -0.968750 -0.554688
v 0.179688 -0.968750 -0.554688
v 0.000000 -0.984375 -0.578125
v -0.437500 -0.140625 -0.531250
v 0.437500 -0.140625 -0.531250
v -0.632812 -0.039062 -0.539062
v 0.632812 -0.039062 -0.539062
v -0.828125 0.148438 -0.445312
v 0.828125 0.148438 -0.445312
v -0.859375 0.429688 -0.593750
v 0.859375 0.429688 -0.593750
v -0.710938 0.484375 -0.625000
v 0.710938 0.484375 -0.625000
v -0.492188 0.601562 -0.687500
v 0.492188 0.601562 -0.687500
v -0.320312 0.757812 -0.734375
v 0.320312 0.757812 -0.734375
v -0.156250 0.718750 -0.757812
v 0.156250 0.718750 -0.757812
v -0.062500 0.492188 -0.750000
v 0.062500 0.492188 -0.750000
v -0.164062 0.414062 -0.773438
v 0.164062 0.414062 -0.773438
v -0.125000 0.304688 -0.765625
v 0.125000 0.304688 -0.765625
v -0.203125 0.093750 -0.742188
v 0.203125 0.093750 -0.742188
v -0.375000 0.015625 -0.703125
v 0.375000 0.015625 -0.703125
v -0.492188 0.062500 -0.671875
v 0.492188 0.062500 -0.671875
v -0.625000 0.187500 -0.648438
v 0.625000 0.187500 -0.648438
v -0.640625 0.296875 -0.648438
v 0.640625 0.296875 -0.648438
v -0.601562 0.375000 -0.664062
v 0.601562 0.375000 -0.664062
v -0.429688 0.437500 -0.718750
v 0.429688 0.437500 -0.718750
v -0.250000 0.468750 -0.757812
v 0.250000 0.468750 -0.757812
v 0.000000 -0.765625 -0.734375
v -0.109375 -0.718750 -0.734375
v 0.109375 -0.718750 -0.734375
v -0.117188 -0.835938 -0.710938
v 0.117188 -0.835938 -0.710938
v -0.062500 -0.882812 -0.695312
v 0.062500 -0.882812 -0.695312
v 0.000000 -0.890625 -0.687500
v 0.000000 -0.195312 -0.750000
v 0.000000 -0.140625 -0.742188
v -0.101562 -0.148438 -0.742188
v 0.101562 -0.148438 -0.742188
v -0.125000 -0.226562 -0.750000
v 0.125000 -0.226562 -0.750000
v -0.085938 -0.289062 -0.742188
v 0.085938 -0.289062 -0.742188
v -0.398438 -0.046875 -0.671875
v 0.398438 -0.046875 -0.671875
v -0.617188 0.054688 -0.625000
v 0.617188 0.054688 -0.625000
v -0.726562 0.203125 -0.601562
v 0.726562 0.203125 -0.601562
v -0.742188 0.375000 -0.656250
v 0.742188 0.375000 -0.656250
v -0.687500 0.414062 -0.726562
v 0.687500 0.414062 -0.726562
v -0.437500 0.546875 -0.796875
v 0.437500 0.546875 -0.796875
v -0.312500 0.640625 -0.835938
v 0.312500 0.640625 -0.835938
v -0.203125 0.617188 -0.851562
v 0.203125 0.617188 -0.851562
v -0.101562 0.429688 -0.843750
v 0.101562 0.429688 -0.843750
v -0.125000 -0.101562 -0.812500
v 0.125000 -0.101562 -0.812500
v -0.210938 -0.445312 -0.710938
v 0.210938 -0.445312 -0.710938
v -0.250000 -0.703125 -0.687500
v 0.250000 -0.703125 -0.687500
v -0.265625 -0.820312 -0.664062
v 0.265625 -0.820312 -0.664062
v -0.234375 -0.914062 -0.632812
v 0.234375 -0.914062 -0.632812
v -0.164062 -0.929688 -0.632812
v 0.164062 -0.929688 -0.632812
v 0.000000 -0.945312 -0.640625
v 0.000000 0.046875 -0.726562
v 0.000000 0.210938 -0.765625
v -0.328125 0.476562 -0.742188
v 0.328125 0.476562 -0.742188
v -0.164062 0.140625 -0.750000
v 0.164062 0.140625 -0.750000
v -0.132812 0.210938 -0.757812
v 0.132812 0.210938 -0.757812
v -0.117188 -0.687500 -0.734375
v 0.117188 -0.687500 -0.734375
v -0.078125 -0.445312 -0.750000
v 0.078125 -0.445312 -0.750000
v 0.000000 -0.445312 -0.750000
v 0.000000 -0.328125 -0.742188
v -0.093750 -0.273438 -0.781250
v 0.093750 -0.273438 -0.781250
v -0.132812 -0.226562 -0.796875
v 0.132812 -0.226562 -0.796875
v -0.109375 -0.132812 -0.781250
v 0.109375 -0.132812 -0.781250
v -0.039062 -0.125000 -0.781250
v 0.039062 -0.125000 -0.781250
v 0.000000 -0.203125 -0.828125
v -0.046875 -0.148438 -0.812500
v 0.046875 -0.148438 -0.812500
v -0.093750 -0.156250 -0.812500
v 0.093750 -0.156250 -0.812500
v -0.109375 -0.226562 -0.828125
v 0.109375 -0.226562 -0.828125
v -0.078125 -0.250000 -0.804688
v 0.078125 -0.250000 -0.804688
v 0.000000 -0.289062 -0.804688
v -0.257812 -0.312500 -0.554688
v 0.257812 -0.312500 -0.554688
v -0.164062 -0.242188 -0.710938
v 0.164062 -0.242188 -0.710938
v -0.179688 -0.312500 -0.710938
v 0.179688 -0.312500 -0.710938
v -0.234375 -0.250000 -0.554688
v 0.234375 -0.250000 -0.554688
v 0.000000 -0.875000 -0.687500
v -0.046875 -0.867188 -0.687500
v 0.046875 -0.867188 -0.687500
v -0.093750 -0.820312 -0.710938
v 0.093750 -0.820312 -0.710938
v -0.093750 -0.742188 -0.726562
v 0.093750 -0.742188 -0.726562
v 0.000000 -0.781250 -0.656250
v -0.093750 -0.750000 -0.664062
v 0.093750 -0.750000 -0.664062
v -0.093750 -0.812500 -0.640625
v 0.093750 -0.812500 -0.640625
v -0.046875 -0.851562 -0.632812
v 0.046875 -0.851562 -0.632812
v 0.000000 -0.859375 -0.632812
v -0.171875 0.218750 -0.781250
v 0.171875 0.218750 -0.781250
v -0.187500 0.156250 -0.773438
v 0.187500 0.156250 -0.773438
v -0.335938 0.429688 -0.757812
v 0.335938 0.429688 -0.757812
v -0.273438 0.421875 -0.773438
v 0.273438 0.421875 -0.773438
v -0.421875 0.398438 -0.773438
v 0.421875 0.398438 -0.773438
v -0.562500 0.351562 -0.695312
v 0.562500 0.351562 -0.695312
v -0.585938 0.289062 -0.687500
v 0.585938 0.289062 -0.687500
v -0.578125 0.195312 -0.679688
v 0.578125 0.195312 -0.679688
v -0.476562 0.101562 -0.718750
v 0.476562 0.101562 -0.718750
v -0.375000 0.062500 -0.742188
v 0.375000 0.062500 -0.742188
v -0.226562 0.109375 -0.781250
v 0.226562 0.109375 -0.781250
v -0.179688 0.296875 -0.781250
v 0.179688 0.296875 -0.781250
v -0.210938 0.375000 -0.781250
v 0.210938 0.375000 -0.781250
v -0.234375 0.359375 -0.757812
v 0.234375 0.359375 -0.757812
v -0.195312 0.296875 -0.757812
v 0.195312 0.296875 -0.757812
v -0.242188 0.125000 -0.757812
v 0.242188 0.125000 -0.757812
v -0.375000 0.085938 -0.726562
v 0.375000 0.085938 -0.726562
v -0.460938 0.117188 -0.703125
v 0.460938 0.117188 -0.703125
v -0.546875 0.210938 -0.671875
v 0.546875 0.210938 -0.671875
v -0.554688 0.281250 -0.671875
v 0.554688 0.281250 -0.671875
v -0.531250 0.335938 -0.679688
v 0.531250 0.335938 -0.679688
v -0.414062 0.390625 -0.750000
v 0.414062 0.390625 -0.750000
v -0.281250 0.398438 -0.765625
v 0.281250 0.398438 -0.765625
v -0.335938 0.406250 -0.750000
v 0.335938 0.406250 -0.750000
v -0.203125 0.171875 -0.750000
v 0.203125 0.171875 -0.750000
v -0.195312 0.226562 -0.750000
v 0.195312 0.226562 -0.750000
v -0.109375 0.460938 -0.609375
v 0.109375 0.460938 -0.609375
v -0.195312 0.664062 -0.617188
v 0.195312 0.664062 -0.617188
v -0.335938 0.687500 -0.593750
v 0.335938 0.687500 -0.593750
v -0.484375 0.554688 -0.554688
v 0.484375 0.554688 -0.554688
v -0.679688 0.453125 -0.492188
v 0.679688 0.453125 -0.492188
v -0.796875 0.406250 -0.460938
v 0.796875 0.406250 -0.460938
v -0.773438 0.164062 -0.375000
v 0.773438 0.164062 -0.375000
v -0.601562 -0.000000 -0.414062
v 0.601562 -0.000000 -0.414062
v -0.437500 -0.093750 -0.468750
v 0.437500 -0.093750 -0.468750
v 0.000000 0.898438 -0.289062
v 0.000000 0.984375 0.078125
v 0.000000 -0.195312 0.671875
v 0.000000 -0.460938 -0.187500
v 0.000000 -0.976562 -0.460938
v 0.000000 -0.804688 -0.343750
v 0.000000 -0.570312 -0.320312
v 0.000000 -0.484375 -0.281250
v -0.851562 0.234375 -0.054688
v 0.851562 0.234375 -0.054688
v -0.859375 0.320312 0.046875
v 0.859375 0.320312 0.046875
v -0.773438 0.265625 0.437500
v 0.773438 0.265625 0.437500
v -0.460938 0.437500 0.703125
v 0.460938 0.437500 0.703125
v -0.734375 -0.046875 -0.070312
v 0.734375 -0.046875 -0.070312
v -0.593750 -0.125000 0.164062
v 0.593750 -0.125000 0.164062
v -0.640625 -0.007812 0.429688
v 0.640625 -0.007812 0.429688
v -0.335938 0.054688 0.664062
v 0.335938 0.054688 0.664062
v -0.234375 -0.351562 -0.406250
v 0.234375 -0.351562 -0.406250
v -0.179688 -0.414062 -0.257812
v 0.179688 -0.414062 -0.257812
v -0.289062 -0.710938 -0.382812
v 0.289062 -0.710938 -0.382812
v -0.250000 -0.500000 -0.390625
v 0.250000 -0.500000 -0.390625
v -0.328125 -0.914062 -0.398438
v 0.328125 -0.914062 -0.398438
v -0.140625 -0.757812 -0.367188
v 0.140625 -0.757812 -0.367188
v -0.125000 -0.539062 -0.359375
v 0.125000 -0.539062 -0.359375
v -0.164062 -0.945312 -0.437500
v 0.164062 -0.945312 -0.437500
v -0.218750 -0.281250 -0.429688
v 0.218750 -0.281250 -0.429688
v -0.210938 -0.226562 -0.468750
v 0.210938 -0.226562 -0.468750
v -0.203125 -0.171875 -0.500000
v 0.203125 -0.171875 -0.500000
v -0.210938 -0.390625 -0.164062
v 0.210938 -0.390625 -0.164062
v -0.296875 -0.312500 0.265625
v 0.296875 -0.312500 0.265625
v -0.343750 -0.148438 0.539062
v 0.343750 -0.148438 0.539062
v -0.453125 0.867188 0.382812
v 0.453125 0.867188 0.382812
v -0.453125 0.929688 0.070312
v 0.453125 0.929688 0.070312
v -0.453125 0.851562 -0.234375
v 0.453125 0.851562 -0.234375
v -0.460938 0.523438 -0.429688
v 0.460938 0.523438 -0.429688
v -0.726562 0.406250 -0.335938
v 0.726562 0.406250 -0.335938
v -0.632812 0.453125 -0.281250
v 0.632812 0.453125 -0.281250
v -0.640625 0.703125 -0.054688
v 0.640625 0.703125 -0.054688
v -0.796875 0.562500 -0.125000
v 0.796875 0.562500 -0.125000
v -0.796875 0.617188 0.117188
v 0.796875 0.617188 0.117188
v -0.640625 0.750000 0.195312
v 0.640625 0.750000 0.195312
v -0.640625 0.679688 0.445312
v 0.640625 0.679688 0.445312
v -0.796875 0.539062 0.359375
v 0.796875 0.539062 0.359375
v -0.617188 0.328125 0.585938
v 0.617188 0.328125 0.585938
v -0.484375 0.023438 0.546875
v 0.484375 0.023438 0.546875
v -0.820312 0.328125 0.203125
v 0.820312 0.328125 0.203125
v -0.406250 -0.171875 -0.148438
v 0.406250 -0.171875 -0.148438
v -0.429688 -0.195312 0.210938
v 0.429688 -0.195312 0.210938
v -0.890625 0.406250 0.234375
v 0.890625 0.406250 0.234375
v -0.773438 -0.140625 0.125000
v 0.773438 -0.140625 0.125000
v -1.039062 -0.101562 0.328125
v 1.039062 -0.101562 0.328125
v -1.281250 0.054688 0.429688
v 1.281250 0.054688 0.429688
v -1.351562 0.320312 0.421875
v 1.351562 0.320312 0.421875
v -1.234375 0.507812 0.421875
v 1.234375 0.507812 0.421875
v -1.023438 0.476562 0.312500
v 1.023438 0.476562 0.312500
v -1.015625 0.414062 0.289062
v 1.015625 0.414062 0.289062
v -1.187500 0.437500 0.390625
v 1.187500 0.437500 0.390625
v -1.265625 0.289062 0.406250
v 1.265625 0.289062 0.406250
v -1.210938 0.078125 0.406250
v 1.210938 0.078125 0.406250
v -1.031250 -0.039062 0.304688
v 1.031250 -0.039062 0.304688
v -0.828125 -0.070312 0.132812
v 0.828125 -0.070312 0.132812
v -0.921875 0.359375 0.218750
v 0.921875 0.359375 0.218750
v -0.945312 0.304688 0.289062
v 0.945312 0.304688 0.289062
v -0.882812 -0.023438 0.210938
v 0.882812 -0.023438 0.210938
v -1.039062 0.000000 0.367188
v 1.039062 0.000000 0.367188
v -1.187500 0.093750 0.445312
v 1.187500 0.093750 0.445312
v -1.234375 0.250000 0.445312
v 1.234375 0.250000 0.445312
v -1.171875 0.359375 0.437500
v 1.171875 0.359375 0.437500
v -1.023438 0.343750 0.359375
v 1.023438 0.343750 0.359375
v -0.843750 0.289062 0.210938
v 0.843750 0.289062 0.210938
v -0.835938 0.171875 0.273438
v 0.835938 0.171875 0.273438
v -0.757812 0.093750 0.273438
v 0.757812 0.093750 0.273438
v -0.820312 0.085938 0.273438
v 0.820312 0.085938 0.273438
v -0.843750 0.015625 0.273438
v 0.843750 0.015625 0.273438
v -0.812500 -0.015625 0.273438
v 0.812500 -0.015625 0.273438
v -0.726562 0.000000 0.070312
v 0.726562 0.000000 0.070312
v -0.718750 -0.023438 0.171875
v 0.718750 -0.023438 0.171875
v -0.718750 0.039062 0.187500
v 0.718750 0.039062 0.187500
v -0.796875 0.203125 0.210938
v 0.796875 0.203125 0.210938
v -0.890625 0.242188 0.265625
v 0.890625 0.242188 0.265625
v -0.890625 0.234375 0.320312
v 0.890625 0.234375 0.320312
v -0.812500 -0.015625 0.320312
v 0.812500 -0.015625 0.320312
v -0.851562 0.015625 0.320312
v 0.851562 0.015625 0.320312
v -0.828125 0.078125 0.320312
v 0.828125 0.078125 0.320312
v -0.765625 0.093750 0.320312
v 0.765625 0.093750 0.320312
v -0.843750 0.171875 0.320312
v 0.843750 0.171875 0.320312
v -1.039062 0.328125 0.414062
v 1.039062 0.328125 0.414062
v -1.187500 0.343750 0.484375
v 1.187500 0.343750 0.484375
v -1.257812 0.242188 0.492188
v 1.257812 0.242188 0.492188
v -1.210938 0.085938 0.484375
v 1.210938 0.085938 0.484375
v -1.046875 0.000000 0.421875
v 1.046875 0.000000 0.421875
v -0.882812 -0.015625 0.265625
v 0.882812 -0.015625 0.265625
v -0.953125 0.289062 0.343750
v 0.953125 0.289062 0.343750
v -0.890625 0.109375 0.328125
v 0.890625 0.109375 0.328125
v -0.937500 0.062500 0.335938
v 0.937500 0.062500 0.335938
v -1.000000 0.125000 0.367188
v 1.000000 0.125000 0.367188
v -0.960938 0.171875 0.351562
v 0.960938 0.171875 0.351562
v -1.015625 0.234375 0.375000
v 1.015625 0.234375 0.375000
v -1.054688 0.187500 0.382812
v 1.054688 0.187500 0.382812
v -1.109375 0.210938 0.390625
v 1.109375 0.210938 0.390625
v -1.085938 0.273438 0.390625
v 1.085938 0.273438 0.390625
v -1.023438 0.437500 0.484375
v 1.023438 0.437500 0.484375
v -1.250000 0.468750 0.546875
v 1.250000 0.468750 0.546875
v -1.367188 0.296875 0.500000
v 1.367188 0.296875 0.500000
v -1.312500 0.054688 0.531250
v 1.312500 0.054688 0.531250
v -1.039062 -0.085938 0.492188
v 1.039062 -0.085938 0.492188
v -0.789062 -0.125000 0.328125
v 0.789062 -0.125000 0.328125
v -0.859375 0.382812 0.382812
v 0.859375 0.382812 0.382812
vn -0.6650 -0.2007 -0.7194
vn 0.6650 -0.2007 -0.7194
vn -0.8294 -0.3036 -0.4689
vn 0.8294 -0.3036 -0.4689
vn -0.4155 -0.7933 -0.4449
vn 0.4155 -0.7933 -0.4449
vn -0.3599 -0.5089 -0.7820
vn 0.3599 -0.5089 -0.7820
vn 0.0787 -0.5394 -0.8384
vn -0.0787 -0.5394 -0.8384
vn 0.2696 -0.8413 -0.4685
vn -0.2696 -0.8413 -0.4685
vn 0.7707 -0.3352 -0.5420
vn -0.7707 -0.3352 -0.5420
vn 0.4689 -0.1940 -0.8617
vn -0.4689 -0.1940 -0.8617
vn 0.4767 0.1907 -0.8581
vn -0.4767 0.1907 -0.8581
vn 0.7672 0.3264 -0.5521
vn -0.7672 0.3264 -0.5521
vn 0.2519 0.8173 -0.5182
vn -0.2519 0.8173 -0.5182
vn 0.0949 0.5696 -0.8164
vn -0.0949 0.5696 -0.8164
vn -0.3667 0.5370 -0.7597
vn 0.3667 0.5370 -0.7597
vn -0.4141 0.7672 -0.4898
vn 0.4141 0.7672 -0.4898
vn -0.8277 0.2952 -0.4771
vn 0.8277 0.2952 -0.4771
vn -0.6713 0.1971 -0.7145
vn 0.6713 0.1971 -0.7145
vn -0.8111 0.3244 0.4866
vn 0.8111 0.3244 0.4866
vn -0.2051 0.8206 0.5334
vn 0.2051 0.8206 0.5334
vn 0.4223 0.7806 0.4607
vn -0.4223 0.7806 0.4607
vn 0.8240 0.3225 0.4658
vn -0.8240 0.3225 0.4658
vn 0.8137 -0.3487 0.4650
vn -0.8137 -0.3487 0.4650
vn 0.4223 -0.7807 0.4607
vn -0.4223 -0.7807 0.4607
vn -0.2052 -0.8206 0.5334
vn 0.2052 -0.8206 0.5334
vn -0.7995 -0.3510 0.4875
vn 0.7995 -0.3510 0.4875
vn -0.4000 -0.0623 -0.9144
vn 0.4000 -0.0623 -0.9144
vn -0.3069 -0.1754 -0.9354
vn 0.3069 -0.1754 -0.9354
vn -0.0945 -0.1835 -0.9785
vn 0.0945 -0.1835 -0.9785
vn 0.0624 -0.0283 -0.9977
vn -0.0624 -0.0283 -0.9977
vn 0.0624 0.0260 -0.9977
vn -0.0624 0.0260 -0.9977
vn -0.0996 0.1729 -0.9799
vn 0.0996 0.1729 -0.9799
vn -0.3036 0.1656 -0.9383
vn 0.3036 0.1656 -0.9383
vn -0.4002 0.0572 -0.9147
vn 0.4002 0.0572 -0.9147
vn -0.1231 -0.8616 -0.4924
vn 0.1231 -0.8616 -0.4924
vn -0.2190 -0.8647 -0.4520
vn 0.2190 -0.8647 -0.4520
vn -0.5902 -0.4550 -0.6668
vn 0.5902 -0.4550 -0.6668
vn -0.7689 -0.0506 -0.6374
vn 0.7689 -0.0506 -0.6374
vn -0.7797 0.0900 -0.6197
vn 0.7797 0.0900 -0.6197
vn -0.3241 -0.8188 -0.4739
vn 0.3241 -0.8188 -0.4739
vn -0.3857 -0.6629 -0.6417
vn 0.3857 -0.6629 -0.6417
vn -0.6895 -0.4193 -0.5906
vn 0.6895 -0.4193 -0.5906
vn -0.6588 -0.3635 -0.6587
vn 0.6588 -0.3635 -0.6587
vn -0.5465 0.3707 -0.7509
vn 0.5465 0.3707 -0.7509
vn -0.5064 0.6464 -0.5706
vn 0.5064 0.6464 -0.5706
vn -0.6092 0.5167 -0.6015
vn 0.6092 0.5167 -0.6015
vn 0.0441 0.6610 -0.7491
vn -0.0441 0.6610 -0.7491
vn 0.7246 0.3187 -0.6110
vn -0.7246 0.3187 -0.6110
vn 0.5880 0.5554 -0.5880
vn -0.5880 0.5554 -0.5880
vn -0.5361 -0.3909 -0.7482
vn 0.5361 -0.3909 -0.7482
vn -0.2207 -0.4690 -0.8552
vn 0.2207 -0.4690 -0.8552
vn 0.0794 -0.5321 -0.8429
vn -0.0794 -0.5321 -0.8429
vn 0.0825 -0.6575 -0.7490
vn -0.0825 -0.6575 -0.7490
vn -0.0457 -0.5667 -0.8226
vn 0.0457 -0.5667 -0.8226
vn -0.2784 -0.2130 -0.9365
vn 0.2784 -0.2130 -0.9365
vn -0.3813 -0.1824 -0.9063
vn 0.3813 -0.1824 -0.9063
vn -0.3357 -0.2878 -0.8969
vn 0.3357 -0.2878 -0.8969
vn -0.3762 0.0603 -0.9246
vn 0.3762 0.0603 -0.9246
vn 0.1352 0.2680 -0.9539
vn -0.1352 0.2680 -0.9539
vn -0.3961 -0.4321 -0.8102
vn 0.3961 -0.4321 -0.8102
vn -0.1856 -0.2474 -0.9510
vn 0.1856 -0.2474 -0.9510
vn -0.0099 -0.1948 -0.9808
vn 0.0099 -0.1948 -0.9808
vn -0.0721 -0.6966 -0.7138
vn 0.0721 -0.6966 -0.7138
vn -0.1863 -0.5723 -0.7986
vn 0.1863 -0.5723 -0.7986
vn -0.3157 -0.2708 -0.9094
vn 0.3157 -0.2708 -0.9094
vn -0.3063 -0.0265 -0.9516
vn 0.3063 -0.0265 -0.9516
vn -0.3266 -0.1306 -0.9361
vn 0.3266 -0.1306 -0.9361
vn 0.0137 0.0574 -0.9983
vn -0.0137 0.0574 -0.9983
vn 0.0026 -0.0656 -0.9978
vn -0.0000 -0.0656 -0.9978
vn -0.0026 -0.0656 -0.9978
vn -0.0000 -0.0000 -1.0000
vn -0.8174 -0.5744 0.0442
vn 0.8174 -0.5744 0.0442
vn -0.9494 0.2297 0.2144
vn 0.9494 0.2297 0.2144
vn -0.0825 0.9073 0.4124
vn 0.0825 0.9073 0.4124
vn 0.8836 0.3555 -0.3047
vn -0.8836 0.3555 -0.3047
vn -0.4207 -0.8797 -0.2218
vn 0.4207 -0.8797 -0.2218
vn -0.2873 -0.5747 -0.7663
vn 0.2873 -0.5747 -0.7663
vn 0.6542 0.6019 -0.4580
vn -0.6542 0.6019 -0.4580
vn -0.1052 0.7892 -0.6051
vn 0.1052 0.7892 -0.6051
vn -0.7582 0.2916 -0.5832
vn 0.7582 0.2916 -0.5832
vn -0.3889 -0.7130 -0.5834
vn 0.3889 -0.7130 -0.5834
vn -0.0463 0.2314 -0.9718
vn 0.0463 0.2314 -0.9718
vn -0.0335 -0.4018 -0.9151
vn 0.0335 -0.4018 -0.9151
vn 0.4452 -0.1610 -0.8809
vn -0.4452 -0.1610 -0.8809
vn 0.2182 -0.4364 -0.8729
vn -0.2182 -0.4364 -0.8729
vn -0.4341 -0.1290 -0.8916
vn 0.4341 -0.1290 -0.8916
vn -0.3008 0.0501 -0.9524
vn 0.3008 0.0501 -0.9524
vn -0.8123 0.3010 -0.4996
vn 0.8123 0.3010 -0.4996
vn -0.8753 0.2574 -0.4093
vn 0.8753 0.2574 -0.4093
vn -0.9385 0.1601 -0.3060
vn 0.9385 0.1601 -0.3060
vn -0.2237 -0.6539 -0.7227
vn 0.2237 -0.6539 -0.7227
vn 0.1536 -0.1997 -0.9677
vn -0.1536 -0.1997 -0.9677
vn 0.2733 -0.1025 -0.9565
vn -0.2733 -0.1025 -0.9565
vn 0.0976 0.1952 -0.9759
vn -0.0976 0.1952 -0.9759
vn 0.1582 0.9494 -0.2713
vn -0.1582 0.9494 -0.2713
vn 0.6934 0.7082 -0.1328
vn -0.6934 0.7082 -0.1328
vn 1.0000 -0.0000 -0.0000
vn -1.0000 -0.0000 -0.0000
vn -0.3051 -0.9450 -0.1181
vn 0.3051 -0.9450 -0.1181
vn -0.0298 -0.2981 -0.9541
vn 0.0298 -0.2981 -0.9541
vn -0.1353 -0.3479 -0.9277
vn 0.1353 -0.3479 -0.9277
vn 0.5085 -0.2755 -0.8158
vn -0.5085 -0.2755 -0.8158
vn 0.3843 -0.0419 -0.9223
vn -0.3843 -0.0419 -0.9223
vn 0.2083 0.0374 -0.9774
vn -0.2083 0.0374 -0.9774
vn 0.5721 -0.4767 -0.6674
vn -0.5721 -0.4767 -0.6674
vn 0.1369 -0.7531 -0.6435
vn -0.1369 -0.7531 -0.6435
vn -0.4088 -0.6071 -0.6814
vn 0.4088 -0.6071 -0.6814
vn -0.5740 -0.4130 -0.7070
vn 0.5740 -0.4130 -0.7070
vn -0.5665 -0.0968 -0.8183
vn 0.5665 -0.0968 -0.8183
vn -0.5703 0.1180 -0.8129
vn 0.5703 0.1180 -0.8129
vn -0.4823 0.5621 -0.6719
vn 0.4823 0.5621 -0.6719
vn -0.2604 0.6114 -0.7473
vn 0.2604 0.6114 -0.7473
vn -0.1640 0.3607 -0.9182
vn 0.1640 0.3607 -0.9182
vn 0.0178 0.2495 -0.9682
vn -0.0178 0.2495 -0.9682
vn -0.3273 -0.4166 -0.8481
vn 0.3273 -0.4166 -0.8481
vn -0.2811 -0.2610 -0.9235
vn 0.2811 -0.2610 -0.9235
vn 0.2542 -0.6514 -0.7149
vn -0.2542 -0.6514 -0.7149
vn 0.0260 -0.8455 -0.5333
vn -0.0260 -0.8455 -0.5333
vn 0.3518 -0.2606 -0.8991
vn -0.3518 -0.2606 -0.8991
vn 0.3523 -0.0110 -0.9358
vn -0.3523 -0.0110 -0.9358
vn 0.1316 0.4608 -0.8777
vn -0.1316 0.4608 -0.8777
vn 0.0342 0.6159 -0.7870
vn -0.0342 0.6159 -0.7870
vn -0.3603 0.5836 -0.7277
vn 0.3603 0.5836 -0.7277
vn -0.4988 0.5300 -0.6858
vn 0.4988 0.5300 -0.6858
vn -0.6667 -0.3333 -0.6666
vn 0.6667 -0.3333 -0.6666
vn -0.8165 -0.0731 -0.5727
vn 0.8165 -0.0731 -0.5727
vn -0.7840 0.1162 -0.6098
vn 0.7840 0.1162 -0.6098
vn 0.5306 0.8111 0.2461
vn -0.5306 0.8111 0.2461
vn 0.8511 0.3695 0.3730
vn -0.8511 0.3695 0.3730
vn 0.2446 0.8675 0.4331
vn -0.2446 0.8675 0.4331
vn -0.5924 0.7465 0.3030
vn 0.5924 0.7465 0.3030
vn -0.3685 0.8758 0.3118
vn 0.3685 0.8758 0.3118
vn -0.2821 0.9151 0.2880
vn 0.2821 0.9151 0.2880
vn -0.8561 0.1340 0.4991
vn 0.8561 0.1340 0.4991
vn -0.5342 -0.7233 0.4376
vn 0.5342 -0.7233 0.4376
vn -0.3849 -0.8131 0.4368
vn 0.3849 -0.8131 0.4368
vn -0.2335 -0.5806 0.7800
vn 0.2335 -0.5806 0.7800
vn -0.2449 -0.0583 0.9678
vn 0.2449 -0.0583 0.9678
vn -0.1163 -0.4535 0.8837
vn 0.1163 -0.4535 0.8837
vn -0.1152 -0.9836 0.1388
vn 0.1152 -0.9836 0.1388
vn -0.1184 -0.9669 0.2260
vn 0.1184 -0.9669 0.2260
vn -0.9597 -0.0085 0.2808
vn 0.9597 -0.0085 0.2808
vn -0.9319 0.1629 0.3242
vn 0.9319 0.1629 0.3242
vn -0.1626 0.0207 0.9865
vn 0.1626 0.0207 0.9865
vn 0.0188 -0.2177 0.9758
vn -0.0188 -0.2177 0.9758
vn -0.7538 -0.2926 0.5884
vn 0.7538 -0.2926 0.5884
vn -0.9196 0.1379 0.3678
vn 0.9196 0.1379 0.3678
vn -0.9297 0.3127 0.1944
vn 0.9297 0.3127 0.1944
vn -0.9120 0.3376 0.2329
vn 0.9120 0.3376 0.2329
vn -0.9407 0.3338 0.0607
vn 0.9407 0.3338 0.0607
vn -0.1761 -0.8805 0.4402
vn 0.1761 -0.8805 0.4402
vn -0.3708 -0.4733 0.7991
vn 0.3708 -0.4733 0.7991
vn -0.3107 -0.8284 0.4660
vn 0.3107 -0.8284 0.4660
vn -0.2793 -0.9515 0.1287
vn 0.2793 -0.9515 0.1287
vn -0.3139 -0.9321 0.1807
vn 0.3139 -0.9321 0.1807
vn -0.9762 -0.2083 0.0609
vn 0.9762 -0.2083 0.0609
vn -0.8267 -0.5066 -0.2447
vn 0.8267 -0.5066 -0.2447
vn -0.3449 -0.1158 0.9315
vn 0.3449 -0.1158 0.9315
vn -0.1203 0.9644 -0.2355
vn 0.1203 0.9644 -0.2355
vn -0.1275 0.9744 0.1851
vn 0.1275 0.9744 0.1851
vn -0.3492 0.5947 0.7241
vn 0.3492 0.5947 0.7241
vn -0.4153 0.8981 0.1449
vn 0.4153 0.8981 0.1449
vn -0.1845 0.7036 -0.6863
vn 0.1845 0.7036 -0.6863
vn -0.6056 0.7794 -0.1608
vn 0.6056 0.7794 -0.1608
vn -0.7033 0.6806 0.2053
vn 0.7033 0.6806 0.2053
vn -0.6679 0.2007 0.7166
vn 0.6679 0.2007 0.7166
vn -0.4948 0.4342 0.7528
vn 0.4948 0.4342 0.7528
vn -0.6423 0.7459 0.1761
vn 0.6423 0.7459 0.1761
vn -0.7182 0.6788 -0.1530
vn 0.7182 0.6788 -0.1530
vn -0.7388 0.3972 -0.5444
vn 0.7388 0.3972 -0.5444
vn -0.3428 0.9261 0.1579
vn 0.3428 0.9261 0.1579
vn -0.2270 0.5740 -0.7867
vn 0.2270 0.5740 -0.7867
vn 0.1722 0.1046 0.9795
vn -0.1722 0.1046 0.9795
vn -0.0425 0.9150 -0.4013
vn 0.0425 0.9150 -0.4013
vn 0.1616 0.1847 -0.9694
vn -0.1616 0.1847 -0.9694
vn -0.9791 0.1973 -0.0483
vn 0.9791 0.1973 -0.0483
vn -0.9470 0.0918 -0.3079
vn 0.9470 0.0918 -0.3079
vn -0.9794 0.1905 0.0661
vn 0.9794 0.1905 0.0661
vn -0.9938 0.0312 0.1070
vn 0.9938 0.0312 0.1070
vn -0.7116 -0.7008 -0.0501
vn 0.7116 -0.7008 -0.0501
vn -0.3722 -0.9243 -0.0847
vn 0.3722 -0.9243 -0.0847
vn -0.4465 -0.8644 -0.2310
vn 0.4465 -0.8644 -0.2310
vn -0.6066 -0.7578 -0.2405
vn 0.6066 -0.7578 -0.2405
vn -0.7325 -0.6368 -0.2407
vn 0.7325 -0.6368 -0.2407
vn -0.2637 -0.4499 -0.8533
vn 0.2637 -0.4499 -0.8533
vn -0.5568 -0.3181 0.7673
vn 0.5568 -0.3181 0.7673
vn -0.5004 -0.2807 0.8190
vn 0.5004 -0.2807 0.8190
vn -0.3190 -0.8494 0.4205
vn 0.3190 -0.8494 0.4205
vn -0.7198 -0.6356 0.2793
vn 0.7198 -0.6356 0.2793
vn -0.4972 -0.4408 0.7473
vn 0.4972 -0.4408 0.7473
vn -0.3506 0.3807 -0.8557
vn 0.3506 0.3807 -0.8557
vn -0.4566 0.1715 -0.8730
vn 0.4566 0.1715 -0.8730
vn -0.2583 0.1055 -0.9603
vn 0.2583 0.1055 -0.9603
vn -0.2455 -0.0802 -0.9661
vn 0.2455 -0.0802 -0.9661
vn -0.4643 -0.0599 -0.8837
vn 0.4643 -0.0599 -0.8837
vn -0.6225 -0.3045 -0.7210
vn 0.6225 -0.3045 -0.7210
vn -0.4500 0.6590 -0.6027
vn 0.4500 0.6590 -0.6027
vn 0.2667 0.8309 -0.4884
vn -0.2667 0.8309 -0.4884
vn 0.8284 0.2291 -0.5111
vn -0.8284 0.2291 -0.5111
vn 0.5251 -0.3566 -0.7727
vn -0.5251 -0.3566 -0.7727
vn -0.4546 -0.5665 -0.6873
vn 0.4546 -0.5665 -0.6873
vn -0.6996 -0.4497 -0.5552
vn 0.6996 -0.4497 -0.5552
vn -0.7220 -0.6827 0.1126
vn 0.7220 -0.6827 0.1126
vn 0.1919 0.2860 -0.9388
vn -0.1919 0.2860 -0.9388
vn -0.9048 -0.3734 0.2047
vn 0.9048 -0.3734 0.2047
vn -0.1034 0.1551 -0.9825
vn 0.1034 0.1551 -0.9825
vn -0.0841 0.9318 -0.3530
vn 0.0841 0.9318 -0.3530
vn -0.6446 -0.0883 -0.7594
vn 0.6446 -0.0883 -0.7594
vn -0.4309 0.4740 -0.7678
vn 0.4309 0.4740 -0.7678
vn -0.8032 -0.4847 -0.3462
vn 0.8032 -0.4847 -0.3462
vn -0.5811 -0.4128 -0.7014
vn 0.5811 -0.4128 -0.7014
vn -0.5910 -0.4305 -0.6822
vn 0.5910 -0.4305 -0.6822
vn -0.9818 -0.1804 0.0591
vn 0.9818 -0.1804 0.0591
vn -0.9105 -0.3965 0.1175
vn 0.9105 -0.3965 0.1175
vn -0.9972 -0.0181 0.0725
vn 0.9972 -0.0181 0.0725
vn -0.7313 -0.6543 -0.1925
vn 0.7313 -0.6543 -0.1925
vn -0.7867 -0.6079 -0.1073
vn 0.7867 -0.6079 -0.1073
vn -0.7022 -0.7022 -0.1170
vn 0.7022 -0.7022 -0.1170
vn -0.1840 0.9816 0.0511
vn 0.1840 0.9816 0.0511
vn -0.9352 0.3301 -0.1284
vn 0.9352 0.3301 -0.1284
vn -0.6634 -0.7463 -0.0553
vn 0.6634 -0.7463 -0.0553
vn 0.0085 0.9970 -0.0767
vn -0.0085 0.9970 -0.0767
vn -0.6237 -0.7061 -0.3354
vn 0.6237 -0.7061 -0.3354
vn -0.2733 -0.8925 -0.3587
vn 0.2733 -0.8925 -0.3587
vn 0.8328 -0.5080 0.2200
vn -0.8328 -0.5080 0.2200
vn 0.8339 0.2377 0.4981
vn -0.8339 0.2377 0.4981
vn 0.5655 0.7847 0.2539
vn -0.5655 0.7847 0.2539
vn 0.0560 0.9962 -0.0672
vn -0.0560 0.9962 -0.0672
vn -0.1445 0.0222 -0.9893
vn 0.1445 0.0222 -0.9893
vn -0.3275 0.0645 -0.9427
vn 0.3275 0.0645 -0.9427
vn -0.3127 0.0232 -0.9496
vn 0.3127 0.0232 -0.9496
vn -0.1710 0.0274 -0.9849
vn 0.1710 0.0274 -0.9849
vn -0.3487 0.2849 -0.8929
vn 0.3487 0.2849 -0.8929
vn -0.4006 -0.0343 -0.9156
vn 0.4006 -0.0343 -0.9156
vn -0.2572 -0.0603 -0.9645
vn 0.2572 -0.0603 -0.9645
vn -0.0637 -0.0106 -0.9979
vn 0.0637 -0.0106 -0.9979
vn 0.3637 0.7039 -0.6101
vn -0.3637 0.7039 -0.6101
vn -0.6299 0.0355 -0.7759
vn 0.6299 0.0355 -0.7759
vn -0.4472 -0.2002 -0.8717
vn 0.4472 -0.2002 -0.8717
vn -0.5072 -0.2141 -0.8348
vn 0.5072 -0.2141 -0.8348
vn -0.5258 0.2619 -0.8093
vn 0.5258 0.2619 -0.8093
vn -0.2980 0.5802 -0.7580
vn 0.2980 0.5802 -0.7580
vn -0.0930 -0.9924 0.0805
vn 0.0930 -0.9924 0.0805
vn -0.5006 -0.8657 -0.0080
vn 0.5006 -0.8657 -0.0080
vn -0.9285 -0.2497 -0.2748
vn 0.9285 -0.2497 -0.2748
vn -0.8393 0.5424 0.0378
vn 0.8393 0.5424 0.0378
vn 0.2355 0.9367 0.2589
vn -0.2355 0.9367 0.2589
vn 0.4499 0.8838 0.1285
vn -0.4499 0.8838 0.1285
vn 0.5384 -0.0098 0.8427
vn -0.5384 -0.0098 0.8427
vn 0.1910 -0.0241 0.9813
vn -0.1910 -0.0241 0.9813
vn -0.4046 0.0266 0.9141
vn 0.4046 0.0266 0.9141
vn 0.7819 0.6231 -0.0197
vn -0.7819 0.6231 -0.0197
vn -0.5428 -0.2063 0.8142
vn 0.5428 -0.2063 0.8142
vn 0.2474 -0.9231 0.2945
vn -0.2474 -0.9231 0.2945
vt 0.890955 0.590063
vt 0.870622 0.589649
vt 0.860081 0.560115
vt 0.904571 0.559404
vt 0.856226 0.850547
vt 0.868067 0.821510
vt 0.888398 0.821999
vt 0.900640 0.853232
vt 0.853018 0.521562
vt 0.920166 0.524546
vt 0.847458 0.888748
vt 0.914672 0.888748
vt 0.828900 0.590771
vt 0.798481 0.569535
vt 0.795104 0.838402
vt 0.826436 0.818537
vt 0.854402 0.604754
vt 0.852534 0.805700
vt 0.854107 0.625459
vt 0.828171 0.633354
vt 0.827598 0.775964
vt 0.853157 0.785002
vt 0.791018 0.645443
vt 0.791018 0.762238
vt 0.855181 0.668527
vt 0.842358 0.702491
vt 0.844839 0.707525
vt 0.856142 0.742025
vt 0.867508 0.642291
vt 0.867293 0.768782
vt 0.890474 0.641909
vt 0.900375 0.666964
vt 0.901223 0.745592
vt 0.890219 0.770183
vt 0.918898 0.699697
vt 0.921180 0.713713
vt 0.931889 0.636832
vt 0.968392 0.645333
vt 0.968213 0.770220
vt 0.931368 0.777093
vt 0.905882 0.627902
vt 0.904990 0.784860
vt 0.906232 0.605742
vt 0.933717 0.593037
vt 0.931250 0.820926
vt 0.904357 0.807013
vt 0.968392 0.573812
vt 0.965038 0.841671
vt 0.902359 0.607909
vt 0.889591 0.593275
vt 0.900583 0.804677
vt 0.887178 0.818729
vt 0.899781 0.626257
vt 0.898822 0.786233
vt 0.887842 0.636527
vt 0.887351 0.775442
vt 0.870908 0.635245
vt 0.870376 0.775972
vt 0.859881 0.623942
vt 0.858859 0.786774
vt 0.859664 0.608186
vt 0.857942 0.802505
vt 0.871664 0.593961
vt 0.869299 0.817249
vt 0.879400 0.616512
vt 0.878029 0.795063
vt 0.540260 0.053805
vt 0.536419 0.062072
vt 0.518925 0.059681
vt 0.518916 0.050294
vt 0.501452 0.062043
vt 0.497626 0.053770
vt 0.551930 0.058338
vt 0.542788 0.064089
vt 0.495083 0.064047
vt 0.485955 0.058273
vt 0.555073 0.061900
vt 0.546290 0.072669
vt 0.491565 0.072625
vt 0.482805 0.061829
vt 0.563812 0.076586
vt 0.548333 0.084893
vt 0.489507 0.084858
vt 0.474014 0.076511
vt 0.583135 0.108495
vt 0.555621 0.121749
vt 0.482177 0.121781
vt 0.454527 0.108481
vt 0.605512 0.165134
vt 0.647395 0.200502
vt 0.621513 0.227818
vt 0.553118 0.209599
vt 0.416514 0.229490
vt 0.389677 0.201890
vt 0.432024 0.165644
vt 0.485339 0.210053
vt 0.676379 0.233241
vt 0.664761 0.253225
vt 0.372747 0.256357
vt 0.360308 0.235899
vt 0.715342 0.265392
vt 0.683908 0.279995
vt 0.353696 0.284606
vt 0.320452 0.270303
vt 0.707254 0.310054
vt 0.687515 0.311539
vt 0.351187 0.317440
vt 0.330721 0.316853
vt 0.697446 0.332673
vt 0.676824 0.323937
vt 0.362723 0.329722
vt 0.341964 0.339667
vt 0.662817 0.372521
vt 0.639050 0.357330
vt 0.402772 0.362131
vt 0.379297 0.378686
vt 0.626842 0.395792
vt 0.618316 0.375151
vt 0.424583 0.379267
vt 0.416915 0.400552
vt 0.604826 0.397804
vt 0.600808 0.377857
vt 0.442396 0.381222
vt 0.439252 0.401540
vt 0.553095 0.390512
vt 0.559674 0.357011
vt 0.482938 0.358497
vt 0.490934 0.391862
vt 0.521923 0.386009
vt 0.521086 0.343868
vt 0.577279 0.340156
vt 0.599845 0.344815
vt 0.441977 0.347815
vt 0.464579 0.342230
vt 0.615546 0.342005
vt 0.425972 0.345582
vt 0.634472 0.332311
vt 0.406362 0.336480
vt 0.662406 0.312804
vt 0.377061 0.317685
vt 0.668440 0.297958
vt 0.370304 0.302644
vt 0.664101 0.277872
vt 0.374100 0.281778
vt 0.639236 0.253047
vt 0.398938 0.255633
vt 0.613992 0.242662
vt 0.424464 0.244473
vt 0.572941 0.258564
vt 0.466409 0.259709
vt 0.563905 0.272007
vt 0.519760 0.248864
vt 0.475886 0.273078
vt 0.558527 0.316594
vt 0.482619 0.317843
vt 0.520277 0.294764
vt 0.556923 0.291214
vt 0.483433 0.292249
vt 0.525483 0.068967
vt 0.518928 0.067899
vt 0.512375 0.068956
vt 0.531231 0.073829
vt 0.506626 0.073811
vt 0.531019 0.087431
vt 0.506827 0.087416
vt 0.532042 0.127713
vt 0.532669 0.090920
vt 0.505177 0.090908
vt 0.505828 0.127728
vt 0.538112 0.158382
vt 0.518981 0.151749
vt 0.518941 0.128358
vt 0.499851 0.158434
vt 0.518925 0.093952
vt 0.518927 0.085180
vt 0.548362 0.173560
vt 0.537959 0.175966
vt 0.535214 0.166808
vt 0.502799 0.166857
vt 0.500100 0.176033
vt 0.489683 0.173693
vt 0.544281 0.193366
vt 0.537248 0.187577
vt 0.500890 0.187571
vt 0.493996 0.193428
vt 0.519841 0.200843
vt 0.528757 0.191785
vt 0.509219 0.191626
vt 0.517577 0.190607
vt 0.519132 0.185382
vt 0.518998 0.159028
vt 0.531131 0.171631
vt 0.519016 0.165599
vt 0.506910 0.171667
vt 0.519099 0.179457
vt 0.528222 0.186316
vt 0.509787 0.186260
vt 0.533528 0.184215
vt 0.504547 0.184206
vt 0.533449 0.176739
vt 0.504604 0.176791
vt 0.561572 0.167779
vt 0.476363 0.167996
vt 0.559475 0.149319
vt 0.478371 0.149447
vt 0.596138 0.133426
vt 0.441395 0.133592
vt 0.601169 0.147885
vt 0.436337 0.148194
vt 0.518925 0.083865
vt 0.528933 0.084957
vt 0.508915 0.084945
vt 0.529036 0.075429
vt 0.508820 0.075415
vt 0.523751 0.070508
vt 0.514106 0.070501
vt 0.518929 0.069468
vt 0.521560 0.074970
vt 0.518928 0.074259
vt 0.516297 0.074966
vt 0.524236 0.076691
vt 0.513619 0.076684
vt 0.524601 0.079886
vt 0.513252 0.079879
vt 0.518926 0.079331
vt 0.571787 0.277295
vt 0.568351 0.292904
vt 0.468070 0.278617
vt 0.471978 0.294282
vt 0.573085 0.311386
vt 0.467790 0.313081
vt 0.584855 0.327708
vt 0.456477 0.329961
vt 0.580734 0.266620
vt 0.458737 0.268049
vt 0.611720 0.255725
vt 0.427062 0.257728
vt 0.632494 0.262853
vt 0.406068 0.265508
vt 0.653658 0.279971
vt 0.384904 0.283634
vt 0.656064 0.297636
vt 0.383015 0.301864
vt 0.652752 0.310186
vt 0.386858 0.314615
vt 0.629040 0.323864
vt 0.411556 0.327673
vt 0.614408 0.331972
vt 0.426727 0.335361
vt 0.601033 0.333624
vt 0.440344 0.336537
vt 0.590644 0.321516
vt 0.601799 0.328453
vt 0.450408 0.323919
vt 0.439372 0.331331
vt 0.613335 0.327083
vt 0.427623 0.330358
vt 0.626851 0.320513
vt 0.413648 0.324175
vt 0.646248 0.306421
vt 0.393381 0.310510
vt 0.649541 0.296225
vt 0.389662 0.300183
vt 0.647785 0.283486
vt 0.391040 0.287071
vt 0.629829 0.267263
vt 0.408893 0.269959
vt 0.612641 0.261560
vt 0.426254 0.263693
vt 0.585166 0.270991
vt 0.454369 0.272583
vt 0.578124 0.281900
vt 0.461798 0.283441
vt 0.579548 0.309340
vt 0.461204 0.311233
vt 0.577524 0.293776
vt 0.462754 0.295432
vt 0.553209 0.433063
vt 0.523031 0.433628
vt 0.492809 0.434538
vt 0.609819 0.431516
vt 0.435860 0.435740
vt 0.648174 0.419316
vt 0.396518 0.425416
vt 0.692106 0.388274
vt 0.350292 0.396229
vt 0.726332 0.341754
vt 0.312756 0.350588
vt 0.735879 0.312112
vt 0.301067 0.320593
vt 0.729900 0.256393
vt 0.304876 0.261087
vt 0.698172 0.216906
vt 0.337414 0.219179
vt 0.663103 0.190671
vt 0.373474 0.191872
vt 0.626908 0.015608
vt 0.649444 0.022378
vt 0.660451 0.076084
vt 0.621440 0.048089
vt 0.376796 0.075296
vt 0.388827 0.021586
vt 0.411318 0.015131
vt 0.416419 0.047631
vt 0.567460 0.000144
vt 0.577206 0.032801
vt 0.470636 0.000144
vt 0.460782 0.032656
vt 0.518922 0.024886
vt 0.547413 0.041724
vt 0.490511 0.041669
vt 0.558059 0.053871
vt 0.479842 0.053785
vt 0.576951 0.057998
vt 0.460920 0.057845
vt 0.611687 0.078268
vt 0.425932 0.077985
vt 0.626663 0.111357
vt 0.410618 0.111244
vt 0.629482 0.130456
vt 0.623495 0.146796
vt 0.413741 0.147158
vt 0.407648 0.130594
vt 0.619303 0.159841
vt 0.418035 0.160361
vt 0.945900 0.079569
vt 0.886245 0.121777
vt 0.849114 0.099732
vt 0.891780 0.036916
vt 0.183115 0.092127
vt 0.141314 0.112482
vt 0.078961 0.060719
vt 0.142277 0.021467
vt 0.788458 0.080826
vt 0.805584 0.010786
vt 0.246353 0.076510
vt 0.232648 0.003484
vt 0.687018 0.077204
vt 0.672384 0.022201
vt 0.349875 0.075955
vt 0.365979 0.020991
vt 0.760215 0.193244
vt 0.789046 0.233323
vt 0.271553 0.193871
vt 0.241255 0.236977
vt 0.994525 0.167705
vt 0.909112 0.183261
vt 0.107928 0.179083
vt 0.011829 0.155367
vt 0.911671 0.402429
vt 0.862868 0.338556
vt 0.894128 0.301884
vt 0.962901 0.344752
vt 0.123776 0.315519
vt 0.160557 0.356821
vt 0.106400 0.432652
vt 0.043968 0.367038
vt 0.915360 0.259804
vt 0.999856 0.254640
vt 0.098965 0.266968
vt 0.000144 0.259113
vt 0.749542 0.334683
vt 0.766337 0.300809
vt 0.789162 0.313727
vt 0.267408 0.310142
vt 0.288183 0.346496
vt 0.242992 0.325552
vt 0.815314 0.276388
vt 0.846174 0.293397
vt 0.213065 0.285164
vt 0.178537 0.304983
vt 0.845007 0.256352
vt 0.873517 0.265922
vt 0.179662 0.263312
vt 0.147089 0.274284
vt 0.859075 0.228168
vt 0.886999 0.233769
vt 0.162803 0.231720
vt 0.131514 0.237587
vt 0.842355 0.195160
vt 0.875030 0.184705
vt 0.145224 0.182749
vt 0.176788 0.196179
vt 0.794286 0.364062
vt 0.239776 0.382592
vt 0.770185 0.379538
vt 0.268122 0.398737
vt 0.845499 0.449967
vt 0.185281 0.484099
vt 0.815858 0.445381
vt 0.770572 0.444261
vt 0.755700 0.418603
vt 0.287033 0.442912
vt 0.271364 0.473316
vt 0.219260 0.477186
vt 0.819845 0.468071
vt 0.215894 0.503605
vt 0.809631 0.233887
vt 0.219168 0.237388
vt 0.829287 0.219562
vt 0.199067 0.222464
vt 0.786480 0.117591
vt 0.715482 0.139727
vt 0.246666 0.114850
vt 0.319538 0.139409
vt 0.785486 0.152330
vt 0.245969 0.151002
vt 0.837382 0.156361
vt 0.858171 0.137775
vt 0.171653 0.132294
vt 0.196622 0.155241
vt 0.506166 0.904851
vt 0.432388 0.894943
vt 0.438797 0.870229
vt 0.491058 0.881714
vt 0.315867 0.868209
vt 0.321637 0.893225
vt 0.247207 0.901159
vt 0.263032 0.878321
vt 0.572792 0.860484
vt 0.604825 0.879946
vt 0.181486 0.854693
vt 0.148729 0.873349
vt 0.586396 0.793977
vt 0.619962 0.791615
vt 0.169745 0.787474
vt 0.136063 0.784093
vt 0.549027 0.746412
vt 0.563786 0.739211
vt 0.208656 0.740879
vt 0.194086 0.733241
vt 0.500314 0.711729
vt 0.508270 0.697693
vt 0.258399 0.707497
vt 0.250811 0.693249
vt 0.438641 0.680683
vt 0.434803 0.658882
vt 0.320962 0.677959
vt 0.325318 0.656224
vt 0.505666 0.730944
vt 0.452955 0.700023
vt 0.306136 0.696976
vt 0.252524 0.726592
vt 0.542850 0.755753
vt 0.214575 0.750414
vt 0.568148 0.787367
vt 0.188269 0.781375
vt 0.555495 0.826352
vt 0.199850 0.820889
vt 0.501231 0.844356
vt 0.253846 0.840502
vt 0.457832 0.840040
vt 0.297562 0.837358
vt 0.796021 0.176969
vt 0.783193 0.187449
vt 0.233625 0.175620
vt 0.246955 0.187075
vt 0.391039 0.611891
vt 0.394766 0.686125
vt 0.369913 0.610196
vt 0.364838 0.684445
vt 0.391747 0.862097
vt 0.401605 0.841460
vt 0.354026 0.840297
vt 0.363377 0.861308
vt 0.435018 0.718280
vt 0.323658 0.715731
vt 0.433669 0.729661
vt 0.384658 0.710299
vt 0.374400 0.708969
vt 0.324726 0.727177
vt 0.410995 0.747662
vt 0.427812 0.742828
vt 0.347028 0.745816
vt 0.330270 0.740536
vt 0.418086 0.784946
vt 0.384657 0.795423
vt 0.372270 0.794472
vt 0.338952 0.783073
vt 0.431333 0.817535
vt 0.324790 0.815460
vt 0.816266 0.203086
vt 0.825107 0.209762
vt 0.199767 0.214827
vt 0.209828 0.206161
vt 0.802192 0.184609
vt 0.226485 0.183086
vt 0.448505 0.804621
vt 0.473386 0.824700
vt 0.307886 0.802031
vt 0.282357 0.821525
vt 0.435868 0.779569
vt 0.321237 0.777208
vt 0.423718 0.754191
vt 0.334089 0.752045
vt 0.437950 0.749777
vt 0.319919 0.747250
vt 0.445392 0.731997
vt 0.312907 0.729222
vt 0.440995 0.724383
vt 0.317510 0.721697
vt 0.455277 0.713731
vt 0.303460 0.710657
vt 0.512485 0.828811
vt 0.242975 0.824574
vt 0.550942 0.811814
vt 0.204839 0.806417
vt 0.552139 0.787682
vt 0.204331 0.782156
vt 0.539407 0.764539
vt 0.217774 0.759319
vt 0.508439 0.743135
vt 0.249419 0.738732
vt 0.470841 0.748408
vt 0.454776 0.761665
vt 0.286960 0.745020
vt 0.302729 0.758742
vt 0.488870 0.770464
vt 0.475403 0.783904
vt 0.268291 0.766661
vt 0.281439 0.780511
vt 0.503673 0.787562
vt 0.494476 0.802470
vt 0.252972 0.783410
vt 0.261790 0.798626
vt 0.518562 0.791602
vt 0.516802 0.807339
vt 0.237920 0.787045
vt 0.239243 0.802891
vt 0.484068 0.628776
vt 0.543385 0.683538
vt 0.276936 0.625067
vt 0.216123 0.678120
vt 0.581052 0.726933
vt 0.177176 0.720426
vt 0.616701 0.759965
vt 0.140379 0.752377
vt 0.707492 0.759884
vt 0.660647 0.741167
vt 0.049526 0.748824
vt 0.097038 0.732052
vt 0.745511 0.652100
vt 0.677256 0.670436
vt 0.019409 0.639749
vt 0.083564 0.662038
vt 0.740843 0.572428
vt 0.671403 0.592656
vt 0.033664 0.564403
vt 0.092820 0.589862
vt 0.834578 0.206879
vt 0.834705 0.206959
vt 0.051216 0.522659
vt 0.145041 0.562595
vt 0.620420 0.565675
vt 0.498072 0.552315
vt 0.264218 0.550140
s 1
usemtl monkey
f 1721/1575/1518 1675/1576/1518 1677/1577/1518 1719/1578/1518
f 1678/1579/1519 1676/1580/1519 1722/1581/1519 1720/1582/1519
f 1719/1578/1520 1677/1577/1520 1679/1583/1520 1717/1584/1520
f 1680/1585/1521 1678/1579/1521 1720/1582/1521 1718/1586/1521
f 1677/1577/1522 1683/1587/1522 1681/1588/1522 1679/1583/1522
f 1682/1589/1523 1684/1590/1523 1678/1579/1523 1680/1585/1523
f 1675/1576/1524 1685/1591/1524 1683/1587/1524 1677/1577/1524
f 1684/1590/1525 1686/1592/1525 1676/1580/1525 1678/1579/1525
f 1685/1591/1526 1687/1593/1526 1689/1594/1526 1683/1587/1526
f 1690/1595/1527 1688/1596/1527 1686/1592/1527 1684/1590/1527
f 1683/1587/1528 1689/1594/1528 1691/1597/1528 1681/1588/1528
f 1692/1598/1529 1690/1595/1529 1684/1590/1529 1682/1589/1529
f 1689/1594/1530 1695/1599/1530 1693/1600/1530 1691/1597/1530
f 1694/1601/1531 1696/1602/1531 1690/1595/1531 1692/1598/1531
f 1687/1593/1532 1697/1603/1532 1695/1599/1532 1689/1594/1532
f 1696/1602/1533 1698/1604/1533 1688/1596/1533 1690/1595/1533
f 1697/1603/1534 1699/1605/1534 1701/1606/1534 1695/1599/1534
f 1702/1607/1535 1700/1608/1535 1698/1604/1535 1696/1602/1535
f 1695/1599/1536 1701/1606/1536 1703/1609/1536 1693/1600/1536
f 1704/1610/1537 1702/1607/1537 1696/1602/1537 1694/1601/1537
f 1701/1606/1538 1707/1611/1538 1705/1612/1538 1703/1609/1538
f 1706/1613/1539 1708/1614/1539 1702/1607/1539 1704/1610/1539
f 1699/1605/1540 1709/1615/1540 1707/1611/1540 1701/1606/1540
f 1708/1614/1541 1710/1616/1541 1700/1608/1541 1702/1607/1541
f 1709/1615/1542 1711/1617/1542 1713/1618/1542 1707/1611/1542
f 1714/1619/1543 1712/1620/1543 1710/1616/1543 1708/1614/1543
f 1707/1611/1544 1713/1618/1544 1715/1621/1544 1705/1612/1544
f 1716/1622/1545 1714/1619/1545 1708/1614/1545 1706/1613/1545
f 1713/1618/1546 1719/1578/1546 1717/1584/1546 1715/1621/1546
f 1718/1586/1547 1720/1582/1547 1714/1619/1547 1716/1622/1547
f 1711/1617/1548 1721/1575/1548 1719/1578/1548 1713/1618/1548
f 1720/1582/1549 1722/1581/1549 1712/1620/1549 1714/1619/1549
f 1721/1575/1550 1711/1617/1550 1725/1623/1550 1723/1624/1550
f 1726/1625/1551 1712/1620/1551 1722/1581/1551 1724/1626/1551
f 1711/1617/1552 1709/1615/1552 1727/1627/1552 1725/1623/1552
f 1728/1628/1553 1710/1616/1553 1712/1620/1553 1726/1625/1553
f 1709/1615/1554 1699/1605/1554 1729/1629/1554 1727/1627/1554
f 1730/1630/1555 1700/1608/1555 1710/1616/1555 1728/1628/1555
f 1699/1605/1556 1697/1603/1556 1731/1631/1556 1729/1629/1556
f 1732/1632/1557 1698/1604/1557 1700/1608/1557 1730/1630/1557
f 1697/1603/1558 1687/1593/1558 1733/1633/1558 1731/1631/1558
f 1734/1634/1559 1688/1596/1559 1698/1604/1559 1732/1632/1559
f 1687/1593/1560 1685/1591/1560 1737/1635/1560 1733/1633/1560
f 1738/1636/1561 1686/1592/1561 1688/1596/1561 1734/1634/1561
f 1685/1591/1562 1675/1576/1562 1739/1637/1562 1737/1635/1562
f 1740/1638/1563 1676/1580/1563 1686/1592/1563 1738/1636/1563
f 1675/1576/1564 1721/1575/1564 1723/1624/1564 1739/1637/1564
f 1724/1626/1565 1722/1581/1565 1676/1580/1565 1740/1638/1565
f 1735/1639/1566 1739/1637/1566 1723/1624/1566
f 1724/1626/1567 1740/1638/1567 1736/1640/1567
f 1737/1635/1568 1739/1637/1568 1735/1639/1568
f 1736/1640/1569 1740/1638/1569 1738/1636/1569
f 1735/1639/1570 1733/1633/1570 1737/1635/1570
f 1738/1636/1571 1734/1634/1571 1736/1640/1571
f 1735/1639/1572 1731/1631/1572 1733/1633/1572
f 1734/1634/1573 1732/1632/1573 1736/1640/1573
f 1735/1639/1574 1729/1629/1574 1731/1631/1574
f 1732/1632/1575 1730/1630/1575 1736/1640/1575
f 1735/1639/1576 1727/1627/1576 1729/1629/1576
f 1730/1630/1577 1728/1628/1577 1736/1640/1577
f 1735/1639/1578 1725/1623/1578 1727/1627/1578
f 1728/1628/1579 1726/1625/1579 1736/1640/1579
f 1735/1639/1580 1723/1624/1580 1725/1623/1580
f 1726/1625/1581 1724/1626/1581 1736/1640/1581
f 1763/1641/1582 1848/1642/1582 1850/1643/1582 1765/1644/1582
f 1850/1643/1583 1849/1645/1583 1764/1646/1583 1765/1644/1583
f 1761/1647/1584 1846/1648/1584 1848/1642/1584 1763/1641/1584
f 1849/1645/1585 1847/1649/1585 1762/1650/1585 1764/1646/1585
f 1759/1651/1586 1844/1652/1586 1846/1648/1586 1761/1647/1586
f 1847/1649/1587 1845/1653/1587 1760/1654/1587 1762/1650/1587
f 1757/1655/1588 1842/1656/1588 1844/1652/1588 1759/1651/1588
f 1845/1653/1589 1843/1657/1589 1758/1658/1589 1760/1654/1589
f 1755/1659/1590 1840/1660/1590 1842/1656/1590 1757/1655/1590
f 1843/1657/1591 1841/1661/1591 1756/1662/1591 1758/1658/1591
f 1753/1663/1592 1766/1664/1592 1820/1665/1592 1838/1666/1592
f 1821/1667/1593 1767/1668/1593 1754/1669/1593 1839/1670/1593
f 1766/1664/1594 1768/1671/1594 1822/1672/1594 1820/1665/1594
f 1823/1673/1595 1769/1674/1595 1767/1668/1595 1821/1667/1595
f 1768/1671/1596 1770/1675/1596 1824/1676/1596 1822/1672/1596
f 1825/1677/1597 1771/1678/1597 1769/1674/1597 1823/1673/1597
f 1770/1675/1598 1772/1679/1598 1826/1680/1598 1824/1676/1598
f 1827/1681/1599 1773/1682/1599 1771/1678/1599 1825/1677/1599
f 1772/1679/1600 1774/1683/1600 1828/1684/1600 1826/1680/1600
f 1829/1685/1601 1775/1686/1601 1773/1682/1601 1827/1681/1601
f 1774/1683/1602 1776/1687/1602 1830/1688/1602 1828/1684/1602
f 1831/1689/1603 1777/1690/1603 1775/1686/1603 1829/1685/1603
f 1776/1687/1604 1778/1691/1604 1832/1692/1604 1830/1688/1604
f 1833/1693/1605 1779/1694/1605 1777/1690/1605 1831/1689/1605
f 1778/1691/1606 1780/1695/1606 1834/1696/1606 1832/1692/1606
f 1835/1697/1607 1781/1698/1607 1779/1694/1607 1833/1693/1607
f 1780/1695/1608 1782/1699/1608 1836/1700/1608 1834/1696/1608
f 1837/1701/1609 1783/1702/1609 1781/1698/1609 1835/1697/1609
f 1782/1699/1610 1741/1703/1610 1742/1704/1610 1836/1700/1610
f 1742/1704/1611 1741/1703/1611 1783/1702/1611 1837/1701/1611
f 1784/1705/1612 1802/1706/1612 1834/1696/1612 1836/1700/1612
f 1835/1697/1613 1803/1707/1613 1785/1708/1613 1837/1701/1613
f 1802/1706/1614 1853/1709/1614 1832/1692/1614 1834/1696/1614
f 1833/1693/1615 1854/1710/1615 1803/1707/1615 1835/1697/1615
f 1800/1711/1616 1830/1688/1616 1832/1692/1616 1853/1709/1616
f 1833/1693/1617 1831/1689/1617 1801/1712/1617 1854/1710/1617
f 1798/1713/1618 1828/1684/1618 1830/1688/1618 1800/1711/1618
f 1831/1689/1619 1829/1685/1619 1799/1714/1619 1801/1712/1619
f 1796/1715/1620 1826/1680/1620 1828/1684/1620 1798/1713/1620
f 1829/1685/1621 1827/1681/1621 1797/1716/1621 1799/1714/1621
f 1794/1717/1622 1824/1676/1622 1826/1680/1622 1796/1715/1622
f 1827/1681/1623 1825/1677/1623 1795/1718/1623 1797/1716/1623
f 1792/1719/1624 1822/1672/1624 1824/1676/1624 1794/1717/1624
f 1825/1677/1625 1823/1673/1625 1793/1720/1625 1795/1718/1625
f 1790/1721/1626 1820/1665/1626 1822/1672/1626 1792/1719/1626
f 1823/1673/1627 1821/1667/1627 1791/1722/1627 1793/1720/1627
f 1788/1723/1628 1838/1666/1628 1820/1665/1628 1790/1721/1628
f 1821/1667/1629 1839/1670/1629 1789/1724/1629 1791/1722/1629
f 1788/1723/1630 1855/1725/1630 1851/1726/1630 1838/1666/1630
f 1851/1726/1631 1856/1727/1631 1789/1724/1631 1839/1670/1631
f 1784/1705/1632 1836/1700/1632 1742/1704/1632 1786/1728/1632
f 1742/1704/1633 1837/1701/1633 1785/1708/1633 1787/1729/1633
f 1786/1728/1634 1742/1704/1634 1852/1730/1634 1857/1731/1634
f 1852/1730/1635 1742/1704/1635 1787/1729/1635 1858/1732/1635
f 1851/1726/1636 1855/1725/1636 1857/1731/1636 1852/1730/1636
f 1858/1732/1637 1856/1727/1637 1851/1726/1637 1852/1730/1637
f 1809/1733/1638 1811/1734/1638 1850/1643/1638 1848/1642/1638
f 1850/1643/1639 1811/1734/1639 1810/1735/1639 1849/1645/1639
f 1807/1736/1640 1809/1733/1640 1848/1642/1640 1846/1648/1640
f 1849/1645/1641 1810/1735/1641 1808/1737/1641 1847/1649/1641
f 1805/1738/1642 1807/1736/1642 1846/1648/1642 1844/1652/1642
f 1847/1649/1643 1808/1737/1643 1806/1739/1643 1845/1653/1643
f 1840/1660/1644 1861/1740/1644 1859/1741/1644 1842/1656/1644
f 1860/1742/1645 1862/1743/1645 1841/1661/1645 1843/1657/1645
f 1805/1738/1646 1844/1652/1646 1842/1656/1646 1859/1741/1646
f 1843/1657/1647 1845/1653/1647 1806/1739/1647 1860/1742/1647
f 1818/1744/1648 1864/1745/1648 1863/1746/1648 1861/1740/1648
f 1863/1746/1649 1864/1745/1649 1819/1747/1649 1862/1743/1649
f 1859/1741/1650 1861/1740/1650 1863/1746/1651 1743/1748/1651
f 1863/1746/1651 1862/1743/1652 1860/1742/1652 1743/1748/1651
f 1804/1749/1653 1805/1738/1653 1859/1741/1653 1743/1748/1653
f 1860/1742/1653 1806/1739/1653 1804/1749/1653 1743/1748/1653
f 1816/1750/1654 1867/1751/1654 1865/1752/1654 1818/1744/1654
f 1866/1753/1655 1868/1754/1655 1817/1755/1655 1819/1747/1655
f 1814/1756/1656 1869/1757/1656 1867/1751/1656 1816/1750/1656
f 1868/1754/1657 1870/1758/1657 1815/1759/1657 1817/1755/1657
f 1813/1760/1658 1871/1761/1658 1869/1757/1658 1814/1756/1658
f 1870/1758/1659 1872/1762/1659 1813/1760/1659 1815/1759/1659
f 1812/1763/1660 1745/1764/1660 1871/1761/1660 1813/1760/1660
f 1872/1762/1661 1745/1764/1661 1812/1763/1661 1813/1760/1661
f 1864/1745/1662 1818/1744/1662 1865/1752/1662 1744/1765/1662
f 1866/1753/1663 1819/1747/1663 1864/1745/1663 1744/1765/1663
f 1744/1765/1664 1865/1752/1664 1880/1766/1664 1882/1767/1664
f 1881/1768/1665 1866/1753/1665 1744/1765/1665 1882/1767/1665
f 1745/1764/1666 1873/1769/1666 1874/1770/1666 1871/1761/1666
f 1875/1771/1667 1873/1769/1667 1745/1764/1667 1872/1762/1667
f 1871/1761/1668 1874/1770/1668 1876/1772/1668 1869/1757/1668
f 1877/1773/1669 1875/1771/1669 1872/1762/1669 1870/1758/1669
f 1869/1757/1670 1876/1772/1670 1878/1774/1670 1867/1751/1670
f 1879/1775/1671 1877/1773/1671 1870/1758/1671 1868/1754/1671
f 1867/1751/1672 1878/1774/1672 1880/1766/1672 1865/1752/1672
f 1881/1768/1673 1879/1775/1673 1868/1754/1673 1866/1753/1673
f 1873/1769/1674 1878/1774/1674 1876/1772/1674 1874/1770/1674
f 1877/1773/1675 1879/1775/1675 1873/1769/1675 1875/1771/1675
f 1873/1769/1676 1882/1767/1676 1880/1766/1676 1878/1774/1676
f 1881/1768/1677 1882/1767/1677 1873/1769/1677 1879/1775/1677
f 1813/1760/1678 1814/1756/1678 1838/1666/1678 1851/1726/1678
f 1839/1670/1679 1815/1759/1679 1813/1760/1679 1851/1726/1679
f 1814/1756/1680 1816/1750/1680 1885/1776/1680 1838/1666/1680
f 1886/1777/1681 1817/1755/1681 1815/1759/1681 1839/1670/1681
f 1816/1750/1682 1818/1744/1682 1887/1778/1682 1885/1776/1682
f 1888/1779/1683 1819/1747/1683 1817/1755/1683 1886/1777/1683
f 1818/1744/1684 1861/1740/1684 1840/1660/1684 1887/1778/1684
f 1841/1661/1685 1862/1743/1685 1819/1747/1685 1888/1779/1685
f 1755/1659/1686 1883/1780/1686 1887/1778/1686 1840/1660/1686
f 1888/1779/1687 1884/1781/1687 1756/1662/1687 1841/1661/1687
f 1883/1780/1688 1889/1782/1688 1885/1776/1688 1887/1778/1688
f 1886/1777/1689 1890/1783/1689 1884/1781/1689 1888/1779/1689
f 1753/1663/1690 1838/1666/1690 1885/1776/1690 1889/1782/1690
f 1886/1777/1691 1839/1670/1691 1754/1669/1691 1890/1783/1691
f 1805/1738/1692 1804/1749/1692 1746/1784/1692 1896/1785/1692
f 1746/1784/1693 1804/1749/1693 1806/1739/1693 1897/1786/1693
f 1807/1736/1694 1805/1738/1694 1896/1785/1694 1894/1787/1694
f 1897/1786/1695 1806/1739/1695 1808/1737/1695 1895/1788/1695
f 1809/1733/1696 1807/1736/1696 1894/1787/1696 1892/1789/1696
f 1895/1788/1697 1808/1737/1697 1810/1735/1697 1893/1790/1697
f 1811/1734/1698 1809/1733/1698 1892/1789/1698 1891/1791/1698
f 1893/1790/1699 1810/1735/1699 1811/1734/1699 1891/1791/1699
f 1891/1791/1700 1892/1789/1700 1903/1792/1700 1905/1793/1700
f 1904/1794/1701 1893/1790/1701 1891/1791/1701 1905/1793/1701
f 1892/1789/1702 1894/1787/1702 1901/1795/1702 1903/1792/1702
f 1902/1796/1703 1895/1788/1703 1893/1790/1703 1904/1794/1703
f 1894/1787/1704 1896/1785/1704 1899/1797/1704 1901/1795/1704
f 1900/1798/1705 1897/1786/1705 1895/1788/1705 1902/1796/1705
f 1896/1785/1706 1746/1784/1706 1898/1799/1706 1899/1797/1706
f 1898/1799/1707 1746/1784/1707 1897/1786/1707 1900/1798/1707
f 1898/1799/1708 1905/1793/1708 1903/1792/1708 1899/1797/1708
f 1904/1794/1709 1905/1793/1709 1898/1799/1709 1900/1798/1709
f 1899/1797/1710 1903/1792/1710 1901/1795/1710
f 1902/1796/1711 1904/1794/1711 1900/1798/1711
f 1857/1731/1712 1855/1725/1712 1908/1800/1712 1906/1801/1712
f 1909/1802/1713 1856/1727/1713 1858/1732/1713 1907/1803/1713
f 1786/1728/1714 1857/1731/1714 1906/1801/1714 1928/1804/1714
f 1907/1803/1715 1858/1732/1715 1787/1729/1715 1929/1805/1715
f 1784/1705/1716 1786/1728/1716 1928/1804/1716 1930/1806/1716
f 1929/1805/1717 1787/1729/1717 1785/1708/1717 1931/1807/1717
f 1855/1725/1718 1788/1723/1718 1926/1808/1718 1908/1800/1718
f 1927/1809/1719 1789/1724/1719 1856/1727/1719 1909/1802/1719
f 1788/1723/1720 1790/1721/1720 1924/1810/1720 1926/1808/1720
f 1925/1811/1721 1791/1722/1721 1789/1724/1721 1927/1809/1721
f 1790/1721/1722 1792/1719/1722 1922/1812/1722 1924/1810/1722
f 1923/1813/1723 1793/1720/1723 1791/1722/1723 1925/1811/1723
f 1792/1719/1724 1794/1717/1724 1920/1814/1724 1922/1812/1724
f 1921/1815/1725 1795/1718/1725 1793/1720/1725 1923/1813/1725
f 1794/1717/1726 1796/1715/1726 1918/1816/1726 1920/1814/1726
f 1919/1817/1727 1797/1716/1727 1795/1718/1727 1921/1815/1727
f 1796/1715/1728 1798/1713/1728 1916/1818/1728 1918/1816/1728
f 1917/1819/1729 1799/1714/1729 1797/1716/1729 1919/1817/1729
f 1798/1713/1730 1800/1711/1730 1914/1820/1730 1916/1818/1730
f 1915/1821/1731 1801/1712/1731 1799/1714/1731 1917/1819/1731
f 1800/1711/1732 1853/1709/1732 1910/1822/1732 1914/1820/1732
f 1911/1823/1733 1854/1710/1733 1801/1712/1733 1915/1821/1733
f 1853/1709/1734 1802/1706/1734 1912/1824/1734 1910/1822/1734
f 1913/1825/1735 1803/1707/1735 1854/1710/1735 1911/1823/1735
f 1802/1706/1736 1784/1705/1736 1930/1806/1736 1912/1824/1736
f 1931/1807/1737 1785/1708/1737 1803/1707/1737 1913/1825/1737
f 1912/1824/1738 1930/1806/1738 1932/1826/1738 1950/1827/1738
f 1933/1828/1739 1931/1807/1739 1913/1825/1739 1951/1829/1739
f 1910/1822/1740 1912/1824/1740 1950/1827/1740 1952/1830/1740
f 1951/1829/1741 1913/1825/1741 1911/1823/1741 1953/1831/1741
f 1914/1820/1742 1910/1822/1742 1952/1830/1742 1948/1832/1742
f 1953/1831/1743 1911/1823/1743 1915/1821/1743 1949/1833/1743
f 1916/1818/1744 1914/1820/1744 1948/1832/1744 1946/1834/1744
f 1949/1833/1745 1915/1821/1745 1917/1819/1745 1947/1835/1745
f 1918/1816/1746 1916/1818/1746 1946/1834/1746 1944/1836/1746
f 1947/1835/1747 1917/1819/1747 1919/1817/1747 1945/1837/1747
f 1920/1814/1748 1918/1816/1748 1944/1836/1748 1942/1838/1748
f 1945/1837/1749 1919/1817/1749 1921/1815/1749 1943/1839/1749
f 1922/1812/1750 1920/1814/1750 1942/1838/1750 1940/1840/1750
f 1943/1839/1751 1921/1815/1751 1923/1813/1751 1941/1841/1751
f 1924/1810/1752 1922/1812/1752 1940/1840/1752 1938/1842/1752
f 1941/1841/1753 1923/1813/1753 1925/1811/1753 1939/1843/1753
f 1926/1808/1754 1924/1810/1754 1938/1842/1754 1936/1844/1754
f 1939/1843/1755 1925/1811/1755 1927/1809/1755 1937/1845/1755
f 1908/1800/1756 1926/1808/1756 1936/1844/1756 1954/1846/1756
f 1937/1845/1757 1927/1809/1757 1909/1802/1757 1955/1847/1757
f 1930/1806/1758 1928/1804/1758 1934/1848/1758 1932/1826/1758
f 1935/1849/1759 1929/1805/1759 1931/1807/1759 1933/1828/1759
f 1928/1804/1760 1906/1801/1760 1956/1850/1760 1934/1848/1760
f 1957/1851/1761 1907/1803/1761 1929/1805/1761 1935/1849/1761
f 1906/1801/1762 1908/1800/1762 1954/1846/1762 1956/1850/1762
f 1955/1847/1763 1909/1802/1763 1907/1803/1763 1957/1851/1763
f 1741/1703/1764 1782/1699/1764 1958/1852/1764 1747/1853/1764
f 1959/1854/1765 1783/1702/1765 1741/1703/1765 1747/1853/1765
f 1782/1699/1766 1780/1695/1766 1960/1855/1766 1958/1852/1766
f 1961/1856/1767 1781/1698/1767 1783/1702/1767 1959/1854/1767
f 1780/1695/1768 1778/1691/1768 1962/1857/1768 1960/1855/1768
f 1963/1858/1769 1779/1694/1769 1781/1698/1769 1961/1856/1769
f 1778/1691/1770 1776/1687/1770 1964/1859/1770 1962/1857/1770
f 1965/1860/1771 1777/1690/1771 1779/1694/1771 1963/1858/1771
f 1776/1687/1772 1774/1683/1772 1966/1861/1772 1964/1859/1772
f 1967/1862/1773 1775/1686/1773 1777/1690/1773 1965/1860/1773
f 1774/1683/1774 1772/1679/1774 1968/1863/1774 1966/1861/1774
f 1969/1864/1775 1773/1682/1775 1775/1686/1775 1967/1862/1775
f 1772/1679/1776 1770/1675/1776 1970/1865/1776 1968/1863/1776
f 1971/1866/1777 1771/1678/1777 1773/1682/1777 1969/1864/1777
f 1770/1675/1778 1768/1671/1778 1972/1867/1778 1970/1865/1778
f 1973/1868/1779 1769/1674/1779 1771/1678/1779 1971/1866/1779
f 1768/1671/1780 1766/1664/1780 1974/1869/1780 1972/1867/1780
f 1975/1870/1781 1767/1668/1781 1769/1674/1781 1973/1868/1781
f 1982/1871/1782 1983/1872/1782 2002/1873/1782 2012/1874/1782
f 2003/1875/1783 1983/1876/1783 1982/1877/1783 2013/1878/1783
f 1981/1879/1784 1982/1871/1784 2012/1874/1784 2010/1880/1784
f 2013/1878/1785 1982/1877/1785 1981/1881/1785 2011/1882/1785
f 1980/1883/1786 1981/1879/1786 2010/1880/1786 2014/1884/1786
f 2011/1882/1787 1981/1881/1787 1980/1883/1787 2015/1885/1787
f 1763/1641/1788 1765/1644/1788 1980/1883/1788 2014/1884/1788
f 1980/1883/1789 1765/1644/1789 1764/1646/1789 2015/1885/1789
f 1761/1647/1790 1763/1641/1790 2014/1884/1790 2008/1886/1790
f 2015/1885/1791 1764/1646/1791 1762/1650/1791 2009/1887/1791
f 1759/1651/1792 1761/1647/1792 2008/1886/1792 2004/1888/1792
f 2009/1887/1793 1762/1650/1793 1760/1654/1793 2005/1889/1793
f 1757/1655/1794 1759/1651/1794 2004/1888/1794 2006/1890/1794
f 2005/1889/1795 1760/1654/1795 1758/1658/1795 2007/1891/1795
f 2004/1888/1796 2010/1880/1796 2012/1874/1796 2006/1890/1796
f 2013/1878/1797 2011/1882/1797 2005/1889/1797 2007/1891/1797
f 2004/1888/1798 2008/1886/1798 2014/1884/1798 2010/1880/1798
f 2015/1885/1799 2009/1887/1799 2005/1889/1799 2011/1882/1799
f 2000/1892/1800 2006/1890/1800 2012/1874/1800 2002/1873/1800
f 2013/1878/1801 2007/1891/1801 2001/1893/1801 2003/1875/1801
f 1755/1659/1802 1757/1655/1802 2006/1890/1802 2000/1892/1802
f 2007/1891/1803 1758/1658/1803 1756/1662/1803 2001/1893/1803
f 1883/1780/1804 2016/1894/1804 2018/1895/1804 1889/1782/1804
f 2019/1896/1805 2017/1897/1805 1884/1781/1805 1890/1783/1805
f 1755/1659/1806 2000/1892/1806 2016/1894/1806 1883/1780/1806
f 2017/1897/1807 2001/1893/1807 1756/1662/1807 1884/1781/1807
f 1753/1663/1808 1889/1782/1808 2018/1895/1808 2020/1898/1808
f 2019/1896/1809 1890/1783/1809 1754/1669/1809 2021/1899/1809
f 1753/1663/1810 2020/1898/1810 1974/1869/1810 1766/1664/1810
f 1975/1870/1811 2021/1899/1811 1754/1669/1811 1767/1668/1811
f 1751/1900/1812 1998/1901/1812 2026/1902/1812 1978/1903/1812
f 2027/1904/1813 1999/1905/1813 1751/1906/1813 1978/1907/1813
f 1978/1903/1814 2026/1902/1814 2024/1908/1814 1752/1909/1814
f 2025/1910/1815 2027/1904/1815 1978/1907/1815 1752/1911/1815
f 1752/1909/1816 2024/1908/1816 2022/1912/1816 1979/1913/1816
f 2023/1914/1817 2025/1910/1817 1752/1911/1817 1979/1915/1817
f 1979/1913/1818 2022/1912/1818 2002/1873/1818 1983/1872/1818
f 2003/1875/1819 2023/1914/1819 1979/1915/1819 1983/1876/1819
f 2000/1892/1820 2002/1873/1820 2022/1912/1820 2016/1894/1820
f 2023/1914/1821 2003/1875/1821 2001/1893/1821 2017/1897/1821
f 1970/1865/1822 1972/1867/1822 1992/1916/1822 1984/1917/1822
f 1993/1918/1823 1973/1868/1823 1971/1866/1823 1985/1919/1823
f 1750/1920/1824 1990/1921/1824 1998/1901/1824 1751/1900/1824
f 1999/1905/1825 1991/1922/1825 1750/1923/1825 1751/1906/1825
f 1976/1924/1826 2032/1925/1826 2030/1926/1826 1977/1927/1826
f 2031/1928/1827 2033/1929/1827 1976/1930/1827 1977/1931/1827
f 1977/1927/1828 2030/1926/1828 2028/1932/1828 1749/1933/1828
f 2029/1934/1829 2031/1928/1829 1977/1931/1829 1749/1935/1829
f 1749/1933/1830 2028/1932/1830 1990/1921/1830 1750/1920/1830
f 1991/1922/1831 2029/1934/1831 1749/1935/1831 1750/1923/1831
f 1966/1936/1832 1968/1863/1832 2036/1937/1832 2038/1938/1832
f 2037/1939/1833 1969/1864/1833 1967/1940/1833 2039/1941/1833
f 2038/1938/1834 2036/1937/1834 2042/1942/1834 2040/1943/1834
f 2043/1944/1835 2037/1939/1835 2039/1941/1835 2041/1945/1835
f 2040/1943/1836 2042/1942/1836 2044/1946/1836 2046/1947/1836
f 2045/1948/1837 2043/1944/1837 2041/1945/1837 2047/1949/1837
f 2046/1947/1838 2044/1946/1838 2050/1950/1838 2048/1951/1838
f 2051/1952/1839 2045/1948/1839 2047/1949/1839 2049/1953/1839
f 1988/1954/1840 2052/1955/1840 2048/1951/1840 2050/1950/1840
f 2049/1953/1841 2053/1956/1841 1989/1957/1841 2051/1952/1841
f 1990/1921/1842 2028/1932/1842 2048/1951/1842 2052/1955/1842
f 2049/1953/1843 2029/1934/1843 1991/1922/1843 2053/1956/1843
f 2028/1932/1844 2030/1926/1844 2046/1947/1844 2048/1951/1844
f 2047/1949/1845 2031/1928/1845 2029/1934/1845 2049/1953/1845
f 2030/1926/1846 2032/1925/1846 2040/1943/1846 2046/1947/1846
f 2041/1945/1847 2033/1929/1847 2031/1928/1847 2047/1949/1847
f 2032/1925/1848 2034/1958/1848 2038/1938/1848 2040/1943/1848
f 2039/1941/1849 2035/1959/1849 2033/1929/1849 2041/1945/1849
f 1964/1960/1850 1966/1936/1850 2038/1938/1850 2034/1958/1850
f 2039/1941/1851 1967/1940/1851 1965/1961/1851 2035/1959/1851
f 1748/1962/1852 2034/1958/1852 2032/1925/1852 1976/1924/1852
f 2033/1929/1853 2035/1959/1853 1748/1963/1853 1976/1930/1853
f 1958/1964/1854 1960/1965/1854 1962/1966/1854 1964/1960/1854
f 1963/1967/1855 1961/1968/1855 1959/1969/1855 1965/1961/1855
f 1958/1964/1856 1964/1960/1856 2034/1958/1856 1748/1962/1856
f 2035/1959/1857 1965/1961/1857 1959/1969/1857 1748/1963/1857
f 1747/1970/1858 1958/1964/1858 1748/1962/1858
f 1748/1963/1859 1959/1969/1859 1747/1971/1859
f 1968/1863/1860 1970/1865/1860 1984/1917/1860 2036/1937/1860
f 1985/1919/1861 1971/1866/1861 1969/1864/1861 2037/1939/1861
f 1984/1917/1862 1986/1972/1862 2042/1942/1862 2036/1937/1862
f 2043/1944/1863 1987/1973/1863 1985/1919/1863 2037/1939/1863
f 1986/1972/1864 2056/1974/1864 2044/1946/1864 2042/1942/1864
f 2045/1948/1865 2057/1975/1865 1987/1973/1865 2043/1944/1865
f 1988/1954/1866 2050/1950/1866 2044/1946/1866 2056/1974/1866
f 2045/1948/1867 2051/1952/1867 1989/1957/1867 2057/1975/1867
f 2022/1912/1868 2024/1908/1868 2060/1976/1868 2058/1977/1868
f 2061/1978/1869 2025/1910/1869 2023/1914/1869 2059/1979/1869
f 1992/1916/1870 2058/1977/1870 2060/1976/1870 1994/1980/1870
f 2061/1978/1871 2059/1979/1871 1993/1918/1871 1995/1981/1871
f 1972/1867/1872 1974/1869/1872 2058/1977/1872 1992/1916/1872
f 2059/1979/1873 1975/1870/1873 1973/1868/1873 1993/1918/1873
f 1974/1869/1874 2018/1895/1874 2016/1894/1874 2058/1977/1874
f 2017/1897/1875 2019/1896/1875 1975/1870/1875 2059/1979/1875
f 2016/1894/1876 2022/1912/1876 2058/1977/1876
f 2059/1979/1877 2023/1914/1877 2017/1897/1877
f 1974/1869/1878 2020/1898/1878 2018/1895/1878
f 2019/1896/1879 2021/1899/1879 1975/1870/1879
f 1988/1954/1880 1996/1982/1880 2054/1983/1880 2052/1955/1880
f 2055/1984/1881 1997/1985/1881 1989/1957/1881 2053/1956/1881
f 1990/1921/1882 2052/1955/1882 2054/1983/1882 1998/1901/1882
f 2055/1984/1883 2053/1956/1883 1991/1922/1883 1999/1905/1883
f 1994/1980/1884 2060/1976/1884 2054/1983/1884 1996/1982/1884
f 2055/1984/1885 2061/1978/1885 1995/1981/1885 1997/1985/1885
f 2024/1908/1886 2026/1902/1886 2054/1983/1886 2060/1976/1886
f 2055/1984/1887 2027/1904/1887 2025/1910/1887 2061/1978/1887
f 1998/1901/1888 2054/1983/1888 2026/1902/1888
f 2027/1904/1889 2055/1984/1889 1999/1905/1889
f 2074/1986/1890 2062/1987/1890 2088/1988/1890 2076/1989/1890
f 2089/1990/1891 2063/1991/1891 2075/1992/1891 2077/1993/1891
f 2074/1986/1892 2076/1989/1892 2078/1994/1892 2072/1995/1892
f 2079/1996/1893 2077/1993/1893 2075/1992/1893 2073/1997/1893
f 2072/1995/1894 2078/1994/1894 2080/1998/1894 2070/1999/1894
f 2081/2000/1895 2079/1996/1895 2073/1997/1895 2071/2001/1895
f 2070/1999/1896 2080/1998/1896 2082/2002/1896 2068/2003/1896
f 2083/2004/1897 2081/2000/1897 2071/2001/1897 2069/2005/1897
f 2068/2003/1898 2082/2002/1898 2084/2006/1898 2066/2007/1898
f 2085/2008/1899 2083/2004/1899 2069/2005/1899 2067/2009/1899
f 2066/2007/1900 2084/2006/1900 2086/2010/1900 2064/2011/1900
f 2087/2012/1901 2085/2008/1901 2067/2009/1901 2065/2013/1901
f 2084/2006/1902 2094/2014/1902 2092/2015/1902 2086/2010/1902
f 2093/2016/1903 2095/2017/1903 2085/2008/1903 2087/2012/1903
f 2082/2002/1904 2096/2018/1904 2094/2014/1904 2084/2006/1904
f 2095/2017/1905 2097/2019/1905 2083/2004/1905 2085/2008/1905
f 2080/1998/1906 2098/2020/1906 2096/2018/1906 2082/2002/1906
f 2097/2019/1907 2099/2021/1907 2081/2000/1907 2083/2004/1907
f 2078/1994/1908 2100/2022/1908 2098/2020/1908 2080/1998/1908
f 2099/2021/1909 2101/2023/1909 2079/1996/1909 2081/2000/1909
f 2076/1989/1910 2102/2024/1910 2100/2022/1910 2078/1994/1910
f 2101/2023/1911 2103/2025/1911 2077/1993/1911 2079/1996/1911
f 2076/1989/1912 2088/1988/1912 2090/2026/1912 2102/2024/1912
f 2091/2027/1913 2089/1990/1913 2077/1993/1913 2103/2025/1913
f 1992/1916/1914 1994/1980/1914 2118/2028/1914 2116/2029/1914
f 2119/2030/1915 1995/1981/1915 1993/1918/1915 2117/2031/1915
f 1994/2032/1916 2064/2011/1916 2086/2010/1916 2118/2033/1916
f 2087/2012/1917 2065/2013/1917 1995/2034/1917 2119/2035/1917
f 1984/1917/1918 1992/1916/1918 2116/2029/1918 1986/1972/1918
f 2117/2031/1919 1993/1918/1919 1985/1919/1919 1987/1973/1919
f 2056/2036/1920 2104/2037/1920 2088/1988/1920 2062/1987/1920
f 2089/1990/1921 2105/2038/1921 2057/2039/1921 2063/1991/1921
f 2086/2010/1922 2092/2015/1922 2114/2040/1922 2118/2033/1922
f 2115/2041/1923 2093/2016/1923 2087/2012/1923 2119/2035/1923
f 2112/2042/1924 2120/2043/1924 2118/2033/1924 2114/2040/1924
f 2119/2035/1925 2121/2044/1925 2113/2045/1925 2115/2041/1925
f 2108/2046/1926 2120/2043/1926 2112/2042/1926 2110/2047/1926
f 2113/2045/1927 2121/2044/1927 2109/2048/1927 2111/2049/1927
f 2106/2050/1928 2122/2051/1928 2120/2043/1928 2108/2046/1928
f 2121/2044/1929 2123/2052/1929 2107/2053/1929 2109/2048/1929
f 2104/2037/1930 2122/2051/1930 2106/2050/1930 2124/2054/1930
f 2107/2053/1931 2123/2052/1931 2105/2038/1931 2125/2055/1931
f 2088/1988/1932 2104/2037/1932 2124/2054/1932 2090/2026/1932
f 2125/2055/1933 2105/2038/1933 2089/1990/1933 2091/2027/1933
f 1986/1972/1934 2122/2056/1934 2104/2057/1934 2056/1974/1934
f 2105/2058/1935 2123/2059/1935 1987/1973/1935 2057/1975/1935
f 1986/1972/1936 2116/2029/1936 2120/2060/1936 2122/2056/1936
f 2121/2061/1937 2117/2031/1937 1987/1973/1937 2123/2059/1937
f 2116/2029/1938 2118/2028/1938 2120/2060/1938
f 2121/2061/1939 2119/2030/1939 2117/2031/1939
f 2090/2026/1940 2124/2054/1940 2126/2062/1940 2150/2063/1940
f 2127/2064/1941 2125/2055/1941 2091/2027/1941 2151/2065/1941
f 2124/2054/1942 2106/2050/1942 2136/2066/1942 2126/2062/1942
f 2137/2067/1943 2107/2053/1943 2125/2055/1943 2127/2064/1943
f 2106/2050/1944 2108/2046/1944 2134/2068/1944 2136/2066/1944
f 2135/2069/1945 2109/2048/1945 2107/2053/1945 2137/2067/1945
f 2108/2046/1946 2110/2047/1946 2132/2070/1946 2134/2068/1946
f 2133/2071/1947 2111/2049/1947 2109/2048/1947 2135/2069/1947
f 2110/2047/1948 2112/2042/1948 2130/2072/1948 2132/2070/1948
f 2131/2073/1949 2113/2045/1949 2111/2049/1949 2133/2071/1949
f 2112/2042/1950 2114/2040/1950 2128/2074/1950 2130/2072/1950
f 2129/2075/1951 2115/2041/1951 2113/2045/1951 2131/2073/1951
f 2114/2040/1952 2092/2015/1952 2148/2076/1952 2128/2074/1952
f 2149/2077/1953 2093/2016/1953 2115/2041/1953 2129/2075/1953
f 2102/2024/1954 2090/2026/1954 2150/2063/1954 2138/2078/1954
f 2151/2065/1955 2091/2027/1955 2103/2025/1955 2139/2079/1955
f 2100/2022/1956 2102/2024/1956 2138/2078/1956 2140/2080/1956
f 2139/2079/1957 2103/2025/1957 2101/2023/1957 2141/2081/1957
f 2098/2020/1958 2100/2022/1958 2140/2080/1958 2142/2082/1958
f 2141/2081/1959 2101/2023/1959 2099/2021/1959 2143/2083/1959
f 2096/2018/1960 2098/2020/1960 2142/2082/1960 2144/2084/1960
f 2143/2083/1961 2099/2021/1961 2097/2019/1961 2145/2085/1961
f 2094/2014/1962 2096/2018/1962 2144/2084/1962 2146/2086/1962
f 2145/2085/1963 2097/2019/1963 2095/2017/1963 2147/2087/1963
f 2092/2015/1964 2094/2014/1964 2146/2086/1964 2148/2076/1964
f 2147/2087/1965 2095/2017/1965 2093/2016/1965 2149/2077/1965
f 2132/2070/1966 2130/2072/1966 2154/2088/1966 2152/2089/1966
f 2155/2090/1967 2131/2073/1967 2133/2071/1967 2153/2091/1967
f 2152/2089/1968 2154/2088/1968 2156/2092/1968 2158/2093/1968
f 2157/2094/1969 2155/2090/1969 2153/2091/1969 2159/2095/1969
f 2158/2093/1970 2156/2092/1970 2162/2096/1970 2160/2097/1970
f 2163/2098/1971 2157/2094/1971 2159/2095/1971 2161/2099/1971
f 2160/2097/1972 2162/2096/1972 2164/2100/1972 2166/2101/1972
f 2165/2102/1973 2163/2098/1973 2161/2099/1973 2167/2103/1973
f 2138/2078/1974 2150/2063/1974 2160/2097/1974 2166/2101/1974
f 2161/2099/1975 2151/2065/1975 2139/2079/1975 2167/2103/1975
f 2126/2062/1976 2158/2093/1976 2160/2097/1976 2150/2063/1976
f 2161/2099/1977 2159/2095/1977 2127/2064/1977 2151/2065/1977
f 2126/2062/1978 2136/2066/1978 2152/2089/1978 2158/2093/1978
f 2153/2091/1979 2137/2067/1979 2127/2064/1979 2159/2095/1979
f 2132/2070/1980 2152/2089/1980 2136/2066/1980 2134/2068/1980
f 2137/2067/1981 2153/2091/1981 2133/2071/1981 2135/2069/1981
f 2128/2074/1982 2148/2076/1982 2154/2088/1982 2130/2072/1982
f 2155/2090/1983 2149/2077/1983 2129/2075/1983 2131/2073/1983
f 2146/2086/1984 2156/2092/1984 2154/2088/1984 2148/2076/1984
f 2155/2090/1985 2157/2094/1985 2147/2087/1985 2149/2077/1985
f 2144/2084/1986 2162/2096/1986 2156/2092/1986 2146/2086/1986
f 2157/2094/1987 2163/2098/1987 2145/2085/1987 2147/2087/1987
f 2142/2082/1988 2164/2100/1988 2162/2096/1988 2144/2084/1988
f 2163/2098/1989 2165/2102/1989 2143/2083/1989 2145/2085/1989
f 2140/2080/1990 2166/2101/1990 2164/2100/1990 2142/2082/1990
f 2165/2102/1991 2167/2103/1991 2141/2081/1991 2143/2083/1991
f 2138/2078/1992 2166/2101/1992 2140/2080/1992
f 2141/2081/1993 2167/2103/1993 2139/2079/1993
f 2066/2007/1994 2064/2011/1994 2178/2104/1994 2176/2105/1994
f 2179/2106/1995 2065/2013/1995 2067/2009/1995 2177/2107/1995
f 2068/2003/1996 2066/2007/1996 2176/2105/1996 2174/2108/1996
f 2177/2107/1997 2067/2009/1997 2069/2005/1997 2175/2109/1997
f 2070/1999/1998 2068/2003/1998 2174/2108/1998 2172/2110/1998
f 2175/2109/1999 2069/2005/1999 2071/2001/1999 2173/2111/1999
f 2072/2112/2000 2070/1999/2000 2172/2110/2000 2170/2113/2000
f 2173/2111/2001 2071/2001/2001 2073/2114/2001 2171/2115/2001
f 2074/2116/2002 2072/2112/2002 2170/2113/2002 2168/2117/2002
f 2171/2115/2003 2073/2114/2003 2075/2118/2003 2169/2119/2003
f 2062/2120/2004 2074/2116/2004 2168/2117/2004 2180/2121/2004
f 2169/2119/2005 2075/2118/2005 2063/2122/2005 2181/2123/2005
f 2168/2117/2006 2176/2105/2006 2178/2104/2006 2180/2121/2006
f 2179/2106/2007 2177/2107/2007 2169/2119/2007 2181/2123/2007
f 2168/2117/2008 2170/2113/2008 2174/2108/2008 2176/2105/2008
f 2175/2109/2009 2171/2115/2009 2169/2119/2009 2177/2107/2009
f 2170/2113/2010 2172/2110/2010 2174/2108/2010
f 2175/2109/2011 2173/2111/2011 2171/2115/2011
f 1988/1954/2012 2056/1974/2012 2062/2124/2012 2180/2125/2012
f 2063/2122/2013 2057/2126/2013 1989/2127/2013 2181/2123/2013
f 1988/2128/2014 2180/2121/2014 2178/2104/2014 1996/2129/2014
f 2179/2106/2015 2181/2123/2015 1989/2127/2015 1997/2130/2015
f 1994/2032/2016 1996/2129/2016 2178/2104/2016 2064/2011/2016
f 2179/2106/2017 1997/2130/2017 1995/2034/2017 2065/2013/2017
